#
# There is insufficient memory for the Java Runtime Environment to continue.
# Native memory allocation (malloc) failed to allocate 32744 bytes. Error detail: Chunk::new
# Possible reasons:
#   The system is out of physical RAM or swap space
#   This process is running with CompressedOops enabled, and the Java Heap may be blocking the growth of the native heap
# Possible solutions:
#   Reduce memory load on the system
#   Increase physical memory or swap space
#   Check if swap backing store is full
#   Decrease Java heap size (-Xmx/-Xms)
#   Decrease number of Java threads
#   Decrease Java thread stack sizes (-Xss)
#   Set larger code cache with -XX:ReservedCodeCacheSize=
#   JVM is running with Zero Based Compressed Oops mode in which the Java heap is
#     placed in the first 32GB address space. The Java Heap base address is the
#     maximum limit for the native heap growth. Please use -XX:HeapBaseMinAddress
#     to set the Java Heap base and to place the Java Heap above 32GB virtual address.
# This output file may be truncated or incomplete.
#
#  Out of Memory Error (arena.cpp:168), pid=5664, tid=13200
#
# JRE version: OpenJDK Runtime Environment (21.0.10) (build 21.0.10+-14961533-b1163.108)
# Java VM: OpenJDK 64-Bit Server VM (21.0.10+-14961533-b1163.108, mixed mode, tiered, compressed oops, compressed class ptrs, g1 gc, windows-amd64)
# No core dump will be written. Minidumps are not enabled by default on client versions of Windows
#

---------------  S U M M A R Y ------------

Command Line: --add-opens=java.base/java.lang=ALL-UNNAMED --add-opens=java.base/java.lang.invoke=ALL-UNNAMED --add-opens=java.base/java.util=ALL-UNNAMED --add-opens=java.prefs/java.util.prefs=ALL-UNNAMED --add-exports=jdk.compiler/com.sun.tools.javac.api=ALL-UNNAMED --add-exports=jdk.compiler/com.sun.tools.javac.util=ALL-UNNAMED --add-opens=java.base/java.util=ALL-UNNAMED --add-opens=java.prefs/java.util.prefs=ALL-UNNAMED --add-opens=java.base/java.nio.charset=ALL-UNNAMED --add-opens=java.base/java.net=ALL-UNNAMED --add-opens=java.base/java.util.concurrent=ALL-UNNAMED --add-opens=java.base/java.util.concurrent.atomic=ALL-UNNAMED --add-opens=java.xml/javax.xml.namespace=ALL-UNNAMED --add-opens=java.base/java.time=ALL-UNNAMED -XX:MaxMetaspaceSize=1024m -Xmx4096m -Dfile.encoding=UTF-8 -Duser.country=US -Duser.language=en -Duser.variant -javaagent:C:\Users\Hazem\.gradle\wrapper\dists\gradle-9.4.1-bin\arn2x92ynaizyzdaamcbpbhtj\gradle-9.4.1\lib\agents\gradle-instrumentation-agent-9.4.1.jar org.gradle.launcher.daemon.bootstrap.GradleDaemon 9.4.1

Host: 12th Gen Intel(R) Core(TM) i5-12450H, 12 cores, 15G,  Windows 11 , 64 bit Build 26100 (10.0.26100.7653)
Time: Sat Jul  4 06:21:21 2026 Egypt Daylight Time elapsed time: 21.504671 seconds (0d 0h 0m 21s)

---------------  T H R E A D  ---------------

Current thread (0x0000028eefbfc240):  JavaThread "C1 CompilerThread0" daemon [_thread_in_native, id=13200, stack(0x000000b875200000,0x000000b875300000) (1024K)]


Current CompileTask:
C1:21504 32726   !   3       com.google.devtools.ksp.impl.symbol.kotlin.AbstractKSDeclarationImpl$parent$2::invoke (294 bytes)

Stack: [0x000000b875200000,0x000000b875300000]
Native frames: (J=compiled Java code, j=interpreted, Vv=VM code, C=native code)
V  [jvm.dll+0x6d78a9]
V  [jvm.dll+0x8665b3]
V  [jvm.dll+0x868bde]
V  [jvm.dll+0x8692c3]
V  [jvm.dll+0x280ee6]
V  [jvm.dll+0xc07cd]
V  [jvm.dll+0xc0d03]
V  [jvm.dll+0x19a45f]
V  [jvm.dll+0x19912e]
V  [jvm.dll+0x151843]
V  [jvm.dll+0x151156]
V  [jvm.dll+0x151371]
V  [jvm.dll+0x1506ff]
V  [jvm.dll+0x1524c1]
V  [jvm.dll+0x25891e]
V  [jvm.dll+0x256e66]
V  [jvm.dll+0x3f513e]
V  [jvm.dll+0x80fd28]
V  [jvm.dll+0x6d60fd]
C  [ucrtbase.dll+0x37b0]
C  [KERNEL32.DLL+0x2e8d7]
C  [ntdll.dll+0x8c40c]


---------------  P R O C E S S  ---------------

Threads class SMR info:
_java_thread_list=0x0000028ef962f730, length=106, elements={
0x0000028ed3316c70, 0x0000028eefbc4ae0, 0x0000028eefbcdcd0, 0x0000028eefbcf500,
0x0000028eefbf5d80, 0x0000028eefbf63f0, 0x0000028eefbf6e50, 0x0000028eefbf8050,
0x0000028eefbf8de0, 0x0000028eefbfc240, 0x0000028eeff02020, 0x0000028eefcaf410,
0x0000028ef62cf6f0, 0x0000028ef62cc270, 0x0000028ef62cc900, 0x0000028ef62ce340,
0x0000028ef62cd620, 0x0000028ef62cdcb0, 0x0000028ef62ce9d0, 0x0000028ef62ccf90,
0x0000028ef651f950, 0x0000028ef651ffe0, 0x0000028ef651df10, 0x0000028ef651cb60,
0x0000028ef6520670, 0x0000028ef651f2c0, 0x0000028ef6520d00, 0x0000028ef6521a20,
0x0000028ef651e5a0, 0x0000028ef6523af0, 0x0000028ef6522dd0, 0x0000028ef6522740,
0x0000028ef9cff8d0, 0x0000028ef9d033e0, 0x0000028ef9d00c80, 0x0000028ef9d026c0,
0x0000028ef9d04100, 0x0000028ef9d03a70, 0x0000028ef9d04790, 0x0000028ef9d01310,
0x0000028ef9d04e20, 0x0000028ef9d02030, 0x0000028ef9d019a0, 0x0000028ef9d05b40,
0x0000028ef9d061d0, 0x0000028ef9d054b0, 0x0000028ef9aafc10, 0x0000028ef9ab2a00,
0x0000028ef9aaf580, 0x0000028ef9ab0fc0, 0x0000028ef9ab1650, 0x0000028ef9ab1ce0,
0x0000028ef97993d0, 0x0000028ef9798020, 0x0000028ef979b4a0, 0x0000028ef979bb30,
0x0000028ef9798d40, 0x0000028ef97986b0, 0x0000028ef979c1c0, 0x0000028ef979c850,
0x0000028ef979ae10, 0x0000028ef9799a60, 0x0000028ef9a67130, 0x0000028efc0b01c0,
0x0000028efc0b0ee0, 0x0000028ef6521390, 0x0000028ef9389710, 0x0000028ef9389080,
0x0000028ef938cb90, 0x0000028ef938e5d0, 0x0000028ef938ec60, 0x0000028efc0ada60,
0x0000028efc0ae780, 0x0000028ef938d8b0, 0x0000028ef938f980, 0x0000028efc0aa5e0,
0x0000028efc0afb30, 0x0000028efc0b0850, 0x0000028ef979e290, 0x0000028ef9d06860,
0x0000028ef44b00a0, 0x0000028ef44aecf0, 0x0000028ef44af380, 0x0000028ef44afa10,
0x0000028ef44b0730, 0x0000028ef44b0dc0, 0x0000028ef44b1450, 0x0000028ef44adfd0,
0x0000028ef44b1ae0, 0x0000028ef44ae660, 0x0000028ef44b2170, 0x0000028ef841cc90,
0x0000028ef841d320, 0x0000028ef841f3f0, 0x0000028ef8420e30, 0x0000028ef84207a0,
0x0000028ef841fa80, 0x0000028ef8422870, 0x0000028ef8422f00, 0x0000028ef8423590,
0x0000028ef8420110, 0x0000028ef8423c20, 0x0000028ef841e040, 0x0000028ef8424940,
0x0000028ef70c1a90, 0x0000028ef70c2120
}

Java Threads: ( => current thread )
  0x0000028ed3316c70 JavaThread "main"                              [_thread_blocked, id=14544, stack(0x000000b874200000,0x000000b874300000) (1024K)]
  0x0000028eefbc4ae0 JavaThread "Common-Cleaner"             daemon [_thread_blocked, id=29532, stack(0x000000b874a00000,0x000000b874b00000) (1024K)]
  0x0000028eefbcdcd0 JavaThread "Reference Handler"          daemon [_thread_blocked, id=24616, stack(0x000000b874b00000,0x000000b874c00000) (1024K)]
  0x0000028eefbcf500 JavaThread "Finalizer"                  daemon [_thread_blocked, id=26736, stack(0x000000b874c00000,0x000000b874d00000) (1024K)]
  0x0000028eefbf5d80 JavaThread "Signal Dispatcher"          daemon [_thread_blocked, id=17328, stack(0x000000b874d00000,0x000000b874e00000) (1024K)]
  0x0000028eefbf63f0 JavaThread "Attach Listener"            daemon [_thread_blocked, id=14868, stack(0x000000b874e00000,0x000000b874f00000) (1024K)]
  0x0000028eefbf6e50 JavaThread "Service Thread"             daemon [_thread_blocked, id=22300, stack(0x000000b874f00000,0x000000b875000000) (1024K)]
  0x0000028eefbf8050 JavaThread "Monitor Deflation Thread"   daemon [_thread_blocked, id=26144, stack(0x000000b875000000,0x000000b875100000) (1024K)]
  0x0000028eefbf8de0 JavaThread "C2 CompilerThread0"         daemon [_thread_in_native, id=14796, stack(0x000000b875100000,0x000000b875200000) (1024K)]
=>0x0000028eefbfc240 JavaThread "C1 CompilerThread0"         daemon [_thread_in_native, id=13200, stack(0x000000b875200000,0x000000b875300000) (1024K)]
  0x0000028eeff02020 JavaThread "Notification Thread"        daemon [_thread_blocked, id=27408, stack(0x000000b875300000,0x000000b875400000) (1024K)]
  0x0000028eefcaf410 JavaThread "C2 CompilerThread1"         daemon [_thread_in_native, id=10204, stack(0x000000b875400000,0x000000b875500000) (1024K)]
  0x0000028ef62cf6f0 JavaThread "Daemon health stats"               [_thread_blocked, id=25824, stack(0x000000b875b00000,0x000000b875c00000) (1024K)]
  0x0000028ef62cc270 JavaThread "Incoming local TCP Connector on port 54391"        [_thread_in_native, id=29640, stack(0x000000b875c00000,0x000000b875d00000) (1024K)]
  0x0000028ef62cc900 JavaThread "Daemon periodic checks"            [_thread_blocked, id=27628, stack(0x000000b875d00000,0x000000b875e00000) (1024K)]
  0x0000028ef62ce340 JavaThread "Daemon"                            [_thread_blocked, id=28160, stack(0x000000b875e00000,0x000000b875f00000) (1024K)]
  0x0000028ef62cd620 JavaThread "Handler for socket connection from /127.0.0.1:54391 to /127.0.0.1:54392"        [_thread_in_native, id=22772, stack(0x000000b875f00000,0x000000b876000000) (1024K)]
  0x0000028ef62cdcb0 JavaThread "Cancel handler"                    [_thread_blocked, id=24420, stack(0x000000b876000000,0x000000b876100000) (1024K)]
  0x0000028ef62ce9d0 JavaThread "Daemon worker"                     [_thread_blocked, id=21432, stack(0x000000b876700000,0x000000b876800000) (1024K)]
  0x0000028ef62ccf90 JavaThread "Asynchronous log dispatcher for DefaultDaemonConnection: socket connection from /127.0.0.1:54391 to /127.0.0.1:54392"        [_thread_blocked, id=29004, stack(0x000000b876800000,0x000000b876900000) (1024K)]
  0x0000028ef651f950 JavaThread "Stdin handler"                     [_thread_blocked, id=21152, stack(0x000000b876900000,0x000000b876a00000) (1024K)]
  0x0000028ef651ffe0 JavaThread "Daemon client event forwarder"        [_thread_blocked, id=9668, stack(0x000000b876a00000,0x000000b876b00000) (1024K)]
  0x0000028ef651df10 JavaThread "Cache worker for journal cache (C:\Users\Hazem\.gradle\caches\journal-1)"        [_thread_blocked, id=13048, stack(0x000000b876b00000,0x000000b876c00000) (1024K)]
  0x0000028ef651cb60 JavaThread "File lock request listener"        [_thread_in_native, id=5880, stack(0x000000b876c00000,0x000000b876d00000) (1024K)]
  0x0000028ef6520670 JavaThread "Cache worker for file hash cache (C:\Users\Hazem\.gradle\caches\9.4.1\fileHashes)"        [_thread_blocked, id=28608, stack(0x000000b876d00000,0x000000b876e00000) (1024K)]
  0x0000028ef651f2c0 JavaThread "Cache worker for file hash cache (D:\iti\Dukkan\.gradle\9.4.1\fileHashes)"        [_thread_blocked, id=24184, stack(0x000000b876e00000,0x000000b876f00000) (1024K)]
  0x0000028ef6520d00 JavaThread "Cache worker for checksums cache (D:\iti\Dukkan\.gradle\9.4.1\checksums)"        [_thread_blocked, id=7316, stack(0x000000b876f00000,0x000000b877000000) (1024K)]
  0x0000028ef6521a20 JavaThread "Cache worker for Build Output Cleanup Cache (D:\iti\Dukkan\.gradle\buildOutputCleanup)"        [_thread_blocked, id=14164, stack(0x000000b877000000,0x000000b877100000) (1024K)]
  0x0000028ef651e5a0 JavaThread "Cache worker for file content cache (C:\Users\Hazem\.gradle\caches\9.4.1\fileContent)"        [_thread_blocked, id=18572, stack(0x000000b877100000,0x000000b877200000) (1024K)]
  0x0000028ef6523af0 JavaThread "File watcher server"        daemon [_thread_in_native, id=26040, stack(0x000000b877200000,0x000000b877300000) (1024K)]
  0x0000028ef6522dd0 JavaThread "File watcher consumer"      daemon [_thread_blocked, id=6392, stack(0x000000b877300000,0x000000b877400000) (1024K)]
  0x0000028ef6522740 JavaThread "Cache worker for cache directory md-supplier (C:\Users\Hazem\.gradle\caches\9.4.1\md-supplier)"        [_thread_blocked, id=27024, stack(0x000000b877400000,0x000000b877500000) (1024K)]
  0x0000028ef9cff8d0 JavaThread "Cache worker for cache directory md-rule (C:\Users\Hazem\.gradle\caches\9.4.1\md-rule)"        [_thread_blocked, id=14400, stack(0x000000b877500000,0x000000b877600000) (1024K)]
  0x0000028ef9d033e0 JavaThread "build event listener"              [_thread_blocked, id=16884, stack(0x000000b877700000,0x000000b877800000) (1024K)]
  0x0000028ef9d00c80 JavaThread "build event listener"              [_thread_blocked, id=29648, stack(0x000000b877800000,0x000000b877900000) (1024K)]
  0x0000028ef9d026c0 JavaThread "Build operations"                  [_thread_blocked, id=22764, stack(0x000000b877900000,0x000000b877a00000) (1024K)]
  0x0000028ef9d04100 JavaThread "Build operations Thread 2"         [_thread_blocked, id=20608, stack(0x000000b877a00000,0x000000b877b00000) (1024K)]
  0x0000028ef9d03a70 JavaThread "Build operations Thread 3"         [_thread_blocked, id=25676, stack(0x000000b877b00000,0x000000b877c00000) (1024K)]
  0x0000028ef9d04790 JavaThread "Build operations Thread 4"         [_thread_blocked, id=28852, stack(0x000000b877c00000,0x000000b877d00000) (1024K)]
  0x0000028ef9d01310 JavaThread "Build operations Thread 5"         [_thread_blocked, id=25204, stack(0x000000b877d00000,0x000000b877e00000) (1024K)]
  0x0000028ef9d04e20 JavaThread "Build operations Thread 6"         [_thread_blocked, id=11932, stack(0x000000b877e00000,0x000000b877f00000) (1024K)]
  0x0000028ef9d02030 JavaThread "Build operations Thread 7"         [_thread_blocked, id=16648, stack(0x000000b877f00000,0x000000b878000000) (1024K)]
  0x0000028ef9d019a0 JavaThread "Build operations Thread 8"         [_thread_blocked, id=4204, stack(0x000000b878000000,0x000000b878100000) (1024K)]
  0x0000028ef9d05b40 JavaThread "Build operations Thread 9"         [_thread_blocked, id=15632, stack(0x000000b878100000,0x000000b878200000) (1024K)]
  0x0000028ef9d061d0 JavaThread "Build operations Thread 10"        [_thread_blocked, id=7552, stack(0x000000b878200000,0x000000b878300000) (1024K)]
  0x0000028ef9d054b0 JavaThread "Build operations Thread 11"        [_thread_blocked, id=29240, stack(0x000000b878300000,0x000000b878400000) (1024K)]
  0x0000028ef9aafc10 JavaThread "Memory manager"                    [_thread_blocked, id=4176, stack(0x000000b877600000,0x000000b877700000) (1024K)]
  0x0000028ef9ab2a00 JavaThread "included builds"                   [_thread_blocked, id=27736, stack(0x000000b878400000,0x000000b878500000) (1024K)]
  0x0000028ef9aaf580 JavaThread "Execution worker"                  [_thread_blocked, id=1828, stack(0x000000b878500000,0x000000b878600000) (1024K)]
  0x0000028ef9ab0fc0 JavaThread "Execution worker Thread 2"         [_thread_blocked, id=11260, stack(0x000000b878600000,0x000000b878700000) (1024K)]
  0x0000028ef9ab1650 JavaThread "Execution worker Thread 3"         [_thread_blocked, id=27064, stack(0x000000b878700000,0x000000b878800000) (1024K)]
  0x0000028ef9ab1ce0 JavaThread "Execution worker Thread 4"         [_thread_blocked, id=28108, stack(0x000000b878800000,0x000000b878900000) (1024K)]
  0x0000028ef97993d0 JavaThread "Execution worker Thread 5"         [_thread_blocked, id=25972, stack(0x000000b878900000,0x000000b878a00000) (1024K)]
  0x0000028ef9798020 JavaThread "Execution worker Thread 6"         [_thread_blocked, id=12892, stack(0x000000b878a00000,0x000000b878b00000) (1024K)]
  0x0000028ef979b4a0 JavaThread "Execution worker Thread 7"         [_thread_blocked, id=11860, stack(0x000000b878b00000,0x000000b878c00000) (1024K)]
  0x0000028ef979bb30 JavaThread "Execution worker Thread 8"         [_thread_blocked, id=24036, stack(0x000000b878c00000,0x000000b878d00000) (1024K)]
  0x0000028ef9798d40 JavaThread "Execution worker Thread 9"         [_thread_blocked, id=5780, stack(0x000000b878d00000,0x000000b878e00000) (1024K)]
  0x0000028ef97986b0 JavaThread "Execution worker Thread 10"        [_thread_blocked, id=18688, stack(0x000000b878e00000,0x000000b878f00000) (1024K)]
  0x0000028ef979c1c0 JavaThread "Execution worker Thread 11"        [_thread_blocked, id=15556, stack(0x000000b878f00000,0x000000b879000000) (1024K)]
  0x0000028ef979c850 JavaThread "Cache worker for execution history cache (D:\iti\Dukkan\.gradle\9.4.1\executionHistory)"        [_thread_blocked, id=18056, stack(0x000000b879000000,0x000000b879100000) (1024K)]
  0x0000028ef979ae10 JavaThread "Build operations Thread 12"        [_thread_blocked, id=20640, stack(0x000000b879100000,0x000000b879200000) (1024K)]
  0x0000028ef9799a60 JavaThread "WorkerExecutor Queue"              [_thread_in_Java, id=23932, stack(0x000000b879200000,0x000000b879300000) (1024K)]
  0x0000028ef9a67130 JavaThread "C2 CompilerThread2"         daemon [_thread_in_native, id=28584, stack(0x000000b875500000,0x000000b875600000) (1024K)]
  0x0000028efc0b01c0 JavaThread "RMI Scheduler(0)"           daemon [_thread_blocked, id=16072, stack(0x000000b879300000,0x000000b879400000) (1024K)]
  0x0000028efc0b0ee0 JavaThread "RMI GC Daemon"              daemon [_thread_blocked, id=3384, stack(0x000000b879500000,0x000000b879600000) (1024K)]
  0x0000028ef6521390 JavaThread "RMI TCP Accept-0"           daemon [_thread_in_native, id=22272, stack(0x000000b879600000,0x000000b879700000) (1024K)]
  0x0000028ef9389710 JavaThread "RMI Reaper"                        [_thread_blocked, id=26924, stack(0x000000b879700000,0x000000b879800000) (1024K)]
  0x0000028ef9389080 JavaThread "RMI TCP Connection(1)-127.0.0.1" daemon [_thread_in_native, id=19516, stack(0x000000b879800000,0x000000b879900000) (1024K)]
  0x0000028ef938cb90 JavaThread "WorkerExecutor Queue Thread 2"        [_thread_in_vm, id=12884, stack(0x000000b879900000,0x000000b879a00000) (1024K)]
  0x0000028ef938e5d0 JavaThread "WorkerExecutor Queue Thread 3"        [_thread_in_Java, id=18348, stack(0x000000b879a00000,0x000000b879b00000) (1024K)]
  0x0000028ef938ec60 JavaThread "WorkerExecutor Queue Thread 4"        [_thread_in_vm, id=13268, stack(0x000000b879b00000,0x000000b879c00000) (1024K)]
  0x0000028efc0ada60 JavaThread "WorkerExecutor Queue Thread 5"        [_thread_blocked, id=26908, stack(0x000000b879c00000,0x000000b879d00000) (1024K)]
  0x0000028efc0ae780 JavaThread "WorkerExecutor Queue Thread 6"        [_thread_in_vm, id=22812, stack(0x000000b879d00000,0x000000b879e00000) (1024K)]
  0x0000028ef938d8b0 JavaThread "WorkerExecutor Queue Thread 7"        [_thread_in_Java, id=10148, stack(0x000000b879e00000,0x000000b879f00000) (1024K)]
  0x0000028ef938f980 JavaThread "WorkerExecutor Queue Thread 8"        [_thread_blocked, id=25980, stack(0x000000b879f00000,0x000000b87a000000) (1024K)]
  0x0000028efc0aa5e0 JavaThread "WorkerExecutor Queue Thread 9"        [_thread_blocked, id=16044, stack(0x000000b87a000000,0x000000b87a100000) (1024K)]
  0x0000028efc0afb30 JavaThread "WorkerExecutor Queue Thread 10"        [_thread_in_Java, id=1972, stack(0x000000b87a100000,0x000000b87a200000) (1024K)]
  0x0000028efc0b0850 JavaThread "WorkerExecutor Queue Thread 11"        [_thread_in_vm, id=19036, stack(0x000000b87a200000,0x000000b87a300000) (1024K)] _threads_hazard_ptr=0x0000028ef962f730
  0x0000028ef979e290 JavaThread "WorkerExecutor Queue Thread 12"        [_thread_blocked, id=23404, stack(0x000000b87a300000,0x000000b87a400000) (1024K)]
  0x0000028ef9d06860 JavaThread "ForkJoinPool-1-worker-1"    daemon [_thread_blocked, id=13816, stack(0x000000b87a400000,0x000000b87a500000) (1024K)]
  0x0000028ef44b00a0 JavaThread "ForkJoinPool-1-worker-2"    daemon [_thread_blocked, id=22708, stack(0x000000b87a500000,0x000000b87a600000) (1024K)]
  0x0000028ef44aecf0 JavaThread "ForkJoinPool-1-worker-3"    daemon [_thread_blocked, id=29168, stack(0x000000b87a600000,0x000000b87a700000) (1024K)]
  0x0000028ef44af380 JavaThread "ForkJoinPool-1-worker-4"    daemon [_thread_blocked, id=23104, stack(0x000000b87a700000,0x000000b87a800000) (1024K)]
  0x0000028ef44afa10 JavaThread "ForkJoinPool-1-worker-5"    daemon [_thread_blocked, id=28228, stack(0x000000b87a800000,0x000000b87a900000) (1024K)]
  0x0000028ef44b0730 JavaThread "ForkJoinPool-1-worker-6"    daemon [_thread_blocked, id=24256, stack(0x000000b87a900000,0x000000b87aa00000) (1024K)]
  0x0000028ef44b0dc0 JavaThread "ForkJoinPool-1-worker-7"    daemon [_thread_blocked, id=25632, stack(0x000000b87aa00000,0x000000b87ab00000) (1024K)]
  0x0000028ef44b1450 JavaThread "ForkJoinPool-1-worker-8"    daemon [_thread_blocked, id=27792, stack(0x000000b87ab00000,0x000000b87ac00000) (1024K)]
  0x0000028ef44adfd0 JavaThread "ForkJoinPool-1-worker-9"    daemon [_thread_blocked, id=16416, stack(0x000000b87ac00000,0x000000b87ad00000) (1024K)]
  0x0000028ef44b1ae0 JavaThread "ForkJoinPool-1-worker-10"   daemon [_thread_blocked, id=13220, stack(0x000000b87ad00000,0x000000b87ae00000) (1024K)]
  0x0000028ef44ae660 JavaThread "ForkJoinPool-1-worker-11"   daemon [_thread_blocked, id=4416, stack(0x000000b87ae00000,0x000000b87af00000) (1024K)]
  0x0000028ef44b2170 JavaThread "ForkJoinPool-1-worker-12"   daemon [_thread_blocked, id=25508, stack(0x000000b87af00000,0x000000b87b000000) (1024K)]
  0x0000028ef841cc90 JavaThread "Periodic tasks thread"      daemon [_thread_blocked, id=18712, stack(0x000000b879400000,0x000000b879500000) (1024K)]
  0x0000028ef841d320 JavaThread "ApplicationImpl pooled thread 1" daemon [_thread_blocked, id=5228, stack(0x000000b87b000000,0x000000b87b100000) (1024K)]
  0x0000028ef841f3f0 JavaThread "ForkJoinPool.commonPool-worker-1" daemon [_thread_blocked, id=25916, stack(0x000000b87b100000,0x000000b87b200000) (1024K)]
  0x0000028ef8420e30 JavaThread "ForkJoinPool.commonPool-worker-5" daemon [_thread_blocked, id=29596, stack(0x000000b87b200000,0x000000b87b300000) (1024K)]
  0x0000028ef84207a0 JavaThread "ForkJoinPool.commonPool-worker-7" daemon [_thread_blocked, id=9508, stack(0x000000b87b300000,0x000000b87b400000) (1024K)]
  0x0000028ef841fa80 JavaThread "ForkJoinPool.commonPool-worker-4" daemon [_thread_blocked, id=9372, stack(0x000000b87b400000,0x000000b87b500000) (1024K)]
  0x0000028ef8422870 JavaThread "ForkJoinPool.commonPool-worker-6" daemon [_thread_blocked, id=21756, stack(0x000000b87b500000,0x000000b87b600000) (1024K)]
  0x0000028ef8422f00 JavaThread "ForkJoinPool.commonPool-worker-2" daemon [_thread_blocked, id=9268, stack(0x000000b87b600000,0x000000b87b700000) (1024K)]
  0x0000028ef8423590 JavaThread "ForkJoinPool.commonPool-worker-3" daemon [_thread_blocked, id=17088, stack(0x000000b87b700000,0x000000b87b800000) (1024K)]
  0x0000028ef8420110 JavaThread "ForkJoinPool.commonPool-worker-8" daemon [_thread_blocked, id=27508, stack(0x000000b87b800000,0x000000b87b900000) (1024K)]
  0x0000028ef8423c20 JavaThread "ForkJoinPool.commonPool-worker-9" daemon [_thread_blocked, id=24052, stack(0x000000b87b900000,0x000000b87ba00000) (1024K)]
  0x0000028ef841e040 JavaThread "Java2D Disposer"            daemon [_thread_blocked, id=3324, stack(0x000000b87ba00000,0x000000b87bb00000) (1024K)]
  0x0000028ef8424940 JavaThread "AWT-Windows"                daemon [_thread_in_native, id=5056, stack(0x000000b87bc00000,0x000000b87bd00000) (1024K)]
  0x0000028ef70c1a90 JavaThread "ForkJoinPool.commonPool-worker-11" daemon [_thread_blocked, id=9384, stack(0x000000b87bb00000,0x000000b87bc00000) (1024K)]
  0x0000028ef70c2120 JavaThread "ForkJoinPool.commonPool-worker-10" daemon [_thread_blocked, id=27360, stack(0x000000b87bd00000,0x000000b87be00000) (1024K)]
Total: 106

Other Threads:
  0x0000028eefb807f0 VMThread "VM Thread"                           [id=19096, stack(0x000000b874900000,0x000000b874a00000) (1024K)] _threads_hazard_ptr=0x0000028ef962f730
  0x0000028eef033a70 WatcherThread "VM Periodic Task Thread"        [id=25584, stack(0x000000b874800000,0x000000b874900000) (1024K)]
  0x0000028ed3923be0 WorkerThread "GC Thread#0"                     [id=25184, stack(0x000000b874300000,0x000000b874400000) (1024K)]
  0x0000028ef49f1510 WorkerThread "GC Thread#1"                     [id=20696, stack(0x000000b875600000,0x000000b875700000) (1024K)]
  0x0000028ef49f18c0 WorkerThread "GC Thread#2"                     [id=27500, stack(0x000000b875700000,0x000000b875800000) (1024K)]
  0x0000028ef49f1c70 WorkerThread "GC Thread#3"                     [id=7820, stack(0x000000b875800000,0x000000b875900000) (1024K)]
  0x0000028ef4a98710 WorkerThread "GC Thread#4"                     [id=27712, stack(0x000000b875900000,0x000000b875a00000) (1024K)]
  0x0000028ef423c1d0 WorkerThread "GC Thread#5"                     [id=9024, stack(0x000000b875a00000,0x000000b875b00000) (1024K)]
  0x0000028ef510ded0 WorkerThread "GC Thread#6"                     [id=27772, stack(0x000000b876100000,0x000000b876200000) (1024K)]
  0x0000028ef5110000 WorkerThread "GC Thread#7"                     [id=28188, stack(0x000000b876200000,0x000000b876300000) (1024K)]
  0x0000028ef510fc50 WorkerThread "GC Thread#8"                     [id=24820, stack(0x000000b876300000,0x000000b876400000) (1024K)]
  0x0000028ef51103b0 WorkerThread "GC Thread#9"                     [id=8604, stack(0x000000b876400000,0x000000b876500000) (1024K)]
  0x0000028ed3934db0 ConcurrentGCThread "G1 Main Marker"            [id=2824, stack(0x000000b874400000,0x000000b874500000) (1024K)]
  0x0000028ed3938a10 WorkerThread "G1 Conc#0"                       [id=12284, stack(0x000000b874500000,0x000000b874600000) (1024K)]
  0x0000028ef510d770 WorkerThread "G1 Conc#1"                       [id=5332, stack(0x000000b876500000,0x000000b876600000) (1024K)]
  0x0000028ef510f4f0 WorkerThread "G1 Conc#2"                       [id=23200, stack(0x000000b876600000,0x000000b876700000) (1024K)]
  0x0000028eeef09060 ConcurrentGCThread "G1 Refine#0"               [id=29236, stack(0x000000b874600000,0x000000b874700000) (1024K)]
  0x0000028eeef09890 ConcurrentGCThread "G1 Service"                [id=17848, stack(0x000000b874700000,0x000000b874800000) (1024K)]
Total: 18

Threads with active compile tasks:
C2 CompilerThread0  21523 32663       4       ksp.org.jetbrains.kotlin.fir.FirElementWithResolveState::getResolveState (17 bytes)
C1 CompilerThread0  21523 32726   !   3       com.google.devtools.ksp.impl.symbol.kotlin.AbstractKSDeclarationImpl$parent$2::invoke (294 bytes)
C2 CompilerThread1  21523 32427       4       java.lang.invoke.MethodHandles$Lookup::linkMethodHandleConstant (223 bytes)
C2 CompilerThread2  21523 32736       4       ksp.org.jetbrains.org.objectweb.asm.ClassReader::readMethod (1061 bytes)
Total: 4

VM state: not at safepoint (normal execution)

VM Mutex/Monitor currently owned by a thread: None

Heap address: 0x0000000700000000, size: 4096 MB, Compressed Oops mode: Zero based, Oop shift amount: 3

CDS archive(s) not mapped
Compressed class space mapped at: 0x0000000800000000-0x0000000834000000, reserved size: 872415232
Narrow klass base: 0x0000000800000000, Narrow klass shift: 0, Narrow klass range: 0x34000000

GC Precious Log:
 CardTable entry size: 512
 Card Set container configuration: InlinePtr #cards 4 size 8 Array Of Cards #cards 16 size 48 Howl #buckets 8 coarsen threshold 3686 Howl Bitmap #cards 512 size 80 coarsen threshold 460 Card regions per heap region 1 cards per card region 4096
 CPUs: 12 total, 12 available
 Memory: 16005M
 Large Page Support: Disabled
 NUMA Support: Disabled
 Compressed Oops: Enabled (Zero based)
 Heap Region Size: 2M
 Heap Min Capacity: 8M
 Heap Initial Capacity: 252M
 Heap Max Capacity: 4G
 Pre-touch: Disabled
 Parallel Workers: 10
 Concurrent Workers: 3
 Concurrent Refinement Workers: 10
 Periodic GC: Disabled

Heap:
 garbage-first heap   total 2072576K, used 1633920K [0x0000000700000000, 0x0000000800000000)
  region size 2048K, 207 young (423936K), 6 survivors (12288K)
 Metaspace       used 234638K, committed 237248K, reserved 1114112K
  class space    used 30785K, committed 32064K, reserved 851968K

Heap Regions: E=young(eden), S=young(survivor), O=old, HS=humongous(starts), HC=humongous(continues), CS=collection set, F=free, TAMS=top-at-mark-start, PB=parsable bottom
|   0|0x0000000700000000, 0x0000000700200000, 0x0000000700200000|100%|HS|  |TAMS 0x0000000700000000| PB 0x0000000700000000| Complete 
|   1|0x0000000700200000, 0x0000000700400000, 0x0000000700400000|100%|HC|  |TAMS 0x0000000700200000| PB 0x0000000700200000| Complete 
|   2|0x0000000700400000, 0x0000000700600000, 0x0000000700600000|100%| O|  |TAMS 0x0000000700400000| PB 0x0000000700400000| Untracked 
|   3|0x0000000700600000, 0x0000000700800000, 0x0000000700800000|100%| O|  |TAMS 0x0000000700600000| PB 0x0000000700600000| Untracked 
|   4|0x0000000700800000, 0x0000000700a00000, 0x0000000700a00000|100%| O|  |TAMS 0x0000000700800000| PB 0x0000000700800000| Untracked 
|   5|0x0000000700a00000, 0x0000000700c00000, 0x0000000700c00000|100%| O|  |TAMS 0x0000000700a00000| PB 0x0000000700a00000| Untracked 
|   6|0x0000000700c00000, 0x0000000700e00000, 0x0000000700e00000|100%| O|  |TAMS 0x0000000700c00000| PB 0x0000000700c00000| Untracked 
|   7|0x0000000700e00000, 0x0000000701000000, 0x0000000701000000|100%|HS|  |TAMS 0x0000000700e00000| PB 0x0000000700e00000| Complete 
|   8|0x0000000701000000, 0x0000000701200000, 0x0000000701200000|100%|HS|  |TAMS 0x0000000701000000| PB 0x0000000701000000| Complete 
|   9|0x0000000701200000, 0x0000000701400000, 0x0000000701400000|100%| O|  |TAMS 0x0000000701200000| PB 0x0000000701200000| Untracked 
|  10|0x0000000701400000, 0x0000000701600000, 0x0000000701600000|100%| O|  |TAMS 0x0000000701400000| PB 0x0000000701400000| Untracked 
|  11|0x0000000701600000, 0x0000000701800000, 0x0000000701800000|100%|HS|  |TAMS 0x0000000701600000| PB 0x0000000701600000| Complete 
|  12|0x0000000701800000, 0x0000000701a00000, 0x0000000701a00000|100%|HS|  |TAMS 0x0000000701800000| PB 0x0000000701800000| Complete 
|  13|0x0000000701a00000, 0x0000000701c00000, 0x0000000701c00000|100%| O|  |TAMS 0x0000000701a00000| PB 0x0000000701a00000| Untracked 
|  14|0x0000000701c00000, 0x0000000701e00000, 0x0000000701e00000|100%| O|  |TAMS 0x0000000701c00000| PB 0x0000000701c00000| Untracked 
|  15|0x0000000701e00000, 0x0000000702000000, 0x0000000702000000|100%| O|  |TAMS 0x0000000701e00000| PB 0x0000000701e00000| Untracked 
|  16|0x0000000702000000, 0x0000000702200000, 0x0000000702200000|100%| O|  |TAMS 0x0000000702000000| PB 0x0000000702000000| Untracked 
|  17|0x0000000702200000, 0x0000000702400000, 0x0000000702400000|100%| O|  |TAMS 0x0000000702200000| PB 0x0000000702200000| Untracked 
|  18|0x0000000702400000, 0x0000000702600000, 0x0000000702600000|100%| O|  |TAMS 0x0000000702400000| PB 0x0000000702400000| Untracked 
|  19|0x0000000702600000, 0x0000000702800000, 0x0000000702800000|100%| O|  |TAMS 0x0000000702600000| PB 0x0000000702600000| Untracked 
|  20|0x0000000702800000, 0x0000000702a00000, 0x0000000702a00000|100%| O|  |TAMS 0x0000000702800000| PB 0x0000000702800000| Untracked 
|  21|0x0000000702a00000, 0x0000000702c00000, 0x0000000702c00000|100%| O|  |TAMS 0x0000000702a00000| PB 0x0000000702a00000| Untracked 
|  22|0x0000000702c00000, 0x0000000702e00000, 0x0000000702e00000|100%| O|  |TAMS 0x0000000702c00000| PB 0x0000000702c00000| Untracked 
|  23|0x0000000702e00000, 0x0000000703000000, 0x0000000703000000|100%| O|  |TAMS 0x0000000702e00000| PB 0x0000000702e00000| Untracked 
|  24|0x0000000703000000, 0x0000000703200000, 0x0000000703200000|100%| O|  |TAMS 0x0000000703000000| PB 0x0000000703000000| Untracked 
|  25|0x0000000703200000, 0x0000000703400000, 0x0000000703400000|100%| O|  |TAMS 0x0000000703200000| PB 0x0000000703200000| Untracked 
|  26|0x0000000703400000, 0x0000000703600000, 0x0000000703600000|100%| O|  |TAMS 0x0000000703400000| PB 0x0000000703400000| Untracked 
|  27|0x0000000703600000, 0x0000000703800000, 0x0000000703800000|100%| O|  |TAMS 0x0000000703600000| PB 0x0000000703600000| Untracked 
|  28|0x0000000703800000, 0x0000000703a00000, 0x0000000703a00000|100%| O|  |TAMS 0x0000000703800000| PB 0x0000000703800000| Untracked 
|  29|0x0000000703a00000, 0x0000000703c00000, 0x0000000703c00000|100%| O|  |TAMS 0x0000000703a00000| PB 0x0000000703a00000| Untracked 
|  30|0x0000000703c00000, 0x0000000703e00000, 0x0000000703e00000|100%| O|  |TAMS 0x0000000703c00000| PB 0x0000000703c00000| Untracked 
|  31|0x0000000703e00000, 0x0000000704000000, 0x0000000704000000|100%| O|  |TAMS 0x0000000703e00000| PB 0x0000000703e00000| Untracked 
|  32|0x0000000704000000, 0x0000000704200000, 0x0000000704200000|100%| O|  |TAMS 0x0000000704000000| PB 0x0000000704000000| Untracked 
|  33|0x0000000704200000, 0x0000000704400000, 0x0000000704400000|100%| O|  |TAMS 0x0000000704200000| PB 0x0000000704200000| Untracked 
|  34|0x0000000704400000, 0x0000000704600000, 0x0000000704600000|100%| O|  |TAMS 0x0000000704400000| PB 0x0000000704400000| Untracked 
|  35|0x0000000704600000, 0x0000000704800000, 0x0000000704800000|100%| O|  |TAMS 0x0000000704600000| PB 0x0000000704600000| Untracked 
|  36|0x0000000704800000, 0x0000000704a00000, 0x0000000704a00000|100%| O|  |TAMS 0x0000000704800000| PB 0x0000000704800000| Untracked 
|  37|0x0000000704a00000, 0x0000000704c00000, 0x0000000704c00000|100%| O|  |TAMS 0x0000000704a00000| PB 0x0000000704a00000| Untracked 
|  38|0x0000000704c00000, 0x0000000704e00000, 0x0000000704e00000|100%| O|  |TAMS 0x0000000704c00000| PB 0x0000000704c00000| Untracked 
|  39|0x0000000704e00000, 0x0000000705000000, 0x0000000705000000|100%| O|  |TAMS 0x0000000704e00000| PB 0x0000000704e00000| Untracked 
|  40|0x0000000705000000, 0x0000000705200000, 0x0000000705200000|100%| O|  |TAMS 0x0000000705000000| PB 0x0000000705000000| Untracked 
|  41|0x0000000705200000, 0x0000000705400000, 0x0000000705400000|100%| O|  |TAMS 0x0000000705200000| PB 0x0000000705200000| Untracked 
|  42|0x0000000705400000, 0x0000000705600000, 0x0000000705600000|100%| O|  |TAMS 0x0000000705400000| PB 0x0000000705400000| Untracked 
|  43|0x0000000705600000, 0x0000000705800000, 0x0000000705800000|100%| O|  |TAMS 0x0000000705600000| PB 0x0000000705600000| Untracked 
|  44|0x0000000705800000, 0x0000000705a00000, 0x0000000705a00000|100%| O|  |TAMS 0x0000000705800000| PB 0x0000000705800000| Untracked 
|  45|0x0000000705a00000, 0x0000000705c00000, 0x0000000705c00000|100%| O|  |TAMS 0x0000000705a00000| PB 0x0000000705a00000| Untracked 
|  46|0x0000000705c00000, 0x0000000705e00000, 0x0000000705e00000|100%| O|  |TAMS 0x0000000705c00000| PB 0x0000000705c00000| Untracked 
|  47|0x0000000705e00000, 0x0000000706000000, 0x0000000706000000|100%| O|  |TAMS 0x0000000705e00000| PB 0x0000000705e00000| Untracked 
|  48|0x0000000706000000, 0x0000000706200000, 0x0000000706200000|100%| O|  |TAMS 0x0000000706000000| PB 0x0000000706000000| Untracked 
|  49|0x0000000706200000, 0x0000000706400000, 0x0000000706400000|100%| O|  |TAMS 0x0000000706200000| PB 0x0000000706200000| Untracked 
|  50|0x0000000706400000, 0x0000000706600000, 0x0000000706600000|100%|HS|  |TAMS 0x0000000706400000| PB 0x0000000706400000| Complete 
|  51|0x0000000706600000, 0x0000000706800000, 0x0000000706800000|100%|HS|  |TAMS 0x0000000706600000| PB 0x0000000706600000| Complete 
|  52|0x0000000706800000, 0x0000000706a00000, 0x0000000706a00000|100%|HS|  |TAMS 0x0000000706800000| PB 0x0000000706800000| Complete 
|  53|0x0000000706a00000, 0x0000000706c00000, 0x0000000706c00000|100%|HS|  |TAMS 0x0000000706a00000| PB 0x0000000706a00000| Complete 
|  54|0x0000000706c00000, 0x0000000706e00000, 0x0000000706e00000|100%|HS|  |TAMS 0x0000000706c00000| PB 0x0000000706c00000| Complete 
|  55|0x0000000706e00000, 0x0000000707000000, 0x0000000707000000|100%|HS|  |TAMS 0x0000000706e00000| PB 0x0000000706e00000| Complete 
|  56|0x0000000707000000, 0x0000000707200000, 0x0000000707200000|100%|HC|  |TAMS 0x0000000707000000| PB 0x0000000707000000| Complete 
|  57|0x0000000707200000, 0x0000000707400000, 0x0000000707400000|100%|HS|  |TAMS 0x0000000707200000| PB 0x0000000707200000| Complete 
|  58|0x0000000707400000, 0x0000000707600000, 0x0000000707600000|100%|HC|  |TAMS 0x0000000707400000| PB 0x0000000707400000| Complete 
|  59|0x0000000707600000, 0x0000000707800000, 0x0000000707800000|100%|HC|  |TAMS 0x0000000707600000| PB 0x0000000707600000| Complete 
|  60|0x0000000707800000, 0x0000000707a00000, 0x0000000707a00000|100%|HS|  |TAMS 0x0000000707800000| PB 0x0000000707800000| Complete 
|  61|0x0000000707a00000, 0x0000000707c00000, 0x0000000707c00000|100%|HC|  |TAMS 0x0000000707a00000| PB 0x0000000707a00000| Complete 
|  62|0x0000000707c00000, 0x0000000707e00000, 0x0000000707e00000|100%|HC|  |TAMS 0x0000000707c00000| PB 0x0000000707c00000| Complete 
|  63|0x0000000707e00000, 0x0000000708000000, 0x0000000708000000|100%|HS|  |TAMS 0x0000000707e00000| PB 0x0000000707e00000| Complete 
|  64|0x0000000708000000, 0x0000000708200000, 0x0000000708200000|100%|HC|  |TAMS 0x0000000708000000| PB 0x0000000708000000| Complete 
|  65|0x0000000708200000, 0x0000000708400000, 0x0000000708400000|100%|HC|  |TAMS 0x0000000708200000| PB 0x0000000708200000| Complete 
|  66|0x0000000708400000, 0x0000000708600000, 0x0000000708600000|100%|HC|  |TAMS 0x0000000708400000| PB 0x0000000708400000| Complete 
|  67|0x0000000708600000, 0x0000000708800000, 0x0000000708800000|100%|HC|  |TAMS 0x0000000708600000| PB 0x0000000708600000| Complete 
|  68|0x0000000708800000, 0x0000000708a00000, 0x0000000708a00000|100%|HC|  |TAMS 0x0000000708800000| PB 0x0000000708800000| Complete 
|  69|0x0000000708a00000, 0x0000000708c00000, 0x0000000708c00000|100%|HC|  |TAMS 0x0000000708a00000| PB 0x0000000708a00000| Complete 
|  70|0x0000000708c00000, 0x0000000708e00000, 0x0000000708e00000|100%|HC|  |TAMS 0x0000000708c00000| PB 0x0000000708c00000| Complete 
|  71|0x0000000708e00000, 0x0000000709000000, 0x0000000709000000|100%|HC|  |TAMS 0x0000000708e00000| PB 0x0000000708e00000| Complete 
|  72|0x0000000709000000, 0x0000000709200000, 0x0000000709200000|100%|HC|  |TAMS 0x0000000709000000| PB 0x0000000709000000| Complete 
|  73|0x0000000709200000, 0x0000000709400000, 0x0000000709400000|100%|HC|  |TAMS 0x0000000709200000| PB 0x0000000709200000| Complete 
|  74|0x0000000709400000, 0x0000000709600000, 0x0000000709600000|100%|HC|  |TAMS 0x0000000709400000| PB 0x0000000709400000| Complete 
|  75|0x0000000709600000, 0x0000000709800000, 0x0000000709800000|100%|HC|  |TAMS 0x0000000709600000| PB 0x0000000709600000| Complete 
|  76|0x0000000709800000, 0x0000000709a00000, 0x0000000709a00000|100%|HC|  |TAMS 0x0000000709800000| PB 0x0000000709800000| Complete 
|  77|0x0000000709a00000, 0x0000000709c00000, 0x0000000709c00000|100%|HC|  |TAMS 0x0000000709a00000| PB 0x0000000709a00000| Complete 
|  78|0x0000000709c00000, 0x0000000709e00000, 0x0000000709e00000|100%|HS|  |TAMS 0x0000000709c00000| PB 0x0000000709c00000| Complete 
|  79|0x0000000709e00000, 0x000000070a000000, 0x000000070a000000|100%|HC|  |TAMS 0x0000000709e00000| PB 0x0000000709e00000| Complete 
|  80|0x000000070a000000, 0x000000070a200000, 0x000000070a200000|100%|HS|  |TAMS 0x000000070a000000| PB 0x000000070a000000| Complete 
|  81|0x000000070a200000, 0x000000070a400000, 0x000000070a400000|100%|HS|  |TAMS 0x000000070a200000| PB 0x000000070a200000| Complete 
|  82|0x000000070a400000, 0x000000070a600000, 0x000000070a600000|100%|HC|  |TAMS 0x000000070a400000| PB 0x000000070a400000| Complete 
|  83|0x000000070a600000, 0x000000070a800000, 0x000000070a800000|100%|HS|  |TAMS 0x000000070a600000| PB 0x000000070a600000| Complete 
|  84|0x000000070a800000, 0x000000070aa00000, 0x000000070aa00000|100%|HC|  |TAMS 0x000000070a800000| PB 0x000000070a800000| Complete 
|  85|0x000000070aa00000, 0x000000070ac00000, 0x000000070ac00000|100%|HS|  |TAMS 0x000000070aa00000| PB 0x000000070aa00000| Complete 
|  86|0x000000070ac00000, 0x000000070ae00000, 0x000000070ae00000|100%| O|  |TAMS 0x000000070ac00000| PB 0x000000070ac00000| Untracked 
|  87|0x000000070ae00000, 0x000000070b000000, 0x000000070b000000|100%| O|  |TAMS 0x000000070ae00000| PB 0x000000070ae00000| Untracked 
|  88|0x000000070b000000, 0x000000070b200000, 0x000000070b200000|100%| O|  |TAMS 0x000000070b000000| PB 0x000000070b000000| Untracked 
|  89|0x000000070b200000, 0x000000070b400000, 0x000000070b400000|100%| O|  |TAMS 0x000000070b200000| PB 0x000000070b200000| Untracked 
|  90|0x000000070b400000, 0x000000070b600000, 0x000000070b600000|100%| O|  |TAMS 0x000000070b400000| PB 0x000000070b400000| Untracked 
|  91|0x000000070b600000, 0x000000070b800000, 0x000000070b800000|100%| O|  |TAMS 0x000000070b600000| PB 0x000000070b600000| Untracked 
|  92|0x000000070b800000, 0x000000070ba00000, 0x000000070ba00000|100%| O|  |TAMS 0x000000070b800000| PB 0x000000070b800000| Untracked 
|  93|0x000000070ba00000, 0x000000070bc00000, 0x000000070bc00000|100%| O|  |TAMS 0x000000070ba00000| PB 0x000000070ba00000| Untracked 
|  94|0x000000070bc00000, 0x000000070be00000, 0x000000070be00000|100%| O|  |TAMS 0x000000070bc00000| PB 0x000000070bc00000| Untracked 
|  95|0x000000070be00000, 0x000000070c000000, 0x000000070c000000|100%| O|  |TAMS 0x000000070be00000| PB 0x000000070be00000| Untracked 
|  96|0x000000070c000000, 0x000000070c200000, 0x000000070c200000|100%| O|  |TAMS 0x000000070c000000| PB 0x000000070c000000| Untracked 
|  97|0x000000070c200000, 0x000000070c400000, 0x000000070c400000|100%| O|  |TAMS 0x000000070c200000| PB 0x000000070c200000| Untracked 
|  98|0x000000070c400000, 0x000000070c600000, 0x000000070c600000|100%| O|  |TAMS 0x000000070c400000| PB 0x000000070c400000| Untracked 
|  99|0x000000070c600000, 0x000000070c800000, 0x000000070c800000|100%|HS|  |TAMS 0x000000070c600000| PB 0x000000070c600000| Complete 
| 100|0x000000070c800000, 0x000000070ca00000, 0x000000070ca00000|100%| O|  |TAMS 0x000000070c800000| PB 0x000000070c800000| Untracked 
| 101|0x000000070ca00000, 0x000000070cc00000, 0x000000070cc00000|100%| O|  |TAMS 0x000000070ca00000| PB 0x000000070ca00000| Untracked 
| 102|0x000000070cc00000, 0x000000070ce00000, 0x000000070ce00000|100%| O|  |TAMS 0x000000070cc00000| PB 0x000000070cc00000| Untracked 
| 103|0x000000070ce00000, 0x000000070d000000, 0x000000070d000000|100%| O|  |TAMS 0x000000070ce00000| PB 0x000000070ce00000| Untracked 
| 104|0x000000070d000000, 0x000000070d200000, 0x000000070d200000|100%| O|  |TAMS 0x000000070d000000| PB 0x000000070d000000| Untracked 
| 105|0x000000070d200000, 0x000000070d400000, 0x000000070d400000|100%| O|  |TAMS 0x000000070d200000| PB 0x000000070d200000| Untracked 
| 106|0x000000070d400000, 0x000000070d600000, 0x000000070d600000|100%| O|  |TAMS 0x000000070d400000| PB 0x000000070d400000| Untracked 
| 107|0x000000070d600000, 0x000000070d800000, 0x000000070d800000|100%| O|  |TAMS 0x000000070d600000| PB 0x000000070d600000| Untracked 
| 108|0x000000070d800000, 0x000000070da00000, 0x000000070da00000|100%|HS|  |TAMS 0x000000070d800000| PB 0x000000070d800000| Complete 
| 109|0x000000070da00000, 0x000000070dc00000, 0x000000070dc00000|100%|HS|  |TAMS 0x000000070da00000| PB 0x000000070da00000| Complete 
| 110|0x000000070dc00000, 0x000000070de00000, 0x000000070de00000|100%| O|  |TAMS 0x000000070dc00000| PB 0x000000070dc00000| Untracked 
| 111|0x000000070de00000, 0x000000070e000000, 0x000000070e000000|100%| O|  |TAMS 0x000000070de00000| PB 0x000000070de00000| Untracked 
| 112|0x000000070e000000, 0x000000070e200000, 0x000000070e200000|100%| O|  |TAMS 0x000000070e000000| PB 0x000000070e000000| Untracked 
| 113|0x000000070e200000, 0x000000070e400000, 0x000000070e400000|100%| O|  |TAMS 0x000000070e200000| PB 0x000000070e200000| Untracked 
| 114|0x000000070e400000, 0x000000070e600000, 0x000000070e600000|100%| O|  |TAMS 0x000000070e400000| PB 0x000000070e400000| Untracked 
| 115|0x000000070e600000, 0x000000070e800000, 0x000000070e800000|100%| O|  |TAMS 0x000000070e600000| PB 0x000000070e600000| Untracked 
| 116|0x000000070e800000, 0x000000070ea00000, 0x000000070ea00000|100%| O|  |TAMS 0x000000070e800000| PB 0x000000070e800000| Untracked 
| 117|0x000000070ea00000, 0x000000070ec00000, 0x000000070ec00000|100%| O|  |TAMS 0x000000070ea00000| PB 0x000000070ea00000| Untracked 
| 118|0x000000070ec00000, 0x000000070ee00000, 0x000000070ee00000|100%| O|  |TAMS 0x000000070ec00000| PB 0x000000070ec00000| Untracked 
| 119|0x000000070ee00000, 0x000000070f000000, 0x000000070f000000|100%|HS|  |TAMS 0x000000070ee00000| PB 0x000000070ee00000| Complete 
| 120|0x000000070f000000, 0x000000070f200000, 0x000000070f200000|100%| O|  |TAMS 0x000000070f000000| PB 0x000000070f000000| Untracked 
| 121|0x000000070f200000, 0x000000070f400000, 0x000000070f400000|100%| O|  |TAMS 0x000000070f200000| PB 0x000000070f200000| Untracked 
| 122|0x000000070f400000, 0x000000070f600000, 0x000000070f600000|100%| O|  |TAMS 0x000000070f400000| PB 0x000000070f400000| Untracked 
| 123|0x000000070f600000, 0x000000070f800000, 0x000000070f800000|100%| O|  |TAMS 0x000000070f600000| PB 0x000000070f600000| Untracked 
| 124|0x000000070f800000, 0x000000070fa00000, 0x000000070fa00000|100%| O|Cm|TAMS 0x000000070f800000| PB 0x000000070f800000| Complete 
| 125|0x000000070fa00000, 0x000000070fc00000, 0x000000070fc00000|100%| O|  |TAMS 0x000000070fa00000| PB 0x000000070fa00000| Untracked 
| 126|0x000000070fc00000, 0x000000070fe00000, 0x000000070fe00000|100%| O|Cm|TAMS 0x000000070fc00000| PB 0x000000070fc00000| Complete 
| 127|0x000000070fe00000, 0x0000000710000000, 0x0000000710000000|100%| O|  |TAMS 0x000000070fe00000| PB 0x000000070fe00000| Untracked 
| 128|0x0000000710000000, 0x0000000710200000, 0x0000000710200000|100%| O|  |TAMS 0x0000000710000000| PB 0x0000000710000000| Untracked 
| 129|0x0000000710200000, 0x0000000710400000, 0x0000000710400000|100%| O|  |TAMS 0x0000000710200000| PB 0x0000000710200000| Untracked 
| 130|0x0000000710400000, 0x0000000710600000, 0x0000000710600000|100%| O|  |TAMS 0x0000000710400000| PB 0x0000000710400000| Untracked 
| 131|0x0000000710600000, 0x0000000710800000, 0x0000000710800000|100%| O|  |TAMS 0x0000000710600000| PB 0x0000000710600000| Untracked 
| 132|0x0000000710800000, 0x0000000710a00000, 0x0000000710a00000|100%| O|  |TAMS 0x0000000710800000| PB 0x0000000710800000| Untracked 
| 133|0x0000000710a00000, 0x0000000710c00000, 0x0000000710c00000|100%| O|  |TAMS 0x0000000710a00000| PB 0x0000000710a00000| Untracked 
| 134|0x0000000710c00000, 0x0000000710e00000, 0x0000000710e00000|100%| O|  |TAMS 0x0000000710c00000| PB 0x0000000710c00000| Untracked 
| 135|0x0000000710e00000, 0x0000000711000000, 0x0000000711000000|100%| O|  |TAMS 0x0000000710e00000| PB 0x0000000710e00000| Untracked 
| 136|0x0000000711000000, 0x0000000711200000, 0x0000000711200000|100%| O|  |TAMS 0x0000000711000000| PB 0x0000000711000000| Untracked 
| 137|0x0000000711200000, 0x0000000711400000, 0x0000000711400000|100%| O|  |TAMS 0x0000000711200000| PB 0x0000000711200000| Untracked 
| 138|0x0000000711400000, 0x0000000711600000, 0x0000000711600000|100%|HS|  |TAMS 0x0000000711400000| PB 0x0000000711400000| Complete 
| 139|0x0000000711600000, 0x0000000711800000, 0x0000000711800000|100%|HC|  |TAMS 0x0000000711600000| PB 0x0000000711600000| Complete 
| 140|0x0000000711800000, 0x0000000711a00000, 0x0000000711a00000|100%|HS|  |TAMS 0x0000000711800000| PB 0x0000000711800000| Complete 
| 141|0x0000000711a00000, 0x0000000711c00000, 0x0000000711c00000|100%|HS|  |TAMS 0x0000000711a00000| PB 0x0000000711a00000| Complete 
| 142|0x0000000711c00000, 0x0000000711e00000, 0x0000000711e00000|100%|HC|  |TAMS 0x0000000711c00000| PB 0x0000000711c00000| Complete 
| 143|0x0000000711e00000, 0x0000000712000000, 0x0000000712000000|100%| O|  |TAMS 0x0000000711e00000| PB 0x0000000711e00000| Untracked 
| 144|0x0000000712000000, 0x0000000712200000, 0x0000000712200000|100%| O|  |TAMS 0x0000000712000000| PB 0x0000000712000000| Untracked 
| 145|0x0000000712200000, 0x0000000712400000, 0x0000000712400000|100%| O|  |TAMS 0x0000000712200000| PB 0x0000000712200000| Untracked 
| 146|0x0000000712400000, 0x0000000712600000, 0x0000000712600000|100%| O|  |TAMS 0x0000000712400000| PB 0x0000000712400000| Untracked 
| 147|0x0000000712600000, 0x0000000712800000, 0x0000000712800000|100%| O|  |TAMS 0x0000000712600000| PB 0x0000000712600000| Untracked 
| 148|0x0000000712800000, 0x0000000712a00000, 0x0000000712a00000|100%| O|  |TAMS 0x0000000712800000| PB 0x0000000712800000| Untracked 
| 149|0x0000000712a00000, 0x0000000712c00000, 0x0000000712c00000|100%| O|  |TAMS 0x0000000712a00000| PB 0x0000000712a00000| Untracked 
| 150|0x0000000712c00000, 0x0000000712e00000, 0x0000000712e00000|100%| O|  |TAMS 0x0000000712c00000| PB 0x0000000712c00000| Untracked 
| 151|0x0000000712e00000, 0x0000000713000000, 0x0000000713000000|100%| O|  |TAMS 0x0000000712e00000| PB 0x0000000712e00000| Untracked 
| 152|0x0000000713000000, 0x0000000713200000, 0x0000000713200000|100%| O|Cm|TAMS 0x0000000713000000| PB 0x0000000713000000| Complete 
| 153|0x0000000713200000, 0x0000000713400000, 0x0000000713400000|100%| O|Cm|TAMS 0x0000000713200000| PB 0x0000000713200000| Complete 
| 154|0x0000000713400000, 0x0000000713600000, 0x0000000713600000|100%| O|Cm|TAMS 0x0000000713400000| PB 0x0000000713400000| Complete 
| 155|0x0000000713600000, 0x0000000713800000, 0x0000000713800000|100%| O|Cm|TAMS 0x0000000713600000| PB 0x0000000713600000| Complete 
| 156|0x0000000713800000, 0x0000000713a00000, 0x0000000713a00000|100%| O|Cm|TAMS 0x0000000713800000| PB 0x0000000713800000| Complete 
| 157|0x0000000713a00000, 0x0000000713c00000, 0x0000000713c00000|100%| O|Cm|TAMS 0x0000000713a00000| PB 0x0000000713a00000| Complete 
| 158|0x0000000713c00000, 0x0000000713e00000, 0x0000000713e00000|100%| O|  |TAMS 0x0000000713c00000| PB 0x0000000713c00000| Untracked 
| 159|0x0000000713e00000, 0x0000000714000000, 0x0000000714000000|100%| O|  |TAMS 0x0000000713e00000| PB 0x0000000713e00000| Untracked 
| 160|0x0000000714000000, 0x0000000714200000, 0x0000000714200000|100%| O|  |TAMS 0x0000000714000000| PB 0x0000000714000000| Untracked 
| 161|0x0000000714200000, 0x0000000714400000, 0x0000000714400000|100%| O|  |TAMS 0x0000000714200000| PB 0x0000000714200000| Untracked 
| 162|0x0000000714400000, 0x0000000714600000, 0x0000000714600000|100%|HS|  |TAMS 0x0000000714400000| PB 0x0000000714400000| Complete 
| 163|0x0000000714600000, 0x0000000714800000, 0x0000000714800000|100%|HC|  |TAMS 0x0000000714600000| PB 0x0000000714600000| Complete 
| 164|0x0000000714800000, 0x0000000714a00000, 0x0000000714a00000|100%| O|  |TAMS 0x0000000714800000| PB 0x0000000714800000| Untracked 
| 165|0x0000000714a00000, 0x0000000714c00000, 0x0000000714c00000|100%| O|  |TAMS 0x0000000714a00000| PB 0x0000000714a00000| Untracked 
| 166|0x0000000714c00000, 0x0000000714e00000, 0x0000000714e00000|100%| O|  |TAMS 0x0000000714c00000| PB 0x0000000714c00000| Untracked 
| 167|0x0000000714e00000, 0x0000000715000000, 0x0000000715000000|100%| O|  |TAMS 0x0000000714e00000| PB 0x0000000714e00000| Untracked 
| 168|0x0000000715000000, 0x0000000715200000, 0x0000000715200000|100%| O|  |TAMS 0x0000000715000000| PB 0x0000000715000000| Untracked 
| 169|0x0000000715200000, 0x0000000715400000, 0x0000000715400000|100%| O|  |TAMS 0x0000000715200000| PB 0x0000000715200000| Untracked 
| 170|0x0000000715400000, 0x0000000715600000, 0x0000000715600000|100%| O|  |TAMS 0x0000000715400000| PB 0x0000000715400000| Untracked 
| 171|0x0000000715600000, 0x0000000715800000, 0x0000000715800000|100%| O|  |TAMS 0x0000000715600000| PB 0x0000000715600000| Untracked 
| 172|0x0000000715800000, 0x0000000715a00000, 0x0000000715a00000|100%| O|  |TAMS 0x0000000715800000| PB 0x0000000715800000| Untracked 
| 173|0x0000000715a00000, 0x0000000715c00000, 0x0000000715c00000|100%| O|  |TAMS 0x0000000715a00000| PB 0x0000000715a00000| Untracked 
| 174|0x0000000715c00000, 0x0000000715e00000, 0x0000000715e00000|100%| O|  |TAMS 0x0000000715c00000| PB 0x0000000715c00000| Untracked 
| 175|0x0000000715e00000, 0x0000000716000000, 0x0000000716000000|100%| O|  |TAMS 0x0000000715e00000| PB 0x0000000715e00000| Untracked 
| 176|0x0000000716000000, 0x0000000716200000, 0x0000000716200000|100%| O|  |TAMS 0x0000000716000000| PB 0x0000000716000000| Untracked 
| 177|0x0000000716200000, 0x0000000716400000, 0x0000000716400000|100%| O|  |TAMS 0x0000000716200000| PB 0x0000000716200000| Untracked 
| 178|0x0000000716400000, 0x0000000716600000, 0x0000000716600000|100%| O|  |TAMS 0x0000000716400000| PB 0x0000000716400000| Untracked 
| 179|0x0000000716600000, 0x0000000716800000, 0x0000000716800000|100%| O|  |TAMS 0x0000000716600000| PB 0x0000000716600000| Untracked 
| 180|0x0000000716800000, 0x0000000716a00000, 0x0000000716a00000|100%| O|  |TAMS 0x0000000716800000| PB 0x0000000716800000| Untracked 
| 181|0x0000000716a00000, 0x0000000716c00000, 0x0000000716c00000|100%| O|  |TAMS 0x0000000716a00000| PB 0x0000000716a00000| Untracked 
| 182|0x0000000716c00000, 0x0000000716e00000, 0x0000000716e00000|100%| O|  |TAMS 0x0000000716c00000| PB 0x0000000716c00000| Untracked 
| 183|0x0000000716e00000, 0x0000000717000000, 0x0000000717000000|100%| O|  |TAMS 0x0000000716e00000| PB 0x0000000716e00000| Untracked 
| 184|0x0000000717000000, 0x0000000717200000, 0x0000000717200000|100%| O|  |TAMS 0x0000000717000000| PB 0x0000000717000000| Untracked 
| 185|0x0000000717200000, 0x0000000717400000, 0x0000000717400000|100%| O|  |TAMS 0x0000000717200000| PB 0x0000000717200000| Untracked 
| 186|0x0000000717400000, 0x0000000717600000, 0x0000000717600000|100%| O|  |TAMS 0x0000000717400000| PB 0x0000000717400000| Untracked 
| 187|0x0000000717600000, 0x0000000717800000, 0x0000000717800000|100%| O|  |TAMS 0x0000000717600000| PB 0x0000000717600000| Untracked 
| 188|0x0000000717800000, 0x0000000717a00000, 0x0000000717a00000|100%| O|  |TAMS 0x0000000717800000| PB 0x0000000717800000| Untracked 
| 189|0x0000000717a00000, 0x0000000717c00000, 0x0000000717c00000|100%| O|  |TAMS 0x0000000717a00000| PB 0x0000000717a00000| Untracked 
| 190|0x0000000717c00000, 0x0000000717e00000, 0x0000000717e00000|100%| O|  |TAMS 0x0000000717c00000| PB 0x0000000717c00000| Untracked 
| 191|0x0000000717e00000, 0x0000000718000000, 0x0000000718000000|100%| O|  |TAMS 0x0000000717e00000| PB 0x0000000717e00000| Untracked 
| 192|0x0000000718000000, 0x0000000718200000, 0x0000000718200000|100%| O|  |TAMS 0x0000000718000000| PB 0x0000000718000000| Untracked 
| 193|0x0000000718200000, 0x0000000718400000, 0x0000000718400000|100%| O|  |TAMS 0x0000000718200000| PB 0x0000000718200000| Untracked 
| 194|0x0000000718400000, 0x0000000718600000, 0x0000000718600000|100%| O|  |TAMS 0x0000000718400000| PB 0x0000000718400000| Untracked 
| 195|0x0000000718600000, 0x0000000718800000, 0x0000000718800000|100%| O|  |TAMS 0x0000000718600000| PB 0x0000000718600000| Untracked 
| 196|0x0000000718800000, 0x0000000718a00000, 0x0000000718a00000|100%| O|  |TAMS 0x0000000718800000| PB 0x0000000718800000| Untracked 
| 197|0x0000000718a00000, 0x0000000718c00000, 0x0000000718c00000|100%| O|  |TAMS 0x0000000718a00000| PB 0x0000000718a00000| Untracked 
| 198|0x0000000718c00000, 0x0000000718e00000, 0x0000000718e00000|100%| O|  |TAMS 0x0000000718c00000| PB 0x0000000718c00000| Untracked 
| 199|0x0000000718e00000, 0x0000000719000000, 0x0000000719000000|100%| O|  |TAMS 0x0000000718e00000| PB 0x0000000718e00000| Untracked 
| 200|0x0000000719000000, 0x0000000719200000, 0x0000000719200000|100%| O|  |TAMS 0x0000000719000000| PB 0x0000000719000000| Untracked 
| 201|0x0000000719200000, 0x0000000719400000, 0x0000000719400000|100%| O|  |TAMS 0x0000000719200000| PB 0x0000000719200000| Untracked 
| 202|0x0000000719400000, 0x0000000719600000, 0x0000000719600000|100%| O|  |TAMS 0x0000000719400000| PB 0x0000000719400000| Untracked 
| 203|0x0000000719600000, 0x0000000719800000, 0x0000000719800000|100%| O|  |TAMS 0x0000000719600000| PB 0x0000000719600000| Untracked 
| 204|0x0000000719800000, 0x0000000719a00000, 0x0000000719a00000|100%| O|  |TAMS 0x0000000719800000| PB 0x0000000719800000| Untracked 
| 205|0x0000000719a00000, 0x0000000719c00000, 0x0000000719c00000|100%| O|  |TAMS 0x0000000719a00000| PB 0x0000000719a00000| Untracked 
| 206|0x0000000719c00000, 0x0000000719e00000, 0x0000000719e00000|100%| O|  |TAMS 0x0000000719c00000| PB 0x0000000719c00000| Untracked 
| 207|0x0000000719e00000, 0x000000071a000000, 0x000000071a000000|100%| O|  |TAMS 0x0000000719e00000| PB 0x0000000719e00000| Untracked 
| 208|0x000000071a000000, 0x000000071a200000, 0x000000071a200000|100%| O|  |TAMS 0x000000071a000000| PB 0x000000071a000000| Untracked 
| 209|0x000000071a200000, 0x000000071a400000, 0x000000071a400000|100%| O|  |TAMS 0x000000071a200000| PB 0x000000071a200000| Untracked 
| 210|0x000000071a400000, 0x000000071a600000, 0x000000071a600000|100%| O|  |TAMS 0x000000071a400000| PB 0x000000071a400000| Untracked 
| 211|0x000000071a600000, 0x000000071a800000, 0x000000071a800000|100%| O|  |TAMS 0x000000071a600000| PB 0x000000071a600000| Untracked 
| 212|0x000000071a800000, 0x000000071aa00000, 0x000000071aa00000|100%| O|  |TAMS 0x000000071a800000| PB 0x000000071a800000| Untracked 
| 213|0x000000071aa00000, 0x000000071ac00000, 0x000000071ac00000|100%| O|  |TAMS 0x000000071aa00000| PB 0x000000071aa00000| Untracked 
| 214|0x000000071ac00000, 0x000000071ae00000, 0x000000071ae00000|100%| O|  |TAMS 0x000000071ac00000| PB 0x000000071ac00000| Untracked 
| 215|0x000000071ae00000, 0x000000071b000000, 0x000000071b000000|100%| O|  |TAMS 0x000000071ae00000| PB 0x000000071ae00000| Untracked 
| 216|0x000000071b000000, 0x000000071b200000, 0x000000071b200000|100%| O|  |TAMS 0x000000071b000000| PB 0x000000071b000000| Untracked 
| 217|0x000000071b200000, 0x000000071b400000, 0x000000071b400000|100%| O|  |TAMS 0x000000071b200000| PB 0x000000071b200000| Untracked 
| 218|0x000000071b400000, 0x000000071b600000, 0x000000071b600000|100%| O|  |TAMS 0x000000071b400000| PB 0x000000071b400000| Untracked 
| 219|0x000000071b600000, 0x000000071b800000, 0x000000071b800000|100%| O|  |TAMS 0x000000071b600000| PB 0x000000071b600000| Untracked 
| 220|0x000000071b800000, 0x000000071ba00000, 0x000000071ba00000|100%| O|  |TAMS 0x000000071b800000| PB 0x000000071b800000| Untracked 
| 221|0x000000071ba00000, 0x000000071bc00000, 0x000000071bc00000|100%| O|  |TAMS 0x000000071ba00000| PB 0x000000071ba00000| Untracked 
| 222|0x000000071bc00000, 0x000000071be00000, 0x000000071be00000|100%| O|  |TAMS 0x000000071bc00000| PB 0x000000071bc00000| Untracked 
| 223|0x000000071be00000, 0x000000071c000000, 0x000000071c000000|100%| O|Cm|TAMS 0x000000071be00000| PB 0x000000071be00000| Complete 
| 224|0x000000071c000000, 0x000000071c200000, 0x000000071c200000|100%| O|  |TAMS 0x000000071c000000| PB 0x000000071c000000| Untracked 
| 225|0x000000071c200000, 0x000000071c400000, 0x000000071c400000|100%| O|Cm|TAMS 0x000000071c200000| PB 0x000000071c200000| Complete 
| 226|0x000000071c400000, 0x000000071c600000, 0x000000071c600000|100%| O|  |TAMS 0x000000071c400000| PB 0x000000071c400000| Untracked 
| 227|0x000000071c600000, 0x000000071c800000, 0x000000071c800000|100%| O|  |TAMS 0x000000071c600000| PB 0x000000071c600000| Untracked 
| 228|0x000000071c800000, 0x000000071ca00000, 0x000000071ca00000|100%| O|Cm|TAMS 0x000000071c800000| PB 0x000000071c800000| Complete 
| 229|0x000000071ca00000, 0x000000071cc00000, 0x000000071cc00000|100%| O|Cm|TAMS 0x000000071ca00000| PB 0x000000071ca00000| Complete 
| 230|0x000000071cc00000, 0x000000071ce00000, 0x000000071ce00000|100%| O|Cm|TAMS 0x000000071cc00000| PB 0x000000071cc00000| Complete 
| 231|0x000000071ce00000, 0x000000071d000000, 0x000000071d000000|100%| O|Cm|TAMS 0x000000071ce00000| PB 0x000000071ce00000| Complete 
| 232|0x000000071d000000, 0x000000071d200000, 0x000000071d200000|100%| O|Cm|TAMS 0x000000071d000000| PB 0x000000071d000000| Complete 
| 233|0x000000071d200000, 0x000000071d400000, 0x000000071d400000|100%| O|  |TAMS 0x000000071d200000| PB 0x000000071d200000| Untracked 
| 234|0x000000071d400000, 0x000000071d600000, 0x000000071d600000|100%| O|  |TAMS 0x000000071d400000| PB 0x000000071d400000| Untracked 
| 235|0x000000071d600000, 0x000000071d800000, 0x000000071d800000|100%| O|  |TAMS 0x000000071d600000| PB 0x000000071d600000| Untracked 
| 236|0x000000071d800000, 0x000000071da00000, 0x000000071da00000|100%| O|  |TAMS 0x000000071d800000| PB 0x000000071d800000| Untracked 
| 237|0x000000071da00000, 0x000000071dc00000, 0x000000071dc00000|100%| O|  |TAMS 0x000000071da00000| PB 0x000000071da00000| Untracked 
| 238|0x000000071dc00000, 0x000000071de00000, 0x000000071de00000|100%| O|Cm|TAMS 0x000000071dc00000| PB 0x000000071dc00000| Complete 
| 239|0x000000071de00000, 0x000000071e000000, 0x000000071e000000|100%| O|  |TAMS 0x000000071de00000| PB 0x000000071de00000| Untracked 
| 240|0x000000071e000000, 0x000000071e200000, 0x000000071e200000|100%| O|  |TAMS 0x000000071e000000| PB 0x000000071e000000| Untracked 
| 241|0x000000071e200000, 0x000000071e400000, 0x000000071e400000|100%|HS|  |TAMS 0x000000071e200000| PB 0x000000071e200000| Complete 
| 242|0x000000071e400000, 0x000000071e600000, 0x000000071e600000|100%| O|  |TAMS 0x000000071e400000| PB 0x000000071e400000| Untracked 
| 243|0x000000071e600000, 0x000000071e800000, 0x000000071e800000|100%| O|  |TAMS 0x000000071e600000| PB 0x000000071e600000| Untracked 
| 244|0x000000071e800000, 0x000000071ea00000, 0x000000071ea00000|100%| O|  |TAMS 0x000000071e800000| PB 0x000000071e800000| Untracked 
| 245|0x000000071ea00000, 0x000000071ec00000, 0x000000071ec00000|100%| O|  |TAMS 0x000000071ea00000| PB 0x000000071ea00000| Untracked 
| 246|0x000000071ec00000, 0x000000071ee00000, 0x000000071ee00000|100%| O|  |TAMS 0x000000071ec00000| PB 0x000000071ec00000| Untracked 
| 247|0x000000071ee00000, 0x000000071f000000, 0x000000071f000000|100%| O|  |TAMS 0x000000071ee00000| PB 0x000000071ee00000| Untracked 
| 248|0x000000071f000000, 0x000000071f200000, 0x000000071f200000|100%| O|  |TAMS 0x000000071f000000| PB 0x000000071f000000| Untracked 
| 249|0x000000071f200000, 0x000000071f400000, 0x000000071f400000|100%| O|  |TAMS 0x000000071f200000| PB 0x000000071f200000| Untracked 
| 250|0x000000071f400000, 0x000000071f600000, 0x000000071f600000|100%| O|  |TAMS 0x000000071f400000| PB 0x000000071f400000| Untracked 
| 251|0x000000071f600000, 0x000000071f800000, 0x000000071f800000|100%| O|  |TAMS 0x000000071f600000| PB 0x000000071f600000| Untracked 
| 252|0x000000071f800000, 0x000000071fa00000, 0x000000071fa00000|100%| O|  |TAMS 0x000000071f800000| PB 0x000000071f800000| Untracked 
| 253|0x000000071fa00000, 0x000000071fc00000, 0x000000071fc00000|100%| O|  |TAMS 0x000000071fa00000| PB 0x000000071fa00000| Untracked 
| 254|0x000000071fc00000, 0x000000071fe00000, 0x000000071fe00000|100%| O|  |TAMS 0x000000071fc00000| PB 0x000000071fc00000| Untracked 
| 255|0x000000071fe00000, 0x0000000720000000, 0x0000000720000000|100%| O|  |TAMS 0x000000071fe00000| PB 0x000000071fe00000| Untracked 
| 256|0x0000000720000000, 0x0000000720200000, 0x0000000720200000|100%| O|  |TAMS 0x0000000720000000| PB 0x0000000720000000| Untracked 
| 257|0x0000000720200000, 0x0000000720400000, 0x0000000720400000|100%| O|  |TAMS 0x0000000720200000| PB 0x0000000720200000| Untracked 
| 258|0x0000000720400000, 0x0000000720600000, 0x0000000720600000|100%| O|  |TAMS 0x0000000720400000| PB 0x0000000720400000| Untracked 
| 259|0x0000000720600000, 0x0000000720800000, 0x0000000720800000|100%| O|  |TAMS 0x0000000720600000| PB 0x0000000720600000| Untracked 
| 260|0x0000000720800000, 0x0000000720a00000, 0x0000000720a00000|100%| O|  |TAMS 0x0000000720800000| PB 0x0000000720800000| Untracked 
| 261|0x0000000720a00000, 0x0000000720c00000, 0x0000000720c00000|100%| O|  |TAMS 0x0000000720a00000| PB 0x0000000720a00000| Untracked 
| 262|0x0000000720c00000, 0x0000000720e00000, 0x0000000720e00000|100%| O|  |TAMS 0x0000000720c00000| PB 0x0000000720c00000| Untracked 
| 263|0x0000000720e00000, 0x0000000721000000, 0x0000000721000000|100%| O|  |TAMS 0x0000000720e00000| PB 0x0000000720e00000| Untracked 
| 264|0x0000000721000000, 0x0000000721200000, 0x0000000721200000|100%| O|  |TAMS 0x0000000721000000| PB 0x0000000721000000| Untracked 
| 265|0x0000000721200000, 0x0000000721400000, 0x0000000721400000|100%| O|  |TAMS 0x0000000721200000| PB 0x0000000721200000| Untracked 
| 266|0x0000000721400000, 0x0000000721600000, 0x0000000721600000|100%| O|  |TAMS 0x0000000721400000| PB 0x0000000721400000| Untracked 
| 267|0x0000000721600000, 0x0000000721800000, 0x0000000721800000|100%| O|  |TAMS 0x0000000721600000| PB 0x0000000721600000| Untracked 
| 268|0x0000000721800000, 0x0000000721a00000, 0x0000000721a00000|100%| O|  |TAMS 0x0000000721800000| PB 0x0000000721800000| Untracked 
| 269|0x0000000721a00000, 0x0000000721c00000, 0x0000000721c00000|100%| O|Cm|TAMS 0x0000000721a00000| PB 0x0000000721a00000| Complete 
| 270|0x0000000721c00000, 0x0000000721e00000, 0x0000000721e00000|100%| O|  |TAMS 0x0000000721c00000| PB 0x0000000721c00000| Untracked 
| 271|0x0000000721e00000, 0x0000000722000000, 0x0000000722000000|100%| O|  |TAMS 0x0000000721e00000| PB 0x0000000721e00000| Untracked 
| 272|0x0000000722000000, 0x0000000722200000, 0x0000000722200000|100%| O|  |TAMS 0x0000000722000000| PB 0x0000000722000000| Untracked 
| 273|0x0000000722200000, 0x0000000722400000, 0x0000000722400000|100%| O|  |TAMS 0x0000000722200000| PB 0x0000000722200000| Untracked 
| 274|0x0000000722400000, 0x0000000722600000, 0x0000000722600000|100%| O|  |TAMS 0x0000000722400000| PB 0x0000000722400000| Untracked 
| 275|0x0000000722600000, 0x0000000722800000, 0x0000000722800000|100%| O|  |TAMS 0x0000000722600000| PB 0x0000000722600000| Untracked 
| 276|0x0000000722800000, 0x0000000722a00000, 0x0000000722a00000|100%| O|  |TAMS 0x0000000722800000| PB 0x0000000722800000| Untracked 
| 277|0x0000000722a00000, 0x0000000722c00000, 0x0000000722c00000|100%| O|  |TAMS 0x0000000722a00000| PB 0x0000000722a00000| Untracked 
| 278|0x0000000722c00000, 0x0000000722e00000, 0x0000000722e00000|100%| O|  |TAMS 0x0000000722c00000| PB 0x0000000722c00000| Untracked 
| 279|0x0000000722e00000, 0x0000000723000000, 0x0000000723000000|100%| O|  |TAMS 0x0000000722e00000| PB 0x0000000722e00000| Untracked 
| 280|0x0000000723000000, 0x0000000723200000, 0x0000000723200000|100%| O|  |TAMS 0x0000000723000000| PB 0x0000000723000000| Untracked 
| 281|0x0000000723200000, 0x0000000723400000, 0x0000000723400000|100%| O|  |TAMS 0x0000000723200000| PB 0x0000000723200000| Untracked 
| 282|0x0000000723400000, 0x0000000723600000, 0x0000000723600000|100%| O|  |TAMS 0x0000000723400000| PB 0x0000000723400000| Untracked 
| 283|0x0000000723600000, 0x0000000723800000, 0x0000000723800000|100%| O|Cm|TAMS 0x0000000723600000| PB 0x0000000723600000| Complete 
| 284|0x0000000723800000, 0x0000000723a00000, 0x0000000723a00000|100%| O|Cm|TAMS 0x0000000723800000| PB 0x0000000723800000| Complete 
| 285|0x0000000723a00000, 0x0000000723c00000, 0x0000000723c00000|100%| O|  |TAMS 0x0000000723a00000| PB 0x0000000723a00000| Untracked 
| 286|0x0000000723c00000, 0x0000000723e00000, 0x0000000723e00000|100%| O|  |TAMS 0x0000000723c00000| PB 0x0000000723c00000| Untracked 
| 287|0x0000000723e00000, 0x0000000724000000, 0x0000000724000000|100%| O|  |TAMS 0x0000000723e00000| PB 0x0000000723e00000| Untracked 
| 288|0x0000000724000000, 0x0000000724200000, 0x0000000724200000|100%| O|  |TAMS 0x0000000724000000| PB 0x0000000724000000| Untracked 
| 289|0x0000000724200000, 0x0000000724400000, 0x0000000724400000|100%| O|  |TAMS 0x0000000724200000| PB 0x0000000724200000| Untracked 
| 290|0x0000000724400000, 0x0000000724600000, 0x0000000724600000|100%| O|  |TAMS 0x0000000724400000| PB 0x0000000724400000| Untracked 
| 291|0x0000000724600000, 0x0000000724800000, 0x0000000724800000|100%| O|  |TAMS 0x0000000724600000| PB 0x0000000724600000| Untracked 
| 292|0x0000000724800000, 0x0000000724a00000, 0x0000000724a00000|100%| O|  |TAMS 0x0000000724800000| PB 0x0000000724800000| Untracked 
| 293|0x0000000724a00000, 0x0000000724c00000, 0x0000000724c00000|100%| O|  |TAMS 0x0000000724a00000| PB 0x0000000724a00000| Untracked 
| 294|0x0000000724c00000, 0x0000000724e00000, 0x0000000724e00000|100%| O|Cm|TAMS 0x0000000724c00000| PB 0x0000000724c00000| Complete 
| 295|0x0000000724e00000, 0x0000000725000000, 0x0000000725000000|100%| O|Cm|TAMS 0x0000000724e00000| PB 0x0000000724e00000| Complete 
| 296|0x0000000725000000, 0x0000000725200000, 0x0000000725200000|100%| O|  |TAMS 0x0000000725000000| PB 0x0000000725000000| Untracked 
| 297|0x0000000725200000, 0x0000000725400000, 0x0000000725400000|100%| O|  |TAMS 0x0000000725200000| PB 0x0000000725200000| Untracked 
| 298|0x0000000725400000, 0x0000000725600000, 0x0000000725600000|100%| O|  |TAMS 0x0000000725400000| PB 0x0000000725400000| Untracked 
| 299|0x0000000725600000, 0x0000000725800000, 0x0000000725800000|100%| O|  |TAMS 0x0000000725600000| PB 0x0000000725600000| Untracked 
| 300|0x0000000725800000, 0x0000000725a00000, 0x0000000725a00000|100%| O|  |TAMS 0x0000000725800000| PB 0x0000000725800000| Untracked 
| 301|0x0000000725a00000, 0x0000000725c00000, 0x0000000725c00000|100%| O|  |TAMS 0x0000000725a00000| PB 0x0000000725a00000| Untracked 
| 302|0x0000000725c00000, 0x0000000725e00000, 0x0000000725e00000|100%| O|  |TAMS 0x0000000725c00000| PB 0x0000000725c00000| Untracked 
| 303|0x0000000725e00000, 0x0000000726000000, 0x0000000726000000|100%| O|  |TAMS 0x0000000725e00000| PB 0x0000000725e00000| Untracked 
| 304|0x0000000726000000, 0x0000000726200000, 0x0000000726200000|100%| O|  |TAMS 0x0000000726000000| PB 0x0000000726000000| Untracked 
| 305|0x0000000726200000, 0x0000000726400000, 0x0000000726400000|100%| O|  |TAMS 0x0000000726200000| PB 0x0000000726200000| Untracked 
| 306|0x0000000726400000, 0x0000000726600000, 0x0000000726600000|100%| O|  |TAMS 0x0000000726400000| PB 0x0000000726400000| Untracked 
| 307|0x0000000726600000, 0x0000000726800000, 0x0000000726800000|100%| O|  |TAMS 0x0000000726600000| PB 0x0000000726600000| Untracked 
| 308|0x0000000726800000, 0x0000000726a00000, 0x0000000726a00000|100%| O|  |TAMS 0x0000000726800000| PB 0x0000000726800000| Untracked 
| 309|0x0000000726a00000, 0x0000000726c00000, 0x0000000726c00000|100%| O|  |TAMS 0x0000000726a00000| PB 0x0000000726a00000| Untracked 
| 310|0x0000000726c00000, 0x0000000726e00000, 0x0000000726e00000|100%| O|  |TAMS 0x0000000726c00000| PB 0x0000000726c00000| Untracked 
| 311|0x0000000726e00000, 0x0000000727000000, 0x0000000727000000|100%| O|  |TAMS 0x0000000726e00000| PB 0x0000000726e00000| Untracked 
| 312|0x0000000727000000, 0x0000000727200000, 0x0000000727200000|100%| O|  |TAMS 0x0000000727000000| PB 0x0000000727000000| Untracked 
| 313|0x0000000727200000, 0x0000000727400000, 0x0000000727400000|100%| O|  |TAMS 0x0000000727200000| PB 0x0000000727200000| Untracked 
| 314|0x0000000727400000, 0x0000000727600000, 0x0000000727600000|100%| O|  |TAMS 0x0000000727400000| PB 0x0000000727400000| Untracked 
| 315|0x0000000727600000, 0x0000000727800000, 0x0000000727800000|100%| O|  |TAMS 0x0000000727600000| PB 0x0000000727600000| Untracked 
| 316|0x0000000727800000, 0x0000000727a00000, 0x0000000727a00000|100%| O|  |TAMS 0x0000000727800000| PB 0x0000000727800000| Untracked 
| 317|0x0000000727a00000, 0x0000000727c00000, 0x0000000727c00000|100%| O|  |TAMS 0x0000000727a00000| PB 0x0000000727a00000| Untracked 
| 318|0x0000000727c00000, 0x0000000727e00000, 0x0000000727e00000|100%| O|  |TAMS 0x0000000727c00000| PB 0x0000000727c00000| Untracked 
| 319|0x0000000727e00000, 0x0000000728000000, 0x0000000728000000|100%| O|  |TAMS 0x0000000727e00000| PB 0x0000000727e00000| Untracked 
| 320|0x0000000728000000, 0x0000000728200000, 0x0000000728200000|100%| O|  |TAMS 0x0000000728000000| PB 0x0000000728000000| Untracked 
| 321|0x0000000728200000, 0x0000000728400000, 0x0000000728400000|100%| O|  |TAMS 0x0000000728200000| PB 0x0000000728200000| Untracked 
| 322|0x0000000728400000, 0x0000000728600000, 0x0000000728600000|100%| O|  |TAMS 0x0000000728400000| PB 0x0000000728400000| Untracked 
| 323|0x0000000728600000, 0x0000000728800000, 0x0000000728800000|100%| O|Cm|TAMS 0x0000000728600000| PB 0x0000000728600000| Complete 
| 324|0x0000000728800000, 0x0000000728a00000, 0x0000000728a00000|100%| O|  |TAMS 0x0000000728800000| PB 0x0000000728800000| Untracked 
| 325|0x0000000728a00000, 0x0000000728c00000, 0x0000000728c00000|100%| O|  |TAMS 0x0000000728a00000| PB 0x0000000728a00000| Untracked 
| 326|0x0000000728c00000, 0x0000000728c00000, 0x0000000728e00000|  0%| F|  |TAMS 0x0000000728c00000| PB 0x0000000728c00000| Untracked 
| 327|0x0000000728e00000, 0x0000000729000000, 0x0000000729000000|100%| O|  |TAMS 0x0000000728e00000| PB 0x0000000728e00000| Untracked 
| 328|0x0000000729000000, 0x0000000729200000, 0x0000000729200000|100%| O|  |TAMS 0x0000000729000000| PB 0x0000000729000000| Untracked 
| 329|0x0000000729200000, 0x0000000729400000, 0x0000000729400000|100%| O|  |TAMS 0x0000000729200000| PB 0x0000000729200000| Untracked 
| 330|0x0000000729400000, 0x0000000729600000, 0x0000000729600000|100%| O|  |TAMS 0x0000000729400000| PB 0x0000000729400000| Untracked 
| 331|0x0000000729600000, 0x0000000729800000, 0x0000000729800000|100%| O|  |TAMS 0x0000000729600000| PB 0x0000000729600000| Untracked 
| 332|0x0000000729800000, 0x0000000729a00000, 0x0000000729a00000|100%| O|  |TAMS 0x0000000729800000| PB 0x0000000729800000| Untracked 
| 333|0x0000000729a00000, 0x0000000729c00000, 0x0000000729c00000|100%| O|  |TAMS 0x0000000729a00000| PB 0x0000000729a00000| Untracked 
| 334|0x0000000729c00000, 0x0000000729e00000, 0x0000000729e00000|100%| O|  |TAMS 0x0000000729c00000| PB 0x0000000729c00000| Untracked 
| 335|0x0000000729e00000, 0x000000072a000000, 0x000000072a000000|100%| O|  |TAMS 0x0000000729e00000| PB 0x0000000729e00000| Untracked 
| 336|0x000000072a000000, 0x000000072a200000, 0x000000072a200000|100%| O|  |TAMS 0x000000072a000000| PB 0x000000072a000000| Untracked 
| 337|0x000000072a200000, 0x000000072a400000, 0x000000072a400000|100%| O|  |TAMS 0x000000072a200000| PB 0x000000072a200000| Untracked 
| 338|0x000000072a400000, 0x000000072a600000, 0x000000072a600000|100%| O|  |TAMS 0x000000072a400000| PB 0x000000072a400000| Untracked 
| 339|0x000000072a600000, 0x000000072a800000, 0x000000072a800000|100%| O|  |TAMS 0x000000072a600000| PB 0x000000072a600000| Untracked 
| 340|0x000000072a800000, 0x000000072aa00000, 0x000000072aa00000|100%| O|  |TAMS 0x000000072a800000| PB 0x000000072a800000| Untracked 
| 341|0x000000072aa00000, 0x000000072ac00000, 0x000000072ac00000|100%| O|  |TAMS 0x000000072aa00000| PB 0x000000072aa00000| Untracked 
| 342|0x000000072ac00000, 0x000000072ae00000, 0x000000072ae00000|100%| O|  |TAMS 0x000000072ac00000| PB 0x000000072ac00000| Untracked 
| 343|0x000000072ae00000, 0x000000072b000000, 0x000000072b000000|100%| O|  |TAMS 0x000000072ae00000| PB 0x000000072ae00000| Untracked 
| 344|0x000000072b000000, 0x000000072b200000, 0x000000072b200000|100%| O|  |TAMS 0x000000072b000000| PB 0x000000072b000000| Untracked 
| 345|0x000000072b200000, 0x000000072b400000, 0x000000072b400000|100%| O|  |TAMS 0x000000072b200000| PB 0x000000072b200000| Untracked 
| 346|0x000000072b400000, 0x000000072b600000, 0x000000072b600000|100%| O|  |TAMS 0x000000072b400000| PB 0x000000072b400000| Untracked 
| 347|0x000000072b600000, 0x000000072b800000, 0x000000072b800000|100%| O|  |TAMS 0x000000072b600000| PB 0x000000072b600000| Untracked 
| 348|0x000000072b800000, 0x000000072ba00000, 0x000000072ba00000|100%| O|  |TAMS 0x000000072b800000| PB 0x000000072b800000| Untracked 
| 349|0x000000072ba00000, 0x000000072bc00000, 0x000000072bc00000|100%| O|  |TAMS 0x000000072ba00000| PB 0x000000072ba00000| Untracked 
| 350|0x000000072bc00000, 0x000000072be00000, 0x000000072be00000|100%| O|  |TAMS 0x000000072bc00000| PB 0x000000072bc00000| Untracked 
| 351|0x000000072be00000, 0x000000072c000000, 0x000000072c000000|100%| O|  |TAMS 0x000000072be00000| PB 0x000000072be00000| Untracked 
| 352|0x000000072c000000, 0x000000072c200000, 0x000000072c200000|100%| O|  |TAMS 0x000000072c000000| PB 0x000000072c000000| Untracked 
| 353|0x000000072c200000, 0x000000072c400000, 0x000000072c400000|100%| O|  |TAMS 0x000000072c200000| PB 0x000000072c200000| Untracked 
| 354|0x000000072c400000, 0x000000072c600000, 0x000000072c600000|100%| O|Cm|TAMS 0x000000072c400000| PB 0x000000072c400000| Complete 
| 355|0x000000072c600000, 0x000000072c800000, 0x000000072c800000|100%| O|  |TAMS 0x000000072c600000| PB 0x000000072c600000| Untracked 
| 356|0x000000072c800000, 0x000000072ca00000, 0x000000072ca00000|100%| O|  |TAMS 0x000000072c800000| PB 0x000000072c800000| Untracked 
| 357|0x000000072ca00000, 0x000000072cc00000, 0x000000072cc00000|100%| O|  |TAMS 0x000000072ca00000| PB 0x000000072ca00000| Untracked 
| 358|0x000000072cc00000, 0x000000072ce00000, 0x000000072ce00000|100%| O|  |TAMS 0x000000072cc00000| PB 0x000000072cc00000| Untracked 
| 359|0x000000072ce00000, 0x000000072d000000, 0x000000072d000000|100%| O|  |TAMS 0x000000072ce00000| PB 0x000000072ce00000| Untracked 
| 360|0x000000072d000000, 0x000000072d200000, 0x000000072d200000|100%| O|  |TAMS 0x000000072d000000| PB 0x000000072d000000| Untracked 
| 361|0x000000072d200000, 0x000000072d400000, 0x000000072d400000|100%| O|  |TAMS 0x000000072d200000| PB 0x000000072d200000| Untracked 
| 362|0x000000072d400000, 0x000000072d600000, 0x000000072d600000|100%| O|  |TAMS 0x000000072d400000| PB 0x000000072d400000| Untracked 
| 363|0x000000072d600000, 0x000000072d800000, 0x000000072d800000|100%| O|  |TAMS 0x000000072d600000| PB 0x000000072d600000| Untracked 
| 364|0x000000072d800000, 0x000000072da00000, 0x000000072da00000|100%| O|  |TAMS 0x000000072d800000| PB 0x000000072d800000| Untracked 
| 365|0x000000072da00000, 0x000000072dc00000, 0x000000072dc00000|100%| O|  |TAMS 0x000000072da00000| PB 0x000000072da00000| Untracked 
| 366|0x000000072dc00000, 0x000000072de00000, 0x000000072de00000|100%| O|  |TAMS 0x000000072dc00000| PB 0x000000072dc00000| Untracked 
| 367|0x000000072de00000, 0x000000072e000000, 0x000000072e000000|100%| O|  |TAMS 0x000000072de00000| PB 0x000000072de00000| Untracked 
| 368|0x000000072e000000, 0x000000072e200000, 0x000000072e200000|100%| O|  |TAMS 0x000000072e000000| PB 0x000000072e000000| Untracked 
| 369|0x000000072e200000, 0x000000072e400000, 0x000000072e400000|100%| O|  |TAMS 0x000000072e200000| PB 0x000000072e200000| Untracked 
| 370|0x000000072e400000, 0x000000072e600000, 0x000000072e600000|100%| O|  |TAMS 0x000000072e400000| PB 0x000000072e400000| Untracked 
| 371|0x000000072e600000, 0x000000072e800000, 0x000000072e800000|100%| O|  |TAMS 0x000000072e600000| PB 0x000000072e600000| Untracked 
| 372|0x000000072e800000, 0x000000072ea00000, 0x000000072ea00000|100%| O|  |TAMS 0x000000072e800000| PB 0x000000072e800000| Untracked 
| 373|0x000000072ea00000, 0x000000072ec00000, 0x000000072ec00000|100%| O|  |TAMS 0x000000072ea00000| PB 0x000000072ea00000| Untracked 
| 374|0x000000072ec00000, 0x000000072ee00000, 0x000000072ee00000|100%| O|  |TAMS 0x000000072ec00000| PB 0x000000072ec00000| Untracked 
| 375|0x000000072ee00000, 0x000000072f000000, 0x000000072f000000|100%| O|  |TAMS 0x000000072ee00000| PB 0x000000072ee00000| Untracked 
| 376|0x000000072f000000, 0x000000072f200000, 0x000000072f200000|100%| O|  |TAMS 0x000000072f000000| PB 0x000000072f000000| Untracked 
| 377|0x000000072f200000, 0x000000072f400000, 0x000000072f400000|100%| O|  |TAMS 0x000000072f200000| PB 0x000000072f200000| Untracked 
| 378|0x000000072f400000, 0x000000072f600000, 0x000000072f600000|100%| O|  |TAMS 0x000000072f400000| PB 0x000000072f400000| Untracked 
| 379|0x000000072f600000, 0x000000072f800000, 0x000000072f800000|100%| O|  |TAMS 0x000000072f600000| PB 0x000000072f600000| Untracked 
| 380|0x000000072f800000, 0x000000072fa00000, 0x000000072fa00000|100%| O|  |TAMS 0x000000072f800000| PB 0x000000072f800000| Untracked 
| 381|0x000000072fa00000, 0x000000072fc00000, 0x000000072fc00000|100%| O|  |TAMS 0x000000072fa00000| PB 0x000000072fa00000| Untracked 
| 382|0x000000072fc00000, 0x000000072fe00000, 0x000000072fe00000|100%| O|  |TAMS 0x000000072fc00000| PB 0x000000072fc00000| Untracked 
| 383|0x000000072fe00000, 0x0000000730000000, 0x0000000730000000|100%| O|  |TAMS 0x000000072fe00000| PB 0x000000072fe00000| Untracked 
| 384|0x0000000730000000, 0x0000000730200000, 0x0000000730200000|100%| O|  |TAMS 0x0000000730000000| PB 0x0000000730000000| Untracked 
| 385|0x0000000730200000, 0x0000000730400000, 0x0000000730400000|100%| O|  |TAMS 0x0000000730200000| PB 0x0000000730200000| Untracked 
| 386|0x0000000730400000, 0x0000000730600000, 0x0000000730600000|100%| O|  |TAMS 0x0000000730400000| PB 0x0000000730400000| Untracked 
| 387|0x0000000730600000, 0x0000000730800000, 0x0000000730800000|100%| O|  |TAMS 0x0000000730600000| PB 0x0000000730600000| Untracked 
| 388|0x0000000730800000, 0x0000000730a00000, 0x0000000730a00000|100%| O|  |TAMS 0x0000000730800000| PB 0x0000000730800000| Untracked 
| 389|0x0000000730a00000, 0x0000000730c00000, 0x0000000730c00000|100%| O|  |TAMS 0x0000000730a00000| PB 0x0000000730a00000| Untracked 
| 390|0x0000000730c00000, 0x0000000730e00000, 0x0000000730e00000|100%| O|  |TAMS 0x0000000730c00000| PB 0x0000000730c00000| Untracked 
| 391|0x0000000730e00000, 0x0000000731000000, 0x0000000731000000|100%| O|  |TAMS 0x0000000730e00000| PB 0x0000000730e00000| Untracked 
| 392|0x0000000731000000, 0x0000000731200000, 0x0000000731200000|100%| O|  |TAMS 0x0000000731000000| PB 0x0000000731000000| Untracked 
| 393|0x0000000731200000, 0x0000000731400000, 0x0000000731400000|100%| O|  |TAMS 0x0000000731200000| PB 0x0000000731200000| Untracked 
| 394|0x0000000731400000, 0x0000000731600000, 0x0000000731600000|100%| O|  |TAMS 0x0000000731400000| PB 0x0000000731400000| Untracked 
| 395|0x0000000731600000, 0x0000000731800000, 0x0000000731800000|100%| O|  |TAMS 0x0000000731600000| PB 0x0000000731600000| Untracked 
| 396|0x0000000731800000, 0x0000000731a00000, 0x0000000731a00000|100%| O|  |TAMS 0x0000000731800000| PB 0x0000000731800000| Untracked 
| 397|0x0000000731a00000, 0x0000000731c00000, 0x0000000731c00000|100%| O|  |TAMS 0x0000000731a00000| PB 0x0000000731a00000| Untracked 
| 398|0x0000000731c00000, 0x0000000731e00000, 0x0000000731e00000|100%| O|  |TAMS 0x0000000731c00000| PB 0x0000000731c00000| Untracked 
| 399|0x0000000731e00000, 0x0000000732000000, 0x0000000732000000|100%| O|  |TAMS 0x0000000731e00000| PB 0x0000000731e00000| Untracked 
| 400|0x0000000732000000, 0x0000000732200000, 0x0000000732200000|100%| O|  |TAMS 0x0000000732000000| PB 0x0000000732000000| Untracked 
| 401|0x0000000732200000, 0x0000000732400000, 0x0000000732400000|100%| O|  |TAMS 0x0000000732200000| PB 0x0000000732200000| Untracked 
| 402|0x0000000732400000, 0x0000000732600000, 0x0000000732600000|100%| O|  |TAMS 0x0000000732400000| PB 0x0000000732400000| Untracked 
| 403|0x0000000732600000, 0x0000000732800000, 0x0000000732800000|100%| O|  |TAMS 0x0000000732600000| PB 0x0000000732600000| Untracked 
| 404|0x0000000732800000, 0x0000000732a00000, 0x0000000732a00000|100%| O|  |TAMS 0x0000000732800000| PB 0x0000000732800000| Untracked 
| 405|0x0000000732a00000, 0x0000000732c00000, 0x0000000732c00000|100%| O|  |TAMS 0x0000000732a00000| PB 0x0000000732a00000| Untracked 
| 406|0x0000000732c00000, 0x0000000732e00000, 0x0000000732e00000|100%| O|  |TAMS 0x0000000732c00000| PB 0x0000000732c00000| Untracked 
| 407|0x0000000732e00000, 0x0000000733000000, 0x0000000733000000|100%| O|  |TAMS 0x0000000732e00000| PB 0x0000000732e00000| Untracked 
| 408|0x0000000733000000, 0x0000000733200000, 0x0000000733200000|100%| O|  |TAMS 0x0000000733000000| PB 0x0000000733000000| Untracked 
| 409|0x0000000733200000, 0x0000000733400000, 0x0000000733400000|100%| O|  |TAMS 0x0000000733200000| PB 0x0000000733200000| Untracked 
| 410|0x0000000733400000, 0x0000000733600000, 0x0000000733600000|100%| O|  |TAMS 0x0000000733400000| PB 0x0000000733400000| Untracked 
| 411|0x0000000733600000, 0x0000000733800000, 0x0000000733800000|100%| O|  |TAMS 0x0000000733600000| PB 0x0000000733600000| Untracked 
| 412|0x0000000733800000, 0x0000000733a00000, 0x0000000733a00000|100%| O|Cm|TAMS 0x0000000733800000| PB 0x0000000733800000| Complete 
| 413|0x0000000733a00000, 0x0000000733c00000, 0x0000000733c00000|100%| O|  |TAMS 0x0000000733a00000| PB 0x0000000733a00000| Untracked 
| 414|0x0000000733c00000, 0x0000000733e00000, 0x0000000733e00000|100%| O|  |TAMS 0x0000000733c00000| PB 0x0000000733c00000| Untracked 
| 415|0x0000000733e00000, 0x0000000734000000, 0x0000000734000000|100%| O|  |TAMS 0x0000000733e00000| PB 0x0000000733e00000| Untracked 
| 416|0x0000000734000000, 0x0000000734200000, 0x0000000734200000|100%| O|  |TAMS 0x0000000734000000| PB 0x0000000734000000| Untracked 
| 417|0x0000000734200000, 0x0000000734400000, 0x0000000734400000|100%| O|  |TAMS 0x0000000734200000| PB 0x0000000734200000| Untracked 
| 418|0x0000000734400000, 0x0000000734600000, 0x0000000734600000|100%| O|  |TAMS 0x0000000734400000| PB 0x0000000734400000| Untracked 
| 419|0x0000000734600000, 0x0000000734800000, 0x0000000734800000|100%| O|  |TAMS 0x0000000734600000| PB 0x0000000734600000| Untracked 
| 420|0x0000000734800000, 0x0000000734a00000, 0x0000000734a00000|100%| O|  |TAMS 0x0000000734800000| PB 0x0000000734800000| Untracked 
| 421|0x0000000734a00000, 0x0000000734c00000, 0x0000000734c00000|100%|HS|  |TAMS 0x0000000734a00000| PB 0x0000000734a00000| Complete 
| 422|0x0000000734c00000, 0x0000000734e00000, 0x0000000734e00000|100%|HC|  |TAMS 0x0000000734c00000| PB 0x0000000734c00000| Complete 
| 423|0x0000000734e00000, 0x0000000735000000, 0x0000000735000000|100%| O|  |TAMS 0x0000000734e00000| PB 0x0000000734e00000| Untracked 
| 424|0x0000000735000000, 0x0000000735200000, 0x0000000735200000|100%| O|  |TAMS 0x0000000735000000| PB 0x0000000735000000| Untracked 
| 425|0x0000000735200000, 0x0000000735400000, 0x0000000735400000|100%| O|  |TAMS 0x0000000735200000| PB 0x0000000735200000| Untracked 
| 426|0x0000000735400000, 0x0000000735600000, 0x0000000735600000|100%| O|  |TAMS 0x0000000735400000| PB 0x0000000735400000| Untracked 
| 427|0x0000000735600000, 0x0000000735800000, 0x0000000735800000|100%| O|  |TAMS 0x0000000735600000| PB 0x0000000735600000| Untracked 
| 428|0x0000000735800000, 0x0000000735a00000, 0x0000000735a00000|100%| O|  |TAMS 0x0000000735800000| PB 0x0000000735800000| Untracked 
| 429|0x0000000735a00000, 0x0000000735c00000, 0x0000000735c00000|100%| O|  |TAMS 0x0000000735a00000| PB 0x0000000735a00000| Untracked 
| 430|0x0000000735c00000, 0x0000000735e00000, 0x0000000735e00000|100%| O|  |TAMS 0x0000000735c00000| PB 0x0000000735c00000| Untracked 
| 431|0x0000000735e00000, 0x0000000736000000, 0x0000000736000000|100%| O|Cm|TAMS 0x0000000735e00000| PB 0x0000000735e00000| Complete 
| 432|0x0000000736000000, 0x0000000736200000, 0x0000000736200000|100%| O|  |TAMS 0x0000000736000000| PB 0x0000000736000000| Untracked 
| 433|0x0000000736200000, 0x0000000736400000, 0x0000000736400000|100%| O|  |TAMS 0x0000000736200000| PB 0x0000000736200000| Untracked 
| 434|0x0000000736400000, 0x0000000736600000, 0x0000000736600000|100%| O|  |TAMS 0x0000000736400000| PB 0x0000000736400000| Untracked 
| 435|0x0000000736600000, 0x0000000736800000, 0x0000000736800000|100%| O|  |TAMS 0x0000000736600000| PB 0x0000000736600000| Untracked 
| 436|0x0000000736800000, 0x0000000736a00000, 0x0000000736a00000|100%| O|  |TAMS 0x0000000736800000| PB 0x0000000736800000| Untracked 
| 437|0x0000000736a00000, 0x0000000736c00000, 0x0000000736c00000|100%| O|  |TAMS 0x0000000736a00000| PB 0x0000000736a00000| Untracked 
| 438|0x0000000736c00000, 0x0000000736e00000, 0x0000000736e00000|100%| O|  |TAMS 0x0000000736c00000| PB 0x0000000736c00000| Untracked 
| 439|0x0000000736e00000, 0x0000000737000000, 0x0000000737000000|100%| O|  |TAMS 0x0000000736e00000| PB 0x0000000736e00000| Untracked 
| 440|0x0000000737000000, 0x0000000737200000, 0x0000000737200000|100%| O|  |TAMS 0x0000000737000000| PB 0x0000000737000000| Untracked 
| 441|0x0000000737200000, 0x0000000737400000, 0x0000000737400000|100%| O|Cm|TAMS 0x0000000737200000| PB 0x0000000737200000| Complete 
| 442|0x0000000737400000, 0x0000000737600000, 0x0000000737600000|100%| O|  |TAMS 0x0000000737400000| PB 0x0000000737400000| Untracked 
| 443|0x0000000737600000, 0x0000000737800000, 0x0000000737800000|100%| O|  |TAMS 0x0000000737600000| PB 0x0000000737600000| Untracked 
| 444|0x0000000737800000, 0x0000000737a00000, 0x0000000737a00000|100%| O|  |TAMS 0x0000000737800000| PB 0x0000000737800000| Untracked 
| 445|0x0000000737a00000, 0x0000000737c00000, 0x0000000737c00000|100%| O|  |TAMS 0x0000000737a00000| PB 0x0000000737a00000| Untracked 
| 446|0x0000000737c00000, 0x0000000737e00000, 0x0000000737e00000|100%| O|Cm|TAMS 0x0000000737c00000| PB 0x0000000737c00000| Complete 
| 447|0x0000000737e00000, 0x0000000738000000, 0x0000000738000000|100%| O|  |TAMS 0x0000000737e00000| PB 0x0000000737e00000| Untracked 
| 448|0x0000000738000000, 0x0000000738200000, 0x0000000738200000|100%| O|  |TAMS 0x0000000738000000| PB 0x0000000738000000| Untracked 
| 449|0x0000000738200000, 0x0000000738400000, 0x0000000738400000|100%| O|  |TAMS 0x0000000738200000| PB 0x0000000738200000| Untracked 
| 450|0x0000000738400000, 0x0000000738600000, 0x0000000738600000|100%| O|Cm|TAMS 0x0000000738400000| PB 0x0000000738400000| Complete 
| 451|0x0000000738600000, 0x0000000738800000, 0x0000000738800000|100%| O|  |TAMS 0x0000000738600000| PB 0x0000000738600000| Untracked 
| 452|0x0000000738800000, 0x0000000738a00000, 0x0000000738a00000|100%| O|  |TAMS 0x0000000738800000| PB 0x0000000738800000| Untracked 
| 453|0x0000000738a00000, 0x0000000738c00000, 0x0000000738c00000|100%| O|  |TAMS 0x0000000738a00000| PB 0x0000000738a00000| Untracked 
| 454|0x0000000738c00000, 0x0000000738e00000, 0x0000000738e00000|100%| O|  |TAMS 0x0000000738c00000| PB 0x0000000738c00000| Untracked 
| 455|0x0000000738e00000, 0x0000000739000000, 0x0000000739000000|100%| O|  |TAMS 0x0000000738e00000| PB 0x0000000738e00000| Untracked 
| 456|0x0000000739000000, 0x0000000739200000, 0x0000000739200000|100%| O|Cm|TAMS 0x0000000739000000| PB 0x0000000739000000| Complete 
| 457|0x0000000739200000, 0x0000000739400000, 0x0000000739400000|100%| O|  |TAMS 0x0000000739200000| PB 0x0000000739200000| Untracked 
| 458|0x0000000739400000, 0x0000000739600000, 0x0000000739600000|100%| O|  |TAMS 0x0000000739400000| PB 0x0000000739400000| Untracked 
| 459|0x0000000739600000, 0x0000000739800000, 0x0000000739800000|100%| O|  |TAMS 0x0000000739600000| PB 0x0000000739600000| Untracked 
| 460|0x0000000739800000, 0x0000000739a00000, 0x0000000739a00000|100%| O|  |TAMS 0x0000000739800000| PB 0x0000000739800000| Untracked 
| 461|0x0000000739a00000, 0x0000000739c00000, 0x0000000739c00000|100%| O|Cm|TAMS 0x0000000739a00000| PB 0x0000000739a00000| Complete 
| 462|0x0000000739c00000, 0x0000000739e00000, 0x0000000739e00000|100%| O|Cm|TAMS 0x0000000739c00000| PB 0x0000000739c00000| Complete 
| 463|0x0000000739e00000, 0x000000073a000000, 0x000000073a000000|100%| O|  |TAMS 0x0000000739e00000| PB 0x0000000739e00000| Untracked 
| 464|0x000000073a000000, 0x000000073a200000, 0x000000073a200000|100%| O|  |TAMS 0x000000073a000000| PB 0x000000073a000000| Untracked 
| 465|0x000000073a200000, 0x000000073a400000, 0x000000073a400000|100%| O|  |TAMS 0x000000073a200000| PB 0x000000073a200000| Untracked 
| 466|0x000000073a400000, 0x000000073a600000, 0x000000073a600000|100%| O|  |TAMS 0x000000073a400000| PB 0x000000073a400000| Untracked 
| 467|0x000000073a600000, 0x000000073a800000, 0x000000073a800000|100%| O|  |TAMS 0x000000073a600000| PB 0x000000073a600000| Untracked 
| 468|0x000000073a800000, 0x000000073aa00000, 0x000000073aa00000|100%| O|  |TAMS 0x000000073a800000| PB 0x000000073a800000| Untracked 
| 469|0x000000073aa00000, 0x000000073ac00000, 0x000000073ac00000|100%| O|  |TAMS 0x000000073aa00000| PB 0x000000073aa00000| Untracked 
| 470|0x000000073ac00000, 0x000000073ae00000, 0x000000073ae00000|100%| O|  |TAMS 0x000000073ac00000| PB 0x000000073ac00000| Untracked 
| 471|0x000000073ae00000, 0x000000073b000000, 0x000000073b000000|100%| O|  |TAMS 0x000000073ae00000| PB 0x000000073ae00000| Untracked 
| 472|0x000000073b000000, 0x000000073b200000, 0x000000073b200000|100%| O|  |TAMS 0x000000073b000000| PB 0x000000073b000000| Untracked 
| 473|0x000000073b200000, 0x000000073b400000, 0x000000073b400000|100%| O|  |TAMS 0x000000073b200000| PB 0x000000073b200000| Untracked 
| 474|0x000000073b400000, 0x000000073b600000, 0x000000073b600000|100%| O|  |TAMS 0x000000073b400000| PB 0x000000073b400000| Untracked 
| 475|0x000000073b600000, 0x000000073b800000, 0x000000073b800000|100%| O|  |TAMS 0x000000073b600000| PB 0x000000073b600000| Untracked 
| 476|0x000000073b800000, 0x000000073ba00000, 0x000000073ba00000|100%| O|  |TAMS 0x000000073b800000| PB 0x000000073b800000| Untracked 
| 477|0x000000073ba00000, 0x000000073bc00000, 0x000000073bc00000|100%| O|  |TAMS 0x000000073ba00000| PB 0x000000073ba00000| Untracked 
| 478|0x000000073bc00000, 0x000000073be00000, 0x000000073be00000|100%| O|  |TAMS 0x000000073bc00000| PB 0x000000073bc00000| Untracked 
| 479|0x000000073be00000, 0x000000073c000000, 0x000000073c000000|100%| O|  |TAMS 0x000000073be00000| PB 0x000000073be00000| Untracked 
| 480|0x000000073c000000, 0x000000073c200000, 0x000000073c200000|100%| O|  |TAMS 0x000000073c000000| PB 0x000000073c000000| Untracked 
| 481|0x000000073c200000, 0x000000073c400000, 0x000000073c400000|100%| O|  |TAMS 0x000000073c200000| PB 0x000000073c200000| Untracked 
| 482|0x000000073c400000, 0x000000073c600000, 0x000000073c600000|100%| O|  |TAMS 0x000000073c400000| PB 0x000000073c400000| Untracked 
| 483|0x000000073c600000, 0x000000073c800000, 0x000000073c800000|100%| O|  |TAMS 0x000000073c600000| PB 0x000000073c600000| Untracked 
| 484|0x000000073c800000, 0x000000073ca00000, 0x000000073ca00000|100%| O|  |TAMS 0x000000073c800000| PB 0x000000073c800000| Untracked 
| 485|0x000000073ca00000, 0x000000073cc00000, 0x000000073cc00000|100%| O|Cm|TAMS 0x000000073ca00000| PB 0x000000073ca00000| Complete 
| 486|0x000000073cc00000, 0x000000073ce00000, 0x000000073ce00000|100%| O|  |TAMS 0x000000073cc00000| PB 0x000000073cc00000| Untracked 
| 487|0x000000073ce00000, 0x000000073d000000, 0x000000073d000000|100%| O|  |TAMS 0x000000073ce00000| PB 0x000000073ce00000| Untracked 
| 488|0x000000073d000000, 0x000000073d200000, 0x000000073d200000|100%| O|  |TAMS 0x000000073d000000| PB 0x000000073d000000| Untracked 
| 489|0x000000073d200000, 0x000000073d400000, 0x000000073d400000|100%| O|  |TAMS 0x000000073d200000| PB 0x000000073d200000| Untracked 
| 490|0x000000073d400000, 0x000000073d600000, 0x000000073d600000|100%|HS|  |TAMS 0x000000073d400000| PB 0x000000073d400000| Complete 
| 491|0x000000073d600000, 0x000000073d800000, 0x000000073d800000|100%| O|  |TAMS 0x000000073d600000| PB 0x000000073d600000| Untracked 
| 492|0x000000073d800000, 0x000000073da00000, 0x000000073da00000|100%| O|  |TAMS 0x000000073d800000| PB 0x000000073d800000| Untracked 
| 493|0x000000073da00000, 0x000000073dc00000, 0x000000073dc00000|100%|HS|  |TAMS 0x000000073da00000| PB 0x000000073da00000| Complete 
| 494|0x000000073dc00000, 0x000000073de00000, 0x000000073de00000|100%|HC|  |TAMS 0x000000073dc00000| PB 0x000000073dc00000| Complete 
| 495|0x000000073de00000, 0x000000073e000000, 0x000000073e000000|100%| O|  |TAMS 0x000000073de00000| PB 0x000000073de00000| Untracked 
| 496|0x000000073e000000, 0x000000073e200000, 0x000000073e200000|100%| O|  |TAMS 0x000000073e000000| PB 0x000000073e000000| Untracked 
| 497|0x000000073e200000, 0x000000073e400000, 0x000000073e400000|100%| O|  |TAMS 0x000000073e200000| PB 0x000000073e200000| Untracked 
| 498|0x000000073e400000, 0x000000073e600000, 0x000000073e600000|100%| O|Cm|TAMS 0x000000073e400000| PB 0x000000073e400000| Complete 
| 499|0x000000073e600000, 0x000000073e800000, 0x000000073e800000|100%| O|Cm|TAMS 0x000000073e600000| PB 0x000000073e600000| Complete 
| 500|0x000000073e800000, 0x000000073ea00000, 0x000000073ea00000|100%| O|Cm|TAMS 0x000000073e800000| PB 0x000000073e800000| Complete 
| 501|0x000000073ea00000, 0x000000073ec00000, 0x000000073ec00000|100%| O|Cm|TAMS 0x000000073ea00000| PB 0x000000073ea00000| Complete 
| 502|0x000000073ec00000, 0x000000073ee00000, 0x000000073ee00000|100%| O|Cm|TAMS 0x000000073ec00000| PB 0x000000073ec00000| Complete 
| 503|0x000000073ee00000, 0x000000073f000000, 0x000000073f000000|100%| O|  |TAMS 0x000000073ee00000| PB 0x000000073ee00000| Untracked 
| 504|0x000000073f000000, 0x000000073f200000, 0x000000073f200000|100%| O|Cm|TAMS 0x000000073f000000| PB 0x000000073f000000| Complete 
| 505|0x000000073f200000, 0x000000073f400000, 0x000000073f400000|100%| O|Cm|TAMS 0x000000073f200000| PB 0x000000073f200000| Complete 
| 506|0x000000073f400000, 0x000000073f600000, 0x000000073f600000|100%| O|Cm|TAMS 0x000000073f400000| PB 0x000000073f400000| Complete 
| 507|0x000000073f600000, 0x000000073f800000, 0x000000073f800000|100%| O|  |TAMS 0x000000073f600000| PB 0x000000073f600000| Untracked 
| 508|0x000000073f800000, 0x000000073fa00000, 0x000000073fa00000|100%| O|Cm|TAMS 0x000000073f800000| PB 0x000000073f800000| Complete 
| 509|0x000000073fa00000, 0x000000073fc00000, 0x000000073fc00000|100%| O|  |TAMS 0x000000073fa00000| PB 0x000000073fa00000| Untracked 
| 510|0x000000073fc00000, 0x000000073fe00000, 0x000000073fe00000|100%| O|Cm|TAMS 0x000000073fc00000| PB 0x000000073fc00000| Complete 
| 511|0x000000073fe00000, 0x0000000740000000, 0x0000000740000000|100%| O|  |TAMS 0x000000073fe00000| PB 0x000000073fe00000| Untracked 
| 512|0x0000000740000000, 0x0000000740200000, 0x0000000740200000|100%| O|Cm|TAMS 0x0000000740000000| PB 0x0000000740000000| Complete 
| 513|0x0000000740200000, 0x0000000740400000, 0x0000000740400000|100%| O|Cm|TAMS 0x0000000740200000| PB 0x0000000740200000| Complete 
| 514|0x0000000740400000, 0x0000000740600000, 0x0000000740600000|100%| O|  |TAMS 0x0000000740400000| PB 0x0000000740400000| Untracked 
| 515|0x0000000740600000, 0x0000000740800000, 0x0000000740800000|100%| O|Cm|TAMS 0x0000000740600000| PB 0x0000000740600000| Complete 
| 516|0x0000000740800000, 0x0000000740a00000, 0x0000000740a00000|100%| O|  |TAMS 0x0000000740800000| PB 0x0000000740800000| Untracked 
| 517|0x0000000740a00000, 0x0000000740c00000, 0x0000000740c00000|100%| O|  |TAMS 0x0000000740a00000| PB 0x0000000740a00000| Untracked 
| 518|0x0000000740c00000, 0x0000000740e00000, 0x0000000740e00000|100%| O|  |TAMS 0x0000000740c00000| PB 0x0000000740c00000| Untracked 
| 519|0x0000000740e00000, 0x0000000741000000, 0x0000000741000000|100%| O|  |TAMS 0x0000000740e00000| PB 0x0000000740e00000| Untracked 
| 520|0x0000000741000000, 0x0000000741200000, 0x0000000741200000|100%| O|Cm|TAMS 0x0000000741000000| PB 0x0000000741000000| Complete 
| 521|0x0000000741200000, 0x0000000741400000, 0x0000000741400000|100%| O|Cm|TAMS 0x0000000741200000| PB 0x0000000741200000| Complete 
| 522|0x0000000741400000, 0x0000000741600000, 0x0000000741600000|100%| O|Cm|TAMS 0x0000000741400000| PB 0x0000000741400000| Complete 
| 523|0x0000000741600000, 0x0000000741800000, 0x0000000741800000|100%| O|Cm|TAMS 0x0000000741600000| PB 0x0000000741600000| Complete 
| 524|0x0000000741800000, 0x0000000741a00000, 0x0000000741a00000|100%| O|  |TAMS 0x0000000741800000| PB 0x0000000741800000| Untracked 
| 525|0x0000000741a00000, 0x0000000741c00000, 0x0000000741c00000|100%| O|Cm|TAMS 0x0000000741a00000| PB 0x0000000741a00000| Complete 
| 526|0x0000000741c00000, 0x0000000741e00000, 0x0000000741e00000|100%| O|Cm|TAMS 0x0000000741c00000| PB 0x0000000741c00000| Complete 
| 527|0x0000000741e00000, 0x0000000742000000, 0x0000000742000000|100%| O|Cm|TAMS 0x0000000741e00000| PB 0x0000000741e00000| Complete 
| 528|0x0000000742000000, 0x0000000742200000, 0x0000000742200000|100%| O|  |TAMS 0x0000000742000000| PB 0x0000000742000000| Untracked 
| 529|0x0000000742200000, 0x0000000742400000, 0x0000000742400000|100%| O|Cm|TAMS 0x0000000742200000| PB 0x0000000742200000| Complete 
| 530|0x0000000742400000, 0x0000000742600000, 0x0000000742600000|100%| O|  |TAMS 0x0000000742400000| PB 0x0000000742400000| Untracked 
| 531|0x0000000742600000, 0x0000000742800000, 0x0000000742800000|100%| O|  |TAMS 0x0000000742600000| PB 0x0000000742600000| Untracked 
| 532|0x0000000742800000, 0x0000000742a00000, 0x0000000742a00000|100%| O|  |TAMS 0x0000000742800000| PB 0x0000000742800000| Untracked 
| 533|0x0000000742a00000, 0x0000000742c00000, 0x0000000742c00000|100%| O|  |TAMS 0x0000000742a00000| PB 0x0000000742a00000| Untracked 
| 534|0x0000000742c00000, 0x0000000742e00000, 0x0000000742e00000|100%| O|Cm|TAMS 0x0000000742c00000| PB 0x0000000742c00000| Complete 
| 535|0x0000000742e00000, 0x0000000743000000, 0x0000000743000000|100%| O|  |TAMS 0x0000000742e00000| PB 0x0000000742e00000| Untracked 
| 536|0x0000000743000000, 0x0000000743200000, 0x0000000743200000|100%| O|  |TAMS 0x0000000743000000| PB 0x0000000743000000| Untracked 
| 537|0x0000000743200000, 0x0000000743400000, 0x0000000743400000|100%| O|  |TAMS 0x0000000743200000| PB 0x0000000743200000| Untracked 
| 538|0x0000000743400000, 0x0000000743600000, 0x0000000743600000|100%| O|Cm|TAMS 0x0000000743400000| PB 0x0000000743400000| Complete 
| 539|0x0000000743600000, 0x0000000743800000, 0x0000000743800000|100%| O|Cm|TAMS 0x0000000743600000| PB 0x0000000743600000| Complete 
| 540|0x0000000743800000, 0x0000000743a00000, 0x0000000743a00000|100%| O|Cm|TAMS 0x0000000743800000| PB 0x0000000743800000| Complete 
| 541|0x0000000743a00000, 0x0000000743c00000, 0x0000000743c00000|100%| O|  |TAMS 0x0000000743a00000| PB 0x0000000743a00000| Untracked 
| 542|0x0000000743c00000, 0x0000000743e00000, 0x0000000743e00000|100%| O|Cm|TAMS 0x0000000743c00000| PB 0x0000000743c00000| Complete 
| 543|0x0000000743e00000, 0x0000000744000000, 0x0000000744000000|100%| O|Cm|TAMS 0x0000000743e00000| PB 0x0000000743e00000| Complete 
| 544|0x0000000744000000, 0x0000000744200000, 0x0000000744200000|100%| O|Cm|TAMS 0x0000000744000000| PB 0x0000000744000000| Complete 
| 545|0x0000000744200000, 0x0000000744400000, 0x0000000744400000|100%| O|Cm|TAMS 0x0000000744200000| PB 0x0000000744200000| Complete 
| 546|0x0000000744400000, 0x0000000744600000, 0x0000000744600000|100%| O|  |TAMS 0x0000000744400000| PB 0x0000000744400000| Untracked 
| 547|0x0000000744600000, 0x0000000744800000, 0x0000000744800000|100%| O|Cm|TAMS 0x0000000744600000| PB 0x0000000744600000| Complete 
| 548|0x0000000744800000, 0x0000000744a00000, 0x0000000744a00000|100%| O|  |TAMS 0x0000000744800000| PB 0x0000000744800000| Untracked 
| 549|0x0000000744a00000, 0x0000000744c00000, 0x0000000744c00000|100%| O|  |TAMS 0x0000000744a00000| PB 0x0000000744a00000| Untracked 
| 550|0x0000000744c00000, 0x0000000744e00000, 0x0000000744e00000|100%| O|Cm|TAMS 0x0000000744c00000| PB 0x0000000744c00000| Complete 
| 551|0x0000000744e00000, 0x0000000745000000, 0x0000000745000000|100%| O|Cm|TAMS 0x0000000744e00000| PB 0x0000000744e00000| Complete 
| 552|0x0000000745000000, 0x0000000745200000, 0x0000000745200000|100%| O|Cm|TAMS 0x0000000745000000| PB 0x0000000745000000| Complete 
| 553|0x0000000745200000, 0x0000000745400000, 0x0000000745400000|100%| O|Cm|TAMS 0x0000000745200000| PB 0x0000000745200000| Complete 
| 554|0x0000000745400000, 0x0000000745600000, 0x0000000745600000|100%| O|Cm|TAMS 0x0000000745400000| PB 0x0000000745400000| Complete 
| 555|0x0000000745600000, 0x0000000745600000, 0x0000000745800000|  0%| F|  |TAMS 0x0000000745600000| PB 0x0000000745600000| Untracked 
| 556|0x0000000745800000, 0x0000000745a00000, 0x0000000745a00000|100%| O|  |TAMS 0x0000000745800000| PB 0x0000000745800000| Untracked 
| 557|0x0000000745a00000, 0x0000000745c00000, 0x0000000745c00000|100%| O|  |TAMS 0x0000000745a00000| PB 0x0000000745a00000| Untracked 
| 558|0x0000000745c00000, 0x0000000745e00000, 0x0000000745e00000|100%| O|  |TAMS 0x0000000745c00000| PB 0x0000000745c00000| Untracked 
| 559|0x0000000745e00000, 0x0000000746000000, 0x0000000746000000|100%| O|  |TAMS 0x0000000745e00000| PB 0x0000000745e00000| Untracked 
| 560|0x0000000746000000, 0x0000000746200000, 0x0000000746200000|100%| O|  |TAMS 0x0000000746000000| PB 0x0000000746000000| Untracked 
| 561|0x0000000746200000, 0x0000000746400000, 0x0000000746400000|100%| O|  |TAMS 0x0000000746200000| PB 0x0000000746200000| Untracked 
| 562|0x0000000746400000, 0x0000000746600000, 0x0000000746600000|100%| O|  |TAMS 0x0000000746400000| PB 0x0000000746400000| Untracked 
| 563|0x0000000746600000, 0x0000000746800000, 0x0000000746800000|100%| O|  |TAMS 0x0000000746600000| PB 0x0000000746600000| Untracked 
| 564|0x0000000746800000, 0x0000000746a00000, 0x0000000746a00000|100%| O|  |TAMS 0x0000000746800000| PB 0x0000000746800000| Untracked 
| 565|0x0000000746a00000, 0x0000000746c00000, 0x0000000746c00000|100%| O|  |TAMS 0x0000000746a00000| PB 0x0000000746a00000| Untracked 
| 566|0x0000000746c00000, 0x0000000746e00000, 0x0000000746e00000|100%| O|  |TAMS 0x0000000746c00000| PB 0x0000000746c00000| Untracked 
| 567|0x0000000746e00000, 0x0000000747000000, 0x0000000747000000|100%| O|  |TAMS 0x0000000746e00000| PB 0x0000000746e00000| Untracked 
| 568|0x0000000747000000, 0x0000000747200000, 0x0000000747200000|100%| O|  |TAMS 0x0000000747000000| PB 0x0000000747000000| Untracked 
| 569|0x0000000747200000, 0x0000000747400000, 0x0000000747400000|100%| O|  |TAMS 0x0000000747200000| PB 0x0000000747200000| Untracked 
| 570|0x0000000747400000, 0x0000000747600000, 0x0000000747600000|100%| O|  |TAMS 0x0000000747400000| PB 0x0000000747400000| Untracked 
| 571|0x0000000747600000, 0x0000000747800000, 0x0000000747800000|100%| O|  |TAMS 0x0000000747600000| PB 0x0000000747600000| Untracked 
| 572|0x0000000747800000, 0x0000000747a00000, 0x0000000747a00000|100%| O|  |TAMS 0x0000000747800000| PB 0x0000000747800000| Untracked 
| 573|0x0000000747a00000, 0x0000000747c00000, 0x0000000747c00000|100%| O|  |TAMS 0x0000000747a00000| PB 0x0000000747a00000| Untracked 
| 574|0x0000000747c00000, 0x0000000747e00000, 0x0000000747e00000|100%| O|  |TAMS 0x0000000747c00000| PB 0x0000000747c00000| Untracked 
| 575|0x0000000747e00000, 0x0000000748000000, 0x0000000748000000|100%| O|  |TAMS 0x0000000747e00000| PB 0x0000000747e00000| Untracked 
| 576|0x0000000748000000, 0x0000000748200000, 0x0000000748200000|100%| O|  |TAMS 0x0000000748000000| PB 0x0000000748000000| Untracked 
| 577|0x0000000748200000, 0x0000000748400000, 0x0000000748400000|100%|HS|  |TAMS 0x0000000748200000| PB 0x0000000748200000| Complete 
| 578|0x0000000748400000, 0x0000000748600000, 0x0000000748600000|100%|HS|  |TAMS 0x0000000748400000| PB 0x0000000748400000| Complete 
| 579|0x0000000748600000, 0x0000000748600000, 0x0000000748800000|  0%| F|  |TAMS 0x0000000748600000| PB 0x0000000748600000| Untracked 
| 580|0x0000000748800000, 0x0000000748800000, 0x0000000748a00000|  0%| F|  |TAMS 0x0000000748800000| PB 0x0000000748800000| Untracked 
| 581|0x0000000748a00000, 0x0000000748a00000, 0x0000000748c00000|  0%| F|  |TAMS 0x0000000748a00000| PB 0x0000000748a00000| Untracked 
| 582|0x0000000748c00000, 0x0000000748c00000, 0x0000000748e00000|  0%| F|  |TAMS 0x0000000748c00000| PB 0x0000000748c00000| Untracked 
| 583|0x0000000748e00000, 0x0000000748e00000, 0x0000000749000000|  0%| F|  |TAMS 0x0000000748e00000| PB 0x0000000748e00000| Untracked 
| 584|0x0000000749000000, 0x0000000749000000, 0x0000000749200000|  0%| F|  |TAMS 0x0000000749000000| PB 0x0000000749000000| Untracked 
| 585|0x0000000749200000, 0x0000000749200000, 0x0000000749400000|  0%| F|  |TAMS 0x0000000749200000| PB 0x0000000749200000| Untracked 
| 586|0x0000000749400000, 0x0000000749400000, 0x0000000749600000|  0%| F|  |TAMS 0x0000000749400000| PB 0x0000000749400000| Untracked 
| 587|0x0000000749600000, 0x0000000749600000, 0x0000000749800000|  0%| F|  |TAMS 0x0000000749600000| PB 0x0000000749600000| Untracked 
| 588|0x0000000749800000, 0x0000000749800000, 0x0000000749a00000|  0%| F|  |TAMS 0x0000000749800000| PB 0x0000000749800000| Untracked 
| 589|0x0000000749a00000, 0x0000000749a00000, 0x0000000749c00000|  0%| F|  |TAMS 0x0000000749a00000| PB 0x0000000749a00000| Untracked 
| 590|0x0000000749c00000, 0x0000000749c00000, 0x0000000749e00000|  0%| F|  |TAMS 0x0000000749c00000| PB 0x0000000749c00000| Untracked 
| 591|0x0000000749e00000, 0x0000000749e00000, 0x000000074a000000|  0%| F|  |TAMS 0x0000000749e00000| PB 0x0000000749e00000| Untracked 
| 592|0x000000074a000000, 0x000000074a000000, 0x000000074a200000|  0%| F|  |TAMS 0x000000074a000000| PB 0x000000074a000000| Untracked 
| 593|0x000000074a200000, 0x000000074a200000, 0x000000074a400000|  0%| F|  |TAMS 0x000000074a200000| PB 0x000000074a200000| Untracked 
| 594|0x000000074a400000, 0x000000074a400000, 0x000000074a600000|  0%| F|  |TAMS 0x000000074a400000| PB 0x000000074a400000| Untracked 
| 595|0x000000074a600000, 0x000000074a600000, 0x000000074a800000|  0%| F|  |TAMS 0x000000074a600000| PB 0x000000074a600000| Untracked 
| 596|0x000000074a800000, 0x000000074a800000, 0x000000074aa00000|  0%| F|  |TAMS 0x000000074a800000| PB 0x000000074a800000| Untracked 
| 597|0x000000074aa00000, 0x000000074aa00000, 0x000000074ac00000|  0%| F|  |TAMS 0x000000074aa00000| PB 0x000000074aa00000| Untracked 
| 598|0x000000074ac00000, 0x000000074ac00000, 0x000000074ae00000|  0%| F|  |TAMS 0x000000074ac00000| PB 0x000000074ac00000| Untracked 
| 599|0x000000074ae00000, 0x000000074ae00000, 0x000000074b000000|  0%| F|  |TAMS 0x000000074ae00000| PB 0x000000074ae00000| Untracked 
| 600|0x000000074b000000, 0x000000074b000000, 0x000000074b200000|  0%| F|  |TAMS 0x000000074b000000| PB 0x000000074b000000| Untracked 
| 601|0x000000074b200000, 0x000000074b200000, 0x000000074b400000|  0%| F|  |TAMS 0x000000074b200000| PB 0x000000074b200000| Untracked 
| 602|0x000000074b400000, 0x000000074b400000, 0x000000074b600000|  0%| F|  |TAMS 0x000000074b400000| PB 0x000000074b400000| Untracked 
| 603|0x000000074b600000, 0x000000074b600000, 0x000000074b800000|  0%| F|  |TAMS 0x000000074b600000| PB 0x000000074b600000| Untracked 
| 604|0x000000074b800000, 0x000000074b800000, 0x000000074ba00000|  0%| F|  |TAMS 0x000000074b800000| PB 0x000000074b800000| Untracked 
| 605|0x000000074ba00000, 0x000000074ba00000, 0x000000074bc00000|  0%| F|  |TAMS 0x000000074ba00000| PB 0x000000074ba00000| Untracked 
| 606|0x000000074bc00000, 0x000000074bc00000, 0x000000074be00000|  0%| F|  |TAMS 0x000000074bc00000| PB 0x000000074bc00000| Untracked 
| 607|0x000000074be00000, 0x000000074be00000, 0x000000074c000000|  0%| F|  |TAMS 0x000000074be00000| PB 0x000000074be00000| Untracked 
| 608|0x000000074c000000, 0x000000074c000000, 0x000000074c200000|  0%| F|  |TAMS 0x000000074c000000| PB 0x000000074c000000| Untracked 
| 609|0x000000074c200000, 0x000000074c200000, 0x000000074c400000|  0%| F|  |TAMS 0x000000074c200000| PB 0x000000074c200000| Untracked 
| 610|0x000000074c400000, 0x000000074c400000, 0x000000074c600000|  0%| F|  |TAMS 0x000000074c400000| PB 0x000000074c400000| Untracked 
| 611|0x000000074c600000, 0x000000074c600000, 0x000000074c800000|  0%| F|  |TAMS 0x000000074c600000| PB 0x000000074c600000| Untracked 
| 612|0x000000074c800000, 0x000000074c800000, 0x000000074ca00000|  0%| F|  |TAMS 0x000000074c800000| PB 0x000000074c800000| Untracked 
| 613|0x000000074ca00000, 0x000000074ca00000, 0x000000074cc00000|  0%| F|  |TAMS 0x000000074ca00000| PB 0x000000074ca00000| Untracked 
| 614|0x000000074cc00000, 0x000000074cc00000, 0x000000074ce00000|  0%| F|  |TAMS 0x000000074cc00000| PB 0x000000074cc00000| Untracked 
| 615|0x000000074ce00000, 0x000000074ce00000, 0x000000074d000000|  0%| F|  |TAMS 0x000000074ce00000| PB 0x000000074ce00000| Untracked 
| 616|0x000000074d000000, 0x000000074d000000, 0x000000074d200000|  0%| F|  |TAMS 0x000000074d000000| PB 0x000000074d000000| Untracked 
| 617|0x000000074d200000, 0x000000074d200000, 0x000000074d400000|  0%| F|  |TAMS 0x000000074d200000| PB 0x000000074d200000| Untracked 
| 618|0x000000074d400000, 0x000000074d400000, 0x000000074d600000|  0%| F|  |TAMS 0x000000074d400000| PB 0x000000074d400000| Untracked 
| 619|0x000000074d600000, 0x000000074d600000, 0x000000074d800000|  0%| F|  |TAMS 0x000000074d600000| PB 0x000000074d600000| Untracked 
| 620|0x000000074d800000, 0x000000074d800000, 0x000000074da00000|  0%| F|  |TAMS 0x000000074d800000| PB 0x000000074d800000| Untracked 
| 621|0x000000074da00000, 0x000000074da00000, 0x000000074dc00000|  0%| F|  |TAMS 0x000000074da00000| PB 0x000000074da00000| Untracked 
| 622|0x000000074dc00000, 0x000000074dc00000, 0x000000074de00000|  0%| F|  |TAMS 0x000000074dc00000| PB 0x000000074dc00000| Untracked 
| 623|0x000000074de00000, 0x000000074de00000, 0x000000074e000000|  0%| F|  |TAMS 0x000000074de00000| PB 0x000000074de00000| Untracked 
| 624|0x000000074e000000, 0x000000074e000000, 0x000000074e200000|  0%| F|  |TAMS 0x000000074e000000| PB 0x000000074e000000| Untracked 
| 625|0x000000074e200000, 0x000000074e200000, 0x000000074e400000|  0%| F|  |TAMS 0x000000074e200000| PB 0x000000074e200000| Untracked 
| 626|0x000000074e400000, 0x000000074e400000, 0x000000074e600000|  0%| F|  |TAMS 0x000000074e400000| PB 0x000000074e400000| Untracked 
| 627|0x000000074e600000, 0x000000074e600000, 0x000000074e800000|  0%| F|  |TAMS 0x000000074e600000| PB 0x000000074e600000| Untracked 
| 628|0x000000074e800000, 0x000000074e800000, 0x000000074ea00000|  0%| F|  |TAMS 0x000000074e800000| PB 0x000000074e800000| Untracked 
| 629|0x000000074ea00000, 0x000000074ea00000, 0x000000074ec00000|  0%| F|  |TAMS 0x000000074ea00000| PB 0x000000074ea00000| Untracked 
| 630|0x000000074ec00000, 0x000000074ec00000, 0x000000074ee00000|  0%| F|  |TAMS 0x000000074ec00000| PB 0x000000074ec00000| Untracked 
| 631|0x000000074ee00000, 0x000000074ee00000, 0x000000074f000000|  0%| F|  |TAMS 0x000000074ee00000| PB 0x000000074ee00000| Untracked 
| 632|0x000000074f000000, 0x000000074f000000, 0x000000074f200000|  0%| F|  |TAMS 0x000000074f000000| PB 0x000000074f000000| Untracked 
| 633|0x000000074f200000, 0x000000074f200000, 0x000000074f400000|  0%| F|  |TAMS 0x000000074f200000| PB 0x000000074f200000| Untracked 
| 634|0x000000074f400000, 0x000000074f400000, 0x000000074f600000|  0%| F|  |TAMS 0x000000074f400000| PB 0x000000074f400000| Untracked 
| 635|0x000000074f600000, 0x000000074f600000, 0x000000074f800000|  0%| F|  |TAMS 0x000000074f600000| PB 0x000000074f600000| Untracked 
| 636|0x000000074f800000, 0x000000074f800000, 0x000000074fa00000|  0%| F|  |TAMS 0x000000074f800000| PB 0x000000074f800000| Untracked 
| 637|0x000000074fa00000, 0x000000074fa00000, 0x000000074fc00000|  0%| F|  |TAMS 0x000000074fa00000| PB 0x000000074fa00000| Untracked 
| 638|0x000000074fc00000, 0x000000074fc00000, 0x000000074fe00000|  0%| F|  |TAMS 0x000000074fc00000| PB 0x000000074fc00000| Untracked 
| 639|0x000000074fe00000, 0x000000074fe00000, 0x0000000750000000|  0%| F|  |TAMS 0x000000074fe00000| PB 0x000000074fe00000| Untracked 
| 640|0x0000000750000000, 0x0000000750000000, 0x0000000750200000|  0%| F|  |TAMS 0x0000000750000000| PB 0x0000000750000000| Untracked 
| 641|0x0000000750200000, 0x0000000750200000, 0x0000000750400000|  0%| F|  |TAMS 0x0000000750200000| PB 0x0000000750200000| Untracked 
| 642|0x0000000750400000, 0x0000000750400000, 0x0000000750600000|  0%| F|  |TAMS 0x0000000750400000| PB 0x0000000750400000| Untracked 
| 643|0x0000000750600000, 0x0000000750600000, 0x0000000750800000|  0%| F|  |TAMS 0x0000000750600000| PB 0x0000000750600000| Untracked 
| 644|0x0000000750800000, 0x0000000750800000, 0x0000000750a00000|  0%| F|  |TAMS 0x0000000750800000| PB 0x0000000750800000| Untracked 
| 645|0x0000000750a00000, 0x0000000750a00000, 0x0000000750c00000|  0%| F|  |TAMS 0x0000000750a00000| PB 0x0000000750a00000| Untracked 
| 646|0x0000000750c00000, 0x0000000750c00000, 0x0000000750e00000|  0%| F|  |TAMS 0x0000000750c00000| PB 0x0000000750c00000| Untracked 
| 647|0x0000000750e00000, 0x0000000750e00000, 0x0000000751000000|  0%| F|  |TAMS 0x0000000750e00000| PB 0x0000000750e00000| Untracked 
| 648|0x0000000751000000, 0x0000000751000000, 0x0000000751200000|  0%| F|  |TAMS 0x0000000751000000| PB 0x0000000751000000| Untracked 
| 649|0x0000000751200000, 0x0000000751200000, 0x0000000751400000|  0%| F|  |TAMS 0x0000000751200000| PB 0x0000000751200000| Untracked 
| 650|0x0000000751400000, 0x0000000751400000, 0x0000000751600000|  0%| F|  |TAMS 0x0000000751400000| PB 0x0000000751400000| Untracked 
| 651|0x0000000751600000, 0x0000000751600000, 0x0000000751800000|  0%| F|  |TAMS 0x0000000751600000| PB 0x0000000751600000| Untracked 
| 652|0x0000000751800000, 0x0000000751800000, 0x0000000751a00000|  0%| F|  |TAMS 0x0000000751800000| PB 0x0000000751800000| Untracked 
| 653|0x0000000751a00000, 0x0000000751a00000, 0x0000000751c00000|  0%| F|  |TAMS 0x0000000751a00000| PB 0x0000000751a00000| Untracked 
| 654|0x0000000751c00000, 0x0000000751c00000, 0x0000000751e00000|  0%| F|  |TAMS 0x0000000751c00000| PB 0x0000000751c00000| Untracked 
| 655|0x0000000751e00000, 0x0000000751e00000, 0x0000000752000000|  0%| F|  |TAMS 0x0000000751e00000| PB 0x0000000751e00000| Untracked 
| 656|0x0000000752000000, 0x0000000752000000, 0x0000000752200000|  0%| F|  |TAMS 0x0000000752000000| PB 0x0000000752000000| Untracked 
| 657|0x0000000752200000, 0x0000000752200000, 0x0000000752400000|  0%| F|  |TAMS 0x0000000752200000| PB 0x0000000752200000| Untracked 
| 658|0x0000000752400000, 0x0000000752400000, 0x0000000752600000|  0%| F|  |TAMS 0x0000000752400000| PB 0x0000000752400000| Untracked 
| 659|0x0000000752600000, 0x0000000752600000, 0x0000000752800000|  0%| F|  |TAMS 0x0000000752600000| PB 0x0000000752600000| Untracked 
| 660|0x0000000752800000, 0x0000000752800000, 0x0000000752a00000|  0%| F|  |TAMS 0x0000000752800000| PB 0x0000000752800000| Untracked 
| 661|0x0000000752a00000, 0x0000000752a00000, 0x0000000752c00000|  0%| F|  |TAMS 0x0000000752a00000| PB 0x0000000752a00000| Untracked 
| 662|0x0000000752c00000, 0x0000000752c00000, 0x0000000752e00000|  0%| F|  |TAMS 0x0000000752c00000| PB 0x0000000752c00000| Untracked 
| 663|0x0000000752e00000, 0x0000000752e00000, 0x0000000753000000|  0%| F|  |TAMS 0x0000000752e00000| PB 0x0000000752e00000| Untracked 
| 664|0x0000000753000000, 0x0000000753000000, 0x0000000753200000|  0%| F|  |TAMS 0x0000000753000000| PB 0x0000000753000000| Untracked 
| 665|0x0000000753200000, 0x0000000753200000, 0x0000000753400000|  0%| F|  |TAMS 0x0000000753200000| PB 0x0000000753200000| Untracked 
| 666|0x0000000753400000, 0x0000000753400000, 0x0000000753600000|  0%| F|  |TAMS 0x0000000753400000| PB 0x0000000753400000| Untracked 
| 667|0x0000000753600000, 0x0000000753600000, 0x0000000753800000|  0%| F|  |TAMS 0x0000000753600000| PB 0x0000000753600000| Untracked 
| 668|0x0000000753800000, 0x0000000753800000, 0x0000000753a00000|  0%| F|  |TAMS 0x0000000753800000| PB 0x0000000753800000| Untracked 
| 669|0x0000000753a00000, 0x0000000753a00000, 0x0000000753c00000|  0%| F|  |TAMS 0x0000000753a00000| PB 0x0000000753a00000| Untracked 
| 670|0x0000000753c00000, 0x0000000753c00000, 0x0000000753e00000|  0%| F|  |TAMS 0x0000000753c00000| PB 0x0000000753c00000| Untracked 
| 671|0x0000000753e00000, 0x0000000753e00000, 0x0000000754000000|  0%| F|  |TAMS 0x0000000753e00000| PB 0x0000000753e00000| Untracked 
| 672|0x0000000754000000, 0x0000000754000000, 0x0000000754200000|  0%| F|  |TAMS 0x0000000754000000| PB 0x0000000754000000| Untracked 
| 673|0x0000000754200000, 0x0000000754200000, 0x0000000754400000|  0%| F|  |TAMS 0x0000000754200000| PB 0x0000000754200000| Untracked 
| 674|0x0000000754400000, 0x0000000754400000, 0x0000000754600000|  0%| F|  |TAMS 0x0000000754400000| PB 0x0000000754400000| Untracked 
| 675|0x0000000754600000, 0x0000000754600000, 0x0000000754800000|  0%| F|  |TAMS 0x0000000754600000| PB 0x0000000754600000| Untracked 
| 676|0x0000000754800000, 0x0000000754800000, 0x0000000754a00000|  0%| F|  |TAMS 0x0000000754800000| PB 0x0000000754800000| Untracked 
| 677|0x0000000754a00000, 0x0000000754a00000, 0x0000000754c00000|  0%| F|  |TAMS 0x0000000754a00000| PB 0x0000000754a00000| Untracked 
| 678|0x0000000754c00000, 0x0000000754c00000, 0x0000000754e00000|  0%| F|  |TAMS 0x0000000754c00000| PB 0x0000000754c00000| Untracked 
| 679|0x0000000754e00000, 0x0000000754e00000, 0x0000000755000000|  0%| F|  |TAMS 0x0000000754e00000| PB 0x0000000754e00000| Untracked 
| 680|0x0000000755000000, 0x0000000755000000, 0x0000000755200000|  0%| F|  |TAMS 0x0000000755000000| PB 0x0000000755000000| Untracked 
| 681|0x0000000755200000, 0x0000000755200000, 0x0000000755400000|  0%| F|  |TAMS 0x0000000755200000| PB 0x0000000755200000| Untracked 
| 682|0x0000000755400000, 0x0000000755400000, 0x0000000755600000|  0%| F|  |TAMS 0x0000000755400000| PB 0x0000000755400000| Untracked 
| 683|0x0000000755600000, 0x0000000755600000, 0x0000000755800000|  0%| F|  |TAMS 0x0000000755600000| PB 0x0000000755600000| Untracked 
| 684|0x0000000755800000, 0x0000000755800000, 0x0000000755a00000|  0%| F|  |TAMS 0x0000000755800000| PB 0x0000000755800000| Untracked 
| 685|0x0000000755a00000, 0x0000000755a00000, 0x0000000755c00000|  0%| F|  |TAMS 0x0000000755a00000| PB 0x0000000755a00000| Untracked 
| 686|0x0000000755c00000, 0x0000000755c00000, 0x0000000755e00000|  0%| F|  |TAMS 0x0000000755c00000| PB 0x0000000755c00000| Untracked 
| 687|0x0000000755e00000, 0x0000000755e00000, 0x0000000756000000|  0%| F|  |TAMS 0x0000000755e00000| PB 0x0000000755e00000| Untracked 
| 688|0x0000000756000000, 0x0000000756000000, 0x0000000756200000|  0%| F|  |TAMS 0x0000000756000000| PB 0x0000000756000000| Untracked 
| 689|0x0000000756200000, 0x0000000756200000, 0x0000000756400000|  0%| F|  |TAMS 0x0000000756200000| PB 0x0000000756200000| Untracked 
| 690|0x0000000756400000, 0x0000000756400000, 0x0000000756600000|  0%| F|  |TAMS 0x0000000756400000| PB 0x0000000756400000| Untracked 
| 691|0x0000000756600000, 0x0000000756600000, 0x0000000756800000|  0%| F|  |TAMS 0x0000000756600000| PB 0x0000000756600000| Untracked 
| 692|0x0000000756800000, 0x0000000756800000, 0x0000000756a00000|  0%| F|  |TAMS 0x0000000756800000| PB 0x0000000756800000| Untracked 
| 693|0x0000000756a00000, 0x0000000756a00000, 0x0000000756c00000|  0%| F|  |TAMS 0x0000000756a00000| PB 0x0000000756a00000| Untracked 
| 694|0x0000000756c00000, 0x0000000756c00000, 0x0000000756e00000|  0%| F|  |TAMS 0x0000000756c00000| PB 0x0000000756c00000| Untracked 
| 695|0x0000000756e00000, 0x0000000756e00000, 0x0000000757000000|  0%| F|  |TAMS 0x0000000756e00000| PB 0x0000000756e00000| Untracked 
| 696|0x0000000757000000, 0x0000000757000000, 0x0000000757200000|  0%| F|  |TAMS 0x0000000757000000| PB 0x0000000757000000| Untracked 
| 697|0x0000000757200000, 0x0000000757200000, 0x0000000757400000|  0%| F|  |TAMS 0x0000000757200000| PB 0x0000000757200000| Untracked 
| 698|0x0000000757400000, 0x0000000757400000, 0x0000000757600000|  0%| F|  |TAMS 0x0000000757400000| PB 0x0000000757400000| Untracked 
| 699|0x0000000757600000, 0x0000000757600000, 0x0000000757800000|  0%| F|  |TAMS 0x0000000757600000| PB 0x0000000757600000| Untracked 
| 700|0x0000000757800000, 0x0000000757800000, 0x0000000757a00000|  0%| F|  |TAMS 0x0000000757800000| PB 0x0000000757800000| Untracked 
| 701|0x0000000757a00000, 0x0000000757a00000, 0x0000000757c00000|  0%| F|  |TAMS 0x0000000757a00000| PB 0x0000000757a00000| Untracked 
| 702|0x0000000757c00000, 0x0000000757c00000, 0x0000000757e00000|  0%| F|  |TAMS 0x0000000757c00000| PB 0x0000000757c00000| Untracked 
| 703|0x0000000757e00000, 0x0000000757e00000, 0x0000000758000000|  0%| F|  |TAMS 0x0000000757e00000| PB 0x0000000757e00000| Untracked 
| 704|0x0000000758000000, 0x0000000758000000, 0x0000000758200000|  0%| F|  |TAMS 0x0000000758000000| PB 0x0000000758000000| Untracked 
| 705|0x0000000758200000, 0x0000000758200000, 0x0000000758400000|  0%| F|  |TAMS 0x0000000758200000| PB 0x0000000758200000| Untracked 
| 706|0x0000000758400000, 0x0000000758400000, 0x0000000758600000|  0%| F|  |TAMS 0x0000000758400000| PB 0x0000000758400000| Untracked 
| 707|0x0000000758600000, 0x0000000758600000, 0x0000000758800000|  0%| F|  |TAMS 0x0000000758600000| PB 0x0000000758600000| Untracked 
| 708|0x0000000758800000, 0x0000000758800000, 0x0000000758a00000|  0%| F|  |TAMS 0x0000000758800000| PB 0x0000000758800000| Untracked 
| 709|0x0000000758a00000, 0x0000000758a00000, 0x0000000758c00000|  0%| F|  |TAMS 0x0000000758a00000| PB 0x0000000758a00000| Untracked 
| 710|0x0000000758c00000, 0x0000000758c00000, 0x0000000758e00000|  0%| F|  |TAMS 0x0000000758c00000| PB 0x0000000758c00000| Untracked 
| 711|0x0000000758e00000, 0x0000000758e00000, 0x0000000759000000|  0%| F|  |TAMS 0x0000000758e00000| PB 0x0000000758e00000| Untracked 
| 712|0x0000000759000000, 0x0000000759000000, 0x0000000759200000|  0%| F|  |TAMS 0x0000000759000000| PB 0x0000000759000000| Untracked 
| 713|0x0000000759200000, 0x0000000759200000, 0x0000000759400000|  0%| F|  |TAMS 0x0000000759200000| PB 0x0000000759200000| Untracked 
| 714|0x0000000759400000, 0x0000000759400000, 0x0000000759600000|  0%| F|  |TAMS 0x0000000759400000| PB 0x0000000759400000| Untracked 
| 715|0x0000000759600000, 0x0000000759600000, 0x0000000759800000|  0%| F|  |TAMS 0x0000000759600000| PB 0x0000000759600000| Untracked 
| 716|0x0000000759800000, 0x0000000759800000, 0x0000000759a00000|  0%| F|  |TAMS 0x0000000759800000| PB 0x0000000759800000| Untracked 
| 717|0x0000000759a00000, 0x0000000759a00000, 0x0000000759c00000|  0%| F|  |TAMS 0x0000000759a00000| PB 0x0000000759a00000| Untracked 
| 718|0x0000000759c00000, 0x0000000759c00000, 0x0000000759e00000|  0%| F|  |TAMS 0x0000000759c00000| PB 0x0000000759c00000| Untracked 
| 719|0x0000000759e00000, 0x0000000759e00000, 0x000000075a000000|  0%| F|  |TAMS 0x0000000759e00000| PB 0x0000000759e00000| Untracked 
| 720|0x000000075a000000, 0x000000075a000000, 0x000000075a200000|  0%| F|  |TAMS 0x000000075a000000| PB 0x000000075a000000| Untracked 
| 721|0x000000075a200000, 0x000000075a200000, 0x000000075a400000|  0%| F|  |TAMS 0x000000075a200000| PB 0x000000075a200000| Untracked 
| 722|0x000000075a400000, 0x000000075a400000, 0x000000075a600000|  0%| F|  |TAMS 0x000000075a400000| PB 0x000000075a400000| Untracked 
| 723|0x000000075a600000, 0x000000075a600000, 0x000000075a800000|  0%| F|  |TAMS 0x000000075a600000| PB 0x000000075a600000| Untracked 
| 724|0x000000075a800000, 0x000000075a800000, 0x000000075aa00000|  0%| F|  |TAMS 0x000000075a800000| PB 0x000000075a800000| Untracked 
| 725|0x000000075aa00000, 0x000000075aa00000, 0x000000075ac00000|  0%| F|  |TAMS 0x000000075aa00000| PB 0x000000075aa00000| Untracked 
| 726|0x000000075ac00000, 0x000000075ac00000, 0x000000075ae00000|  0%| F|  |TAMS 0x000000075ac00000| PB 0x000000075ac00000| Untracked 
| 727|0x000000075ae00000, 0x000000075ae00000, 0x000000075b000000|  0%| F|  |TAMS 0x000000075ae00000| PB 0x000000075ae00000| Untracked 
| 728|0x000000075b000000, 0x000000075b000000, 0x000000075b200000|  0%| F|  |TAMS 0x000000075b000000| PB 0x000000075b000000| Untracked 
| 729|0x000000075b200000, 0x000000075b200000, 0x000000075b400000|  0%| F|  |TAMS 0x000000075b200000| PB 0x000000075b200000| Untracked 
| 730|0x000000075b400000, 0x000000075b400000, 0x000000075b600000|  0%| F|  |TAMS 0x000000075b400000| PB 0x000000075b400000| Untracked 
| 731|0x000000075b600000, 0x000000075b600000, 0x000000075b800000|  0%| F|  |TAMS 0x000000075b600000| PB 0x000000075b600000| Untracked 
| 732|0x000000075b800000, 0x000000075b800000, 0x000000075ba00000|  0%| F|  |TAMS 0x000000075b800000| PB 0x000000075b800000| Untracked 
| 733|0x000000075ba00000, 0x000000075ba00000, 0x000000075bc00000|  0%| F|  |TAMS 0x000000075ba00000| PB 0x000000075ba00000| Untracked 
| 734|0x000000075bc00000, 0x000000075bc00000, 0x000000075be00000|  0%| F|  |TAMS 0x000000075bc00000| PB 0x000000075bc00000| Untracked 
| 735|0x000000075be00000, 0x000000075be00000, 0x000000075c000000|  0%| F|  |TAMS 0x000000075be00000| PB 0x000000075be00000| Untracked 
| 736|0x000000075c000000, 0x000000075c000000, 0x000000075c200000|  0%| F|  |TAMS 0x000000075c000000| PB 0x000000075c000000| Untracked 
| 737|0x000000075c200000, 0x000000075c200000, 0x000000075c400000|  0%| F|  |TAMS 0x000000075c200000| PB 0x000000075c200000| Untracked 
| 738|0x000000075c400000, 0x000000075c400000, 0x000000075c600000|  0%| F|  |TAMS 0x000000075c400000| PB 0x000000075c400000| Untracked 
| 739|0x000000075c600000, 0x000000075c600000, 0x000000075c800000|  0%| F|  |TAMS 0x000000075c600000| PB 0x000000075c600000| Untracked 
| 740|0x000000075c800000, 0x000000075c800000, 0x000000075ca00000|  0%| F|  |TAMS 0x000000075c800000| PB 0x000000075c800000| Untracked 
| 741|0x000000075ca00000, 0x000000075ca00000, 0x000000075cc00000|  0%| F|  |TAMS 0x000000075ca00000| PB 0x000000075ca00000| Untracked 
| 742|0x000000075cc00000, 0x000000075cc00000, 0x000000075ce00000|  0%| F|  |TAMS 0x000000075cc00000| PB 0x000000075cc00000| Untracked 
| 743|0x000000075ce00000, 0x000000075ce00000, 0x000000075d000000|  0%| F|  |TAMS 0x000000075ce00000| PB 0x000000075ce00000| Untracked 
| 744|0x000000075d000000, 0x000000075d000000, 0x000000075d200000|  0%| F|  |TAMS 0x000000075d000000| PB 0x000000075d000000| Untracked 
| 745|0x000000075d200000, 0x000000075d200000, 0x000000075d400000|  0%| F|  |TAMS 0x000000075d200000| PB 0x000000075d200000| Untracked 
| 746|0x000000075d400000, 0x000000075d400000, 0x000000075d600000|  0%| F|  |TAMS 0x000000075d400000| PB 0x000000075d400000| Untracked 
| 747|0x000000075d600000, 0x000000075d600000, 0x000000075d800000|  0%| F|  |TAMS 0x000000075d600000| PB 0x000000075d600000| Untracked 
| 748|0x000000075d800000, 0x000000075d800000, 0x000000075da00000|  0%| F|  |TAMS 0x000000075d800000| PB 0x000000075d800000| Untracked 
| 749|0x000000075da00000, 0x000000075da00000, 0x000000075dc00000|  0%| F|  |TAMS 0x000000075da00000| PB 0x000000075da00000| Untracked 
| 750|0x000000075dc00000, 0x000000075dc00000, 0x000000075de00000|  0%| F|  |TAMS 0x000000075dc00000| PB 0x000000075dc00000| Untracked 
| 751|0x000000075de00000, 0x000000075de00000, 0x000000075e000000|  0%| F|  |TAMS 0x000000075de00000| PB 0x000000075de00000| Untracked 
| 752|0x000000075e000000, 0x000000075e000000, 0x000000075e200000|  0%| F|  |TAMS 0x000000075e000000| PB 0x000000075e000000| Untracked 
| 753|0x000000075e200000, 0x000000075e200000, 0x000000075e400000|  0%| F|  |TAMS 0x000000075e200000| PB 0x000000075e200000| Untracked 
| 754|0x000000075e400000, 0x000000075e400000, 0x000000075e600000|  0%| F|  |TAMS 0x000000075e400000| PB 0x000000075e400000| Untracked 
| 755|0x000000075e600000, 0x000000075e600000, 0x000000075e800000|  0%| F|  |TAMS 0x000000075e600000| PB 0x000000075e600000| Untracked 
| 756|0x000000075e800000, 0x000000075e800000, 0x000000075ea00000|  0%| F|  |TAMS 0x000000075e800000| PB 0x000000075e800000| Untracked 
| 757|0x000000075ea00000, 0x000000075ea00000, 0x000000075ec00000|  0%| F|  |TAMS 0x000000075ea00000| PB 0x000000075ea00000| Untracked 
| 758|0x000000075ec00000, 0x000000075ec00000, 0x000000075ee00000|  0%| F|  |TAMS 0x000000075ec00000| PB 0x000000075ec00000| Untracked 
| 759|0x000000075ee00000, 0x000000075ee00000, 0x000000075f000000|  0%| F|  |TAMS 0x000000075ee00000| PB 0x000000075ee00000| Untracked 
| 760|0x000000075f000000, 0x000000075f000000, 0x000000075f200000|  0%| F|  |TAMS 0x000000075f000000| PB 0x000000075f000000| Untracked 
| 761|0x000000075f200000, 0x000000075f200000, 0x000000075f400000|  0%| F|  |TAMS 0x000000075f200000| PB 0x000000075f200000| Untracked 
| 762|0x000000075f400000, 0x000000075f400000, 0x000000075f600000|  0%| F|  |TAMS 0x000000075f400000| PB 0x000000075f400000| Untracked 
| 763|0x000000075f600000, 0x000000075f600000, 0x000000075f800000|  0%| F|  |TAMS 0x000000075f600000| PB 0x000000075f600000| Untracked 
| 764|0x000000075f800000, 0x000000075f800000, 0x000000075fa00000|  0%| F|  |TAMS 0x000000075f800000| PB 0x000000075f800000| Untracked 
| 765|0x000000075fa00000, 0x000000075fa00000, 0x000000075fc00000|  0%| F|  |TAMS 0x000000075fa00000| PB 0x000000075fa00000| Untracked 
| 766|0x000000075fc00000, 0x000000075fc00000, 0x000000075fe00000|  0%| F|  |TAMS 0x000000075fc00000| PB 0x000000075fc00000| Untracked 
| 767|0x000000075fe00000, 0x000000075fe00000, 0x0000000760000000|  0%| F|  |TAMS 0x000000075fe00000| PB 0x000000075fe00000| Untracked 
| 768|0x0000000760000000, 0x0000000760000000, 0x0000000760200000|  0%| F|  |TAMS 0x0000000760000000| PB 0x0000000760000000| Untracked 
| 769|0x0000000760200000, 0x0000000760200000, 0x0000000760400000|  0%| F|  |TAMS 0x0000000760200000| PB 0x0000000760200000| Untracked 
| 770|0x0000000760400000, 0x0000000760400000, 0x0000000760600000|  0%| F|  |TAMS 0x0000000760400000| PB 0x0000000760400000| Untracked 
| 771|0x0000000760600000, 0x0000000760600000, 0x0000000760800000|  0%| F|  |TAMS 0x0000000760600000| PB 0x0000000760600000| Untracked 
| 772|0x0000000760800000, 0x0000000760800000, 0x0000000760a00000|  0%| F|  |TAMS 0x0000000760800000| PB 0x0000000760800000| Untracked 
| 773|0x0000000760a00000, 0x0000000760a00000, 0x0000000760c00000|  0%| F|  |TAMS 0x0000000760a00000| PB 0x0000000760a00000| Untracked 
| 774|0x0000000760c00000, 0x0000000760c00000, 0x0000000760e00000|  0%| F|  |TAMS 0x0000000760c00000| PB 0x0000000760c00000| Untracked 
| 775|0x0000000760e00000, 0x0000000760e00000, 0x0000000761000000|  0%| F|  |TAMS 0x0000000760e00000| PB 0x0000000760e00000| Untracked 
| 776|0x0000000761000000, 0x0000000761000000, 0x0000000761200000|  0%| F|  |TAMS 0x0000000761000000| PB 0x0000000761000000| Untracked 
| 777|0x0000000761200000, 0x0000000761200000, 0x0000000761400000|  0%| F|  |TAMS 0x0000000761200000| PB 0x0000000761200000| Untracked 
| 778|0x0000000761400000, 0x0000000761400000, 0x0000000761600000|  0%| F|  |TAMS 0x0000000761400000| PB 0x0000000761400000| Untracked 
| 779|0x0000000761600000, 0x0000000761600000, 0x0000000761800000|  0%| F|  |TAMS 0x0000000761600000| PB 0x0000000761600000| Untracked 
| 780|0x0000000761800000, 0x0000000761800000, 0x0000000761a00000|  0%| F|  |TAMS 0x0000000761800000| PB 0x0000000761800000| Untracked 
| 781|0x0000000761a00000, 0x0000000761a00000, 0x0000000761c00000|  0%| F|  |TAMS 0x0000000761a00000| PB 0x0000000761a00000| Untracked 
| 782|0x0000000761c00000, 0x0000000761c00000, 0x0000000761e00000|  0%| F|  |TAMS 0x0000000761c00000| PB 0x0000000761c00000| Untracked 
| 783|0x0000000761e00000, 0x0000000761e00000, 0x0000000762000000|  0%| F|  |TAMS 0x0000000761e00000| PB 0x0000000761e00000| Untracked 
| 784|0x0000000762000000, 0x0000000762000000, 0x0000000762200000|  0%| F|  |TAMS 0x0000000762000000| PB 0x0000000762000000| Untracked 
| 785|0x0000000762200000, 0x00000007622c9538, 0x0000000762400000| 39%| E|  |TAMS 0x0000000762200000| PB 0x0000000762200000| Complete 
| 786|0x0000000762400000, 0x0000000762600000, 0x0000000762600000|100%| E|CS|TAMS 0x0000000762400000| PB 0x0000000762400000| Complete 
| 787|0x0000000762600000, 0x0000000762800000, 0x0000000762800000|100%| E|CS|TAMS 0x0000000762600000| PB 0x0000000762600000| Complete 
| 788|0x0000000762800000, 0x0000000762a00000, 0x0000000762a00000|100%| E|CS|TAMS 0x0000000762800000| PB 0x0000000762800000| Complete 
| 789|0x0000000762a00000, 0x0000000762c00000, 0x0000000762c00000|100%| E|CS|TAMS 0x0000000762a00000| PB 0x0000000762a00000| Complete 
| 790|0x0000000762c00000, 0x0000000762e00000, 0x0000000762e00000|100%| E|CS|TAMS 0x0000000762c00000| PB 0x0000000762c00000| Complete 
| 791|0x0000000762e00000, 0x0000000763000000, 0x0000000763000000|100%| E|CS|TAMS 0x0000000762e00000| PB 0x0000000762e00000| Complete 
| 792|0x0000000763000000, 0x0000000763200000, 0x0000000763200000|100%| E|CS|TAMS 0x0000000763000000| PB 0x0000000763000000| Complete 
| 793|0x0000000763200000, 0x0000000763400000, 0x0000000763400000|100%| E|CS|TAMS 0x0000000763200000| PB 0x0000000763200000| Complete 
| 794|0x0000000763400000, 0x0000000763600000, 0x0000000763600000|100%| E|CS|TAMS 0x0000000763400000| PB 0x0000000763400000| Complete 
| 795|0x0000000763600000, 0x0000000763800000, 0x0000000763800000|100%| E|CS|TAMS 0x0000000763600000| PB 0x0000000763600000| Complete 
| 796|0x0000000763800000, 0x0000000763a00000, 0x0000000763a00000|100%| E|CS|TAMS 0x0000000763800000| PB 0x0000000763800000| Complete 
| 797|0x0000000763a00000, 0x0000000763c00000, 0x0000000763c00000|100%| E|CS|TAMS 0x0000000763a00000| PB 0x0000000763a00000| Complete 
| 798|0x0000000763c00000, 0x0000000763e00000, 0x0000000763e00000|100%| E|CS|TAMS 0x0000000763c00000| PB 0x0000000763c00000| Complete 
| 799|0x0000000763e00000, 0x0000000764000000, 0x0000000764000000|100%| E|CS|TAMS 0x0000000763e00000| PB 0x0000000763e00000| Complete 
| 800|0x0000000764000000, 0x0000000764200000, 0x0000000764200000|100%| E|CS|TAMS 0x0000000764000000| PB 0x0000000764000000| Complete 
| 801|0x0000000764200000, 0x0000000764400000, 0x0000000764400000|100%| E|CS|TAMS 0x0000000764200000| PB 0x0000000764200000| Complete 
| 802|0x0000000764400000, 0x0000000764600000, 0x0000000764600000|100%| E|CS|TAMS 0x0000000764400000| PB 0x0000000764400000| Complete 
| 803|0x0000000764600000, 0x0000000764800000, 0x0000000764800000|100%| E|CS|TAMS 0x0000000764600000| PB 0x0000000764600000| Complete 
| 804|0x0000000764800000, 0x0000000764a00000, 0x0000000764a00000|100%| E|CS|TAMS 0x0000000764800000| PB 0x0000000764800000| Complete 
| 805|0x0000000764a00000, 0x0000000764c00000, 0x0000000764c00000|100%| E|CS|TAMS 0x0000000764a00000| PB 0x0000000764a00000| Complete 
| 806|0x0000000764c00000, 0x0000000764e00000, 0x0000000764e00000|100%| E|CS|TAMS 0x0000000764c00000| PB 0x0000000764c00000| Complete 
| 807|0x0000000764e00000, 0x0000000765000000, 0x0000000765000000|100%| E|CS|TAMS 0x0000000764e00000| PB 0x0000000764e00000| Complete 
| 808|0x0000000765000000, 0x0000000765200000, 0x0000000765200000|100%| E|CS|TAMS 0x0000000765000000| PB 0x0000000765000000| Complete 
| 809|0x0000000765200000, 0x0000000765400000, 0x0000000765400000|100%| E|CS|TAMS 0x0000000765200000| PB 0x0000000765200000| Complete 
| 810|0x0000000765400000, 0x0000000765600000, 0x0000000765600000|100%| E|CS|TAMS 0x0000000765400000| PB 0x0000000765400000| Complete 
| 811|0x0000000765600000, 0x0000000765800000, 0x0000000765800000|100%| E|CS|TAMS 0x0000000765600000| PB 0x0000000765600000| Complete 
| 812|0x0000000765800000, 0x0000000765a00000, 0x0000000765a00000|100%| E|CS|TAMS 0x0000000765800000| PB 0x0000000765800000| Complete 
| 813|0x0000000765a00000, 0x0000000765c00000, 0x0000000765c00000|100%| E|CS|TAMS 0x0000000765a00000| PB 0x0000000765a00000| Complete 
| 814|0x0000000765c00000, 0x0000000765e00000, 0x0000000765e00000|100%| E|CS|TAMS 0x0000000765c00000| PB 0x0000000765c00000| Complete 
| 815|0x0000000765e00000, 0x0000000766000000, 0x0000000766000000|100%| E|CS|TAMS 0x0000000765e00000| PB 0x0000000765e00000| Complete 
| 816|0x0000000766000000, 0x0000000766200000, 0x0000000766200000|100%| E|CS|TAMS 0x0000000766000000| PB 0x0000000766000000| Complete 
| 817|0x0000000766200000, 0x0000000766400000, 0x0000000766400000|100%| E|CS|TAMS 0x0000000766200000| PB 0x0000000766200000| Complete 
| 818|0x0000000766400000, 0x0000000766600000, 0x0000000766600000|100%| E|CS|TAMS 0x0000000766400000| PB 0x0000000766400000| Complete 
| 819|0x0000000766600000, 0x0000000766800000, 0x0000000766800000|100%| E|CS|TAMS 0x0000000766600000| PB 0x0000000766600000| Complete 
| 820|0x0000000766800000, 0x0000000766a00000, 0x0000000766a00000|100%| E|  |TAMS 0x0000000766800000| PB 0x0000000766800000| Complete 
| 821|0x0000000766a00000, 0x0000000766c00000, 0x0000000766c00000|100%| E|CS|TAMS 0x0000000766a00000| PB 0x0000000766a00000| Complete 
| 822|0x0000000766c00000, 0x0000000766e00000, 0x0000000766e00000|100%| E|CS|TAMS 0x0000000766c00000| PB 0x0000000766c00000| Complete 
| 823|0x0000000766e00000, 0x0000000767000000, 0x0000000767000000|100%| E|CS|TAMS 0x0000000766e00000| PB 0x0000000766e00000| Complete 
| 824|0x0000000767000000, 0x0000000767200000, 0x0000000767200000|100%| E|CS|TAMS 0x0000000767000000| PB 0x0000000767000000| Complete 
| 825|0x0000000767200000, 0x0000000767400000, 0x0000000767400000|100%| E|CS|TAMS 0x0000000767200000| PB 0x0000000767200000| Complete 
| 826|0x0000000767400000, 0x0000000767600000, 0x0000000767600000|100%| E|CS|TAMS 0x0000000767400000| PB 0x0000000767400000| Complete 
| 827|0x0000000767600000, 0x0000000767800000, 0x0000000767800000|100%| E|CS|TAMS 0x0000000767600000| PB 0x0000000767600000| Complete 
| 828|0x0000000767800000, 0x0000000767a00000, 0x0000000767a00000|100%| E|CS|TAMS 0x0000000767800000| PB 0x0000000767800000| Complete 
| 829|0x0000000767a00000, 0x0000000767c00000, 0x0000000767c00000|100%| E|CS|TAMS 0x0000000767a00000| PB 0x0000000767a00000| Complete 
| 830|0x0000000767c00000, 0x0000000767e00000, 0x0000000767e00000|100%| E|CS|TAMS 0x0000000767c00000| PB 0x0000000767c00000| Complete 
| 831|0x0000000767e00000, 0x0000000768000000, 0x0000000768000000|100%| E|CS|TAMS 0x0000000767e00000| PB 0x0000000767e00000| Complete 
| 832|0x0000000768000000, 0x0000000768200000, 0x0000000768200000|100%| E|CS|TAMS 0x0000000768000000| PB 0x0000000768000000| Complete 
| 833|0x0000000768200000, 0x0000000768400000, 0x0000000768400000|100%| E|CS|TAMS 0x0000000768200000| PB 0x0000000768200000| Complete 
| 834|0x0000000768400000, 0x0000000768600000, 0x0000000768600000|100%| E|CS|TAMS 0x0000000768400000| PB 0x0000000768400000| Complete 
| 835|0x0000000768600000, 0x0000000768800000, 0x0000000768800000|100%| E|CS|TAMS 0x0000000768600000| PB 0x0000000768600000| Complete 
| 836|0x0000000768800000, 0x0000000768a00000, 0x0000000768a00000|100%| E|CS|TAMS 0x0000000768800000| PB 0x0000000768800000| Complete 
| 837|0x0000000768a00000, 0x0000000768c00000, 0x0000000768c00000|100%| E|CS|TAMS 0x0000000768a00000| PB 0x0000000768a00000| Complete 
| 838|0x0000000768c00000, 0x0000000768e00000, 0x0000000768e00000|100%| E|CS|TAMS 0x0000000768c00000| PB 0x0000000768c00000| Complete 
| 839|0x0000000768e00000, 0x0000000769000000, 0x0000000769000000|100%| E|CS|TAMS 0x0000000768e00000| PB 0x0000000768e00000| Complete 
| 840|0x0000000769000000, 0x0000000769200000, 0x0000000769200000|100%| E|CS|TAMS 0x0000000769000000| PB 0x0000000769000000| Complete 
| 841|0x0000000769200000, 0x0000000769400000, 0x0000000769400000|100%| E|CS|TAMS 0x0000000769200000| PB 0x0000000769200000| Complete 
| 842|0x0000000769400000, 0x0000000769600000, 0x0000000769600000|100%| E|CS|TAMS 0x0000000769400000| PB 0x0000000769400000| Complete 
| 843|0x0000000769600000, 0x0000000769800000, 0x0000000769800000|100%| E|CS|TAMS 0x0000000769600000| PB 0x0000000769600000| Complete 
| 844|0x0000000769800000, 0x0000000769a00000, 0x0000000769a00000|100%| E|CS|TAMS 0x0000000769800000| PB 0x0000000769800000| Complete 
| 845|0x0000000769a00000, 0x0000000769c00000, 0x0000000769c00000|100%| E|CS|TAMS 0x0000000769a00000| PB 0x0000000769a00000| Complete 
| 846|0x0000000769c00000, 0x0000000769e00000, 0x0000000769e00000|100%| E|CS|TAMS 0x0000000769c00000| PB 0x0000000769c00000| Complete 
| 847|0x0000000769e00000, 0x000000076a000000, 0x000000076a000000|100%| E|CS|TAMS 0x0000000769e00000| PB 0x0000000769e00000| Complete 
| 848|0x000000076a000000, 0x000000076a200000, 0x000000076a200000|100%| E|CS|TAMS 0x000000076a000000| PB 0x000000076a000000| Complete 
| 849|0x000000076a200000, 0x000000076a400000, 0x000000076a400000|100%| E|CS|TAMS 0x000000076a200000| PB 0x000000076a200000| Complete 
| 850|0x000000076a400000, 0x000000076a600000, 0x000000076a600000|100%| E|CS|TAMS 0x000000076a400000| PB 0x000000076a400000| Complete 
| 851|0x000000076a600000, 0x000000076a800000, 0x000000076a800000|100%| E|CS|TAMS 0x000000076a600000| PB 0x000000076a600000| Complete 
| 852|0x000000076a800000, 0x000000076aa00000, 0x000000076aa00000|100%| E|CS|TAMS 0x000000076a800000| PB 0x000000076a800000| Complete 
| 853|0x000000076aa00000, 0x000000076ac00000, 0x000000076ac00000|100%| E|CS|TAMS 0x000000076aa00000| PB 0x000000076aa00000| Complete 
| 854|0x000000076ac00000, 0x000000076ae00000, 0x000000076ae00000|100%| E|CS|TAMS 0x000000076ac00000| PB 0x000000076ac00000| Complete 
| 855|0x000000076ae00000, 0x000000076b000000, 0x000000076b000000|100%| E|CS|TAMS 0x000000076ae00000| PB 0x000000076ae00000| Complete 
| 856|0x000000076b000000, 0x000000076b200000, 0x000000076b200000|100%| E|CS|TAMS 0x000000076b000000| PB 0x000000076b000000| Complete 
| 857|0x000000076b200000, 0x000000076b400000, 0x000000076b400000|100%| E|CS|TAMS 0x000000076b200000| PB 0x000000076b200000| Complete 
| 858|0x000000076b400000, 0x000000076b600000, 0x000000076b600000|100%| E|CS|TAMS 0x000000076b400000| PB 0x000000076b400000| Complete 
| 859|0x000000076b600000, 0x000000076b800000, 0x000000076b800000|100%| E|CS|TAMS 0x000000076b600000| PB 0x000000076b600000| Complete 
| 860|0x000000076b800000, 0x000000076ba00000, 0x000000076ba00000|100%| E|CS|TAMS 0x000000076b800000| PB 0x000000076b800000| Complete 
| 861|0x000000076ba00000, 0x000000076bc00000, 0x000000076bc00000|100%| E|CS|TAMS 0x000000076ba00000| PB 0x000000076ba00000| Complete 
| 862|0x000000076bc00000, 0x000000076be00000, 0x000000076be00000|100%| E|CS|TAMS 0x000000076bc00000| PB 0x000000076bc00000| Complete 
| 863|0x000000076be00000, 0x000000076c000000, 0x000000076c000000|100%| E|CS|TAMS 0x000000076be00000| PB 0x000000076be00000| Complete 
| 864|0x000000076c000000, 0x000000076c200000, 0x000000076c200000|100%| E|CS|TAMS 0x000000076c000000| PB 0x000000076c000000| Complete 
| 865|0x000000076c200000, 0x000000076c400000, 0x000000076c400000|100%| E|CS|TAMS 0x000000076c200000| PB 0x000000076c200000| Complete 
| 866|0x000000076c400000, 0x000000076c600000, 0x000000076c600000|100%| E|CS|TAMS 0x000000076c400000| PB 0x000000076c400000| Complete 
| 867|0x000000076c600000, 0x000000076c800000, 0x000000076c800000|100%| E|CS|TAMS 0x000000076c600000| PB 0x000000076c600000| Complete 
| 868|0x000000076c800000, 0x000000076ca00000, 0x000000076ca00000|100%| E|CS|TAMS 0x000000076c800000| PB 0x000000076c800000| Complete 
| 869|0x000000076ca00000, 0x000000076cc00000, 0x000000076cc00000|100%| E|CS|TAMS 0x000000076ca00000| PB 0x000000076ca00000| Complete 
| 870|0x000000076cc00000, 0x000000076ce00000, 0x000000076ce00000|100%| E|CS|TAMS 0x000000076cc00000| PB 0x000000076cc00000| Complete 
| 871|0x000000076ce00000, 0x000000076d000000, 0x000000076d000000|100%| E|CS|TAMS 0x000000076ce00000| PB 0x000000076ce00000| Complete 
| 872|0x000000076d000000, 0x000000076d200000, 0x000000076d200000|100%| E|CS|TAMS 0x000000076d000000| PB 0x000000076d000000| Complete 
| 873|0x000000076d200000, 0x000000076d400000, 0x000000076d400000|100%| E|CS|TAMS 0x000000076d200000| PB 0x000000076d200000| Complete 
| 874|0x000000076d400000, 0x000000076d600000, 0x000000076d600000|100%| E|CS|TAMS 0x000000076d400000| PB 0x000000076d400000| Complete 
| 875|0x000000076d600000, 0x000000076d800000, 0x000000076d800000|100%| E|CS|TAMS 0x000000076d600000| PB 0x000000076d600000| Complete 
| 876|0x000000076d800000, 0x000000076da00000, 0x000000076da00000|100%| E|CS|TAMS 0x000000076d800000| PB 0x000000076d800000| Complete 
| 877|0x000000076da00000, 0x000000076dc00000, 0x000000076dc00000|100%| E|CS|TAMS 0x000000076da00000| PB 0x000000076da00000| Complete 
| 878|0x000000076dc00000, 0x000000076de00000, 0x000000076de00000|100%| E|CS|TAMS 0x000000076dc00000| PB 0x000000076dc00000| Complete 
| 879|0x000000076de00000, 0x000000076e000000, 0x000000076e000000|100%| E|CS|TAMS 0x000000076de00000| PB 0x000000076de00000| Complete 
| 880|0x000000076e000000, 0x000000076e200000, 0x000000076e200000|100%| E|CS|TAMS 0x000000076e000000| PB 0x000000076e000000| Complete 
| 881|0x000000076e200000, 0x000000076e400000, 0x000000076e400000|100%| E|CS|TAMS 0x000000076e200000| PB 0x000000076e200000| Complete 
| 882|0x000000076e400000, 0x000000076e600000, 0x000000076e600000|100%| E|CS|TAMS 0x000000076e400000| PB 0x000000076e400000| Complete 
| 883|0x000000076e600000, 0x000000076e800000, 0x000000076e800000|100%| E|CS|TAMS 0x000000076e600000| PB 0x000000076e600000| Complete 
| 884|0x000000076e800000, 0x000000076ea00000, 0x000000076ea00000|100%| E|CS|TAMS 0x000000076e800000| PB 0x000000076e800000| Complete 
| 885|0x000000076ea00000, 0x000000076ec00000, 0x000000076ec00000|100%| E|CS|TAMS 0x000000076ea00000| PB 0x000000076ea00000| Complete 
| 886|0x000000076ec00000, 0x000000076ee00000, 0x000000076ee00000|100%| E|CS|TAMS 0x000000076ec00000| PB 0x000000076ec00000| Complete 
| 887|0x000000076ee00000, 0x000000076f000000, 0x000000076f000000|100%| E|CS|TAMS 0x000000076ee00000| PB 0x000000076ee00000| Complete 
| 888|0x000000076f000000, 0x000000076f200000, 0x000000076f200000|100%| E|CS|TAMS 0x000000076f000000| PB 0x000000076f000000| Complete 
| 889|0x000000076f200000, 0x000000076f400000, 0x000000076f400000|100%| E|CS|TAMS 0x000000076f200000| PB 0x000000076f200000| Complete 
| 890|0x000000076f400000, 0x000000076f600000, 0x000000076f600000|100%| E|CS|TAMS 0x000000076f400000| PB 0x000000076f400000| Complete 
| 891|0x000000076f600000, 0x000000076f800000, 0x000000076f800000|100%| E|CS|TAMS 0x000000076f600000| PB 0x000000076f600000| Complete 
| 892|0x000000076f800000, 0x000000076fa00000, 0x000000076fa00000|100%| E|CS|TAMS 0x000000076f800000| PB 0x000000076f800000| Complete 
| 893|0x000000076fa00000, 0x000000076fc00000, 0x000000076fc00000|100%| E|CS|TAMS 0x000000076fa00000| PB 0x000000076fa00000| Complete 
| 894|0x000000076fc00000, 0x000000076fe00000, 0x000000076fe00000|100%| E|CS|TAMS 0x000000076fc00000| PB 0x000000076fc00000| Complete 
| 895|0x000000076fe00000, 0x0000000770000000, 0x0000000770000000|100%| E|CS|TAMS 0x000000076fe00000| PB 0x000000076fe00000| Complete 
| 896|0x0000000770000000, 0x0000000770200000, 0x0000000770200000|100%| E|CS|TAMS 0x0000000770000000| PB 0x0000000770000000| Complete 
| 897|0x0000000770200000, 0x0000000770400000, 0x0000000770400000|100%| E|CS|TAMS 0x0000000770200000| PB 0x0000000770200000| Complete 
| 898|0x0000000770400000, 0x0000000770600000, 0x0000000770600000|100%| E|CS|TAMS 0x0000000770400000| PB 0x0000000770400000| Complete 
| 899|0x0000000770600000, 0x0000000770800000, 0x0000000770800000|100%| E|CS|TAMS 0x0000000770600000| PB 0x0000000770600000| Complete 
| 900|0x0000000770800000, 0x0000000770a00000, 0x0000000770a00000|100%| E|CS|TAMS 0x0000000770800000| PB 0x0000000770800000| Complete 
| 901|0x0000000770a00000, 0x0000000770c00000, 0x0000000770c00000|100%| E|CS|TAMS 0x0000000770a00000| PB 0x0000000770a00000| Complete 
| 902|0x0000000770c00000, 0x0000000770e00000, 0x0000000770e00000|100%| E|CS|TAMS 0x0000000770c00000| PB 0x0000000770c00000| Complete 
| 903|0x0000000770e00000, 0x0000000771000000, 0x0000000771000000|100%| E|CS|TAMS 0x0000000770e00000| PB 0x0000000770e00000| Complete 
| 904|0x0000000771000000, 0x0000000771200000, 0x0000000771200000|100%| E|CS|TAMS 0x0000000771000000| PB 0x0000000771000000| Complete 
| 905|0x0000000771200000, 0x0000000771400000, 0x0000000771400000|100%| E|CS|TAMS 0x0000000771200000| PB 0x0000000771200000| Complete 
| 906|0x0000000771400000, 0x0000000771600000, 0x0000000771600000|100%| E|CS|TAMS 0x0000000771400000| PB 0x0000000771400000| Complete 
| 907|0x0000000771600000, 0x0000000771800000, 0x0000000771800000|100%| E|CS|TAMS 0x0000000771600000| PB 0x0000000771600000| Complete 
| 908|0x0000000771800000, 0x0000000771a00000, 0x0000000771a00000|100%| E|CS|TAMS 0x0000000771800000| PB 0x0000000771800000| Complete 
| 909|0x0000000771a00000, 0x0000000771c00000, 0x0000000771c00000|100%| E|CS|TAMS 0x0000000771a00000| PB 0x0000000771a00000| Complete 
| 910|0x0000000771c00000, 0x0000000771e00000, 0x0000000771e00000|100%| E|CS|TAMS 0x0000000771c00000| PB 0x0000000771c00000| Complete 
| 911|0x0000000771e00000, 0x0000000772000000, 0x0000000772000000|100%| E|CS|TAMS 0x0000000771e00000| PB 0x0000000771e00000| Complete 
| 912|0x0000000772000000, 0x0000000772200000, 0x0000000772200000|100%| E|CS|TAMS 0x0000000772000000| PB 0x0000000772000000| Complete 
| 913|0x0000000772200000, 0x0000000772400000, 0x0000000772400000|100%| E|CS|TAMS 0x0000000772200000| PB 0x0000000772200000| Complete 
| 914|0x0000000772400000, 0x0000000772600000, 0x0000000772600000|100%| E|CS|TAMS 0x0000000772400000| PB 0x0000000772400000| Complete 
| 915|0x0000000772600000, 0x0000000772800000, 0x0000000772800000|100%| E|CS|TAMS 0x0000000772600000| PB 0x0000000772600000| Complete 
| 916|0x0000000772800000, 0x0000000772a00000, 0x0000000772a00000|100%| E|CS|TAMS 0x0000000772800000| PB 0x0000000772800000| Complete 
| 917|0x0000000772a00000, 0x0000000772c00000, 0x0000000772c00000|100%| E|CS|TAMS 0x0000000772a00000| PB 0x0000000772a00000| Complete 
| 918|0x0000000772c00000, 0x0000000772e00000, 0x0000000772e00000|100%| E|CS|TAMS 0x0000000772c00000| PB 0x0000000772c00000| Complete 
| 919|0x0000000772e00000, 0x0000000773000000, 0x0000000773000000|100%| E|CS|TAMS 0x0000000772e00000| PB 0x0000000772e00000| Complete 
| 920|0x0000000773000000, 0x0000000773200000, 0x0000000773200000|100%| E|CS|TAMS 0x0000000773000000| PB 0x0000000773000000| Complete 
| 921|0x0000000773200000, 0x0000000773400000, 0x0000000773400000|100%| E|CS|TAMS 0x0000000773200000| PB 0x0000000773200000| Complete 
| 922|0x0000000773400000, 0x0000000773600000, 0x0000000773600000|100%| E|CS|TAMS 0x0000000773400000| PB 0x0000000773400000| Complete 
| 923|0x0000000773600000, 0x0000000773800000, 0x0000000773800000|100%| E|CS|TAMS 0x0000000773600000| PB 0x0000000773600000| Complete 
| 924|0x0000000773800000, 0x0000000773a00000, 0x0000000773a00000|100%| E|CS|TAMS 0x0000000773800000| PB 0x0000000773800000| Complete 
| 925|0x0000000773a00000, 0x0000000773c00000, 0x0000000773c00000|100%| E|CS|TAMS 0x0000000773a00000| PB 0x0000000773a00000| Complete 
| 926|0x0000000773c00000, 0x0000000773e00000, 0x0000000773e00000|100%| E|CS|TAMS 0x0000000773c00000| PB 0x0000000773c00000| Complete 
| 927|0x0000000773e00000, 0x0000000774000000, 0x0000000774000000|100%| E|CS|TAMS 0x0000000773e00000| PB 0x0000000773e00000| Complete 
| 928|0x0000000774000000, 0x0000000774200000, 0x0000000774200000|100%| E|CS|TAMS 0x0000000774000000| PB 0x0000000774000000| Complete 
| 929|0x0000000774200000, 0x0000000774400000, 0x0000000774400000|100%| E|CS|TAMS 0x0000000774200000| PB 0x0000000774200000| Complete 
| 930|0x0000000774400000, 0x0000000774600000, 0x0000000774600000|100%| E|CS|TAMS 0x0000000774400000| PB 0x0000000774400000| Complete 
| 931|0x0000000774600000, 0x0000000774800000, 0x0000000774800000|100%| E|CS|TAMS 0x0000000774600000| PB 0x0000000774600000| Complete 
| 932|0x0000000774800000, 0x0000000774a00000, 0x0000000774a00000|100%| E|CS|TAMS 0x0000000774800000| PB 0x0000000774800000| Complete 
| 933|0x0000000774a00000, 0x0000000774c00000, 0x0000000774c00000|100%| E|CS|TAMS 0x0000000774a00000| PB 0x0000000774a00000| Complete 
| 934|0x0000000774c00000, 0x0000000774e00000, 0x0000000774e00000|100%| E|CS|TAMS 0x0000000774c00000| PB 0x0000000774c00000| Complete 
| 935|0x0000000774e00000, 0x0000000775000000, 0x0000000775000000|100%| E|CS|TAMS 0x0000000774e00000| PB 0x0000000774e00000| Complete 
| 936|0x0000000775000000, 0x0000000775200000, 0x0000000775200000|100%| E|CS|TAMS 0x0000000775000000| PB 0x0000000775000000| Complete 
| 937|0x0000000775200000, 0x0000000775400000, 0x0000000775400000|100%| E|CS|TAMS 0x0000000775200000| PB 0x0000000775200000| Complete 
| 938|0x0000000775400000, 0x0000000775600000, 0x0000000775600000|100%| E|CS|TAMS 0x0000000775400000| PB 0x0000000775400000| Complete 
| 939|0x0000000775600000, 0x00000007757a0030, 0x0000000775800000| 81%| S|CS|TAMS 0x0000000775600000| PB 0x0000000775600000| Complete 
| 940|0x0000000775800000, 0x0000000775a00000, 0x0000000775a00000|100%| S|CS|TAMS 0x0000000775800000| PB 0x0000000775800000| Complete 
| 941|0x0000000775a00000, 0x0000000775c00000, 0x0000000775c00000|100%| S|CS|TAMS 0x0000000775a00000| PB 0x0000000775a00000| Complete 
| 942|0x0000000775c00000, 0x0000000775e00000, 0x0000000775e00000|100%| S|CS|TAMS 0x0000000775c00000| PB 0x0000000775c00000| Complete 
| 943|0x0000000775e00000, 0x0000000776000000, 0x0000000776000000|100%| S|CS|TAMS 0x0000000775e00000| PB 0x0000000775e00000| Complete 
| 944|0x0000000776000000, 0x0000000776200000, 0x0000000776200000|100%| S|CS|TAMS 0x0000000776000000| PB 0x0000000776000000| Complete 
| 945|0x0000000776200000, 0x0000000776400000, 0x0000000776400000|100%| E|CS|TAMS 0x0000000776200000| PB 0x0000000776200000| Complete 
| 946|0x0000000776400000, 0x0000000776600000, 0x0000000776600000|100%| E|CS|TAMS 0x0000000776400000| PB 0x0000000776400000| Complete 
| 947|0x0000000776600000, 0x0000000776800000, 0x0000000776800000|100%| E|CS|TAMS 0x0000000776600000| PB 0x0000000776600000| Complete 
| 948|0x0000000776800000, 0x0000000776a00000, 0x0000000776a00000|100%| E|CS|TAMS 0x0000000776800000| PB 0x0000000776800000| Complete 
| 949|0x0000000776a00000, 0x0000000776c00000, 0x0000000776c00000|100%| E|CS|TAMS 0x0000000776a00000| PB 0x0000000776a00000| Complete 
| 950|0x0000000776c00000, 0x0000000776e00000, 0x0000000776e00000|100%| E|CS|TAMS 0x0000000776c00000| PB 0x0000000776c00000| Complete 
| 951|0x0000000776e00000, 0x0000000777000000, 0x0000000777000000|100%| E|CS|TAMS 0x0000000776e00000| PB 0x0000000776e00000| Complete 
| 952|0x0000000777000000, 0x0000000777200000, 0x0000000777200000|100%| E|CS|TAMS 0x0000000777000000| PB 0x0000000777000000| Complete 
| 953|0x0000000777200000, 0x0000000777400000, 0x0000000777400000|100%| E|CS|TAMS 0x0000000777200000| PB 0x0000000777200000| Complete 
| 954|0x0000000777400000, 0x0000000777600000, 0x0000000777600000|100%| E|CS|TAMS 0x0000000777400000| PB 0x0000000777400000| Complete 
| 955|0x0000000777600000, 0x0000000777800000, 0x0000000777800000|100%| E|CS|TAMS 0x0000000777600000| PB 0x0000000777600000| Complete 
| 956|0x0000000777800000, 0x0000000777a00000, 0x0000000777a00000|100%| E|CS|TAMS 0x0000000777800000| PB 0x0000000777800000| Complete 
| 957|0x0000000777a00000, 0x0000000777c00000, 0x0000000777c00000|100%| E|CS|TAMS 0x0000000777a00000| PB 0x0000000777a00000| Complete 
| 958|0x0000000777c00000, 0x0000000777e00000, 0x0000000777e00000|100%| E|CS|TAMS 0x0000000777c00000| PB 0x0000000777c00000| Complete 
| 959|0x0000000777e00000, 0x0000000778000000, 0x0000000778000000|100%| E|CS|TAMS 0x0000000777e00000| PB 0x0000000777e00000| Complete 
| 960|0x0000000778000000, 0x0000000778200000, 0x0000000778200000|100%| E|CS|TAMS 0x0000000778000000| PB 0x0000000778000000| Complete 
| 961|0x0000000778200000, 0x0000000778400000, 0x0000000778400000|100%| E|CS|TAMS 0x0000000778200000| PB 0x0000000778200000| Complete 
| 962|0x0000000778400000, 0x0000000778600000, 0x0000000778600000|100%| E|CS|TAMS 0x0000000778400000| PB 0x0000000778400000| Complete 
| 963|0x0000000778600000, 0x0000000778800000, 0x0000000778800000|100%| E|CS|TAMS 0x0000000778600000| PB 0x0000000778600000| Complete 
| 964|0x0000000778800000, 0x0000000778a00000, 0x0000000778a00000|100%| E|CS|TAMS 0x0000000778800000| PB 0x0000000778800000| Complete 
| 965|0x0000000778a00000, 0x0000000778c00000, 0x0000000778c00000|100%| E|CS|TAMS 0x0000000778a00000| PB 0x0000000778a00000| Complete 
| 966|0x0000000778c00000, 0x0000000778e00000, 0x0000000778e00000|100%| E|CS|TAMS 0x0000000778c00000| PB 0x0000000778c00000| Complete 
| 967|0x0000000778e00000, 0x0000000779000000, 0x0000000779000000|100%| E|CS|TAMS 0x0000000778e00000| PB 0x0000000778e00000| Complete 
| 968|0x0000000779000000, 0x0000000779200000, 0x0000000779200000|100%| E|CS|TAMS 0x0000000779000000| PB 0x0000000779000000| Complete 
| 969|0x0000000779200000, 0x0000000779400000, 0x0000000779400000|100%| E|CS|TAMS 0x0000000779200000| PB 0x0000000779200000| Complete 
| 970|0x0000000779400000, 0x0000000779600000, 0x0000000779600000|100%| E|CS|TAMS 0x0000000779400000| PB 0x0000000779400000| Complete 
| 971|0x0000000779600000, 0x0000000779800000, 0x0000000779800000|100%| E|CS|TAMS 0x0000000779600000| PB 0x0000000779600000| Complete 
| 972|0x0000000779800000, 0x0000000779a00000, 0x0000000779a00000|100%| E|CS|TAMS 0x0000000779800000| PB 0x0000000779800000| Complete 
| 973|0x0000000779a00000, 0x0000000779c00000, 0x0000000779c00000|100%| E|CS|TAMS 0x0000000779a00000| PB 0x0000000779a00000| Complete 
| 974|0x0000000779c00000, 0x0000000779e00000, 0x0000000779e00000|100%| E|CS|TAMS 0x0000000779c00000| PB 0x0000000779c00000| Complete 
| 975|0x0000000779e00000, 0x000000077a000000, 0x000000077a000000|100%| E|CS|TAMS 0x0000000779e00000| PB 0x0000000779e00000| Complete 
| 976|0x000000077a000000, 0x000000077a200000, 0x000000077a200000|100%| E|CS|TAMS 0x000000077a000000| PB 0x000000077a000000| Complete 
| 977|0x000000077a200000, 0x000000077a400000, 0x000000077a400000|100%| E|CS|TAMS 0x000000077a200000| PB 0x000000077a200000| Complete 
| 978|0x000000077a400000, 0x000000077a600000, 0x000000077a600000|100%| E|CS|TAMS 0x000000077a400000| PB 0x000000077a400000| Complete 
| 979|0x000000077a600000, 0x000000077a800000, 0x000000077a800000|100%| E|CS|TAMS 0x000000077a600000| PB 0x000000077a600000| Complete 
| 980|0x000000077a800000, 0x000000077aa00000, 0x000000077aa00000|100%| E|CS|TAMS 0x000000077a800000| PB 0x000000077a800000| Complete 
|2017|0x00000007fc200000, 0x00000007fc400000, 0x00000007fc400000|100%| E|CS|TAMS 0x00000007fc200000| PB 0x00000007fc200000| Complete 
|2018|0x00000007fc400000, 0x00000007fc600000, 0x00000007fc600000|100%| E|CS|TAMS 0x00000007fc400000| PB 0x00000007fc400000| Complete 
|2019|0x00000007fc600000, 0x00000007fc800000, 0x00000007fc800000|100%| E|CS|TAMS 0x00000007fc600000| PB 0x00000007fc600000| Complete 
|2020|0x00000007fc800000, 0x00000007fca00000, 0x00000007fca00000|100%| E|CS|TAMS 0x00000007fc800000| PB 0x00000007fc800000| Complete 
|2021|0x00000007fca00000, 0x00000007fcc00000, 0x00000007fcc00000|100%| E|CS|TAMS 0x00000007fca00000| PB 0x00000007fca00000| Complete 
|2022|0x00000007fcc00000, 0x00000007fce00000, 0x00000007fce00000|100%| E|CS|TAMS 0x00000007fcc00000| PB 0x00000007fcc00000| Complete 
|2023|0x00000007fce00000, 0x00000007fd000000, 0x00000007fd000000|100%| E|CS|TAMS 0x00000007fce00000| PB 0x00000007fce00000| Complete 
|2024|0x00000007fd000000, 0x00000007fd200000, 0x00000007fd200000|100%| E|CS|TAMS 0x00000007fd000000| PB 0x00000007fd000000| Complete 
|2025|0x00000007fd200000, 0x00000007fd400000, 0x00000007fd400000|100%| O|  |TAMS 0x00000007fd200000| PB 0x00000007fd200000| Untracked 
|2026|0x00000007fd400000, 0x00000007fd600000, 0x00000007fd600000|100%| O|Cm|TAMS 0x00000007fd400000| PB 0x00000007fd400000| Complete 
|2027|0x00000007fd600000, 0x00000007fd800000, 0x00000007fd800000|100%| O|Cm|TAMS 0x00000007fd600000| PB 0x00000007fd600000| Complete 
|2028|0x00000007fd800000, 0x00000007fda00000, 0x00000007fda00000|100%| E|CS|TAMS 0x00000007fd800000| PB 0x00000007fd800000| Complete 
|2029|0x00000007fda00000, 0x00000007fdc00000, 0x00000007fdc00000|100%| E|CS|TAMS 0x00000007fda00000| PB 0x00000007fda00000| Complete 
|2030|0x00000007fdc00000, 0x00000007fde00000, 0x00000007fde00000|100%| O|Cm|TAMS 0x00000007fdc00000| PB 0x00000007fdc00000| Complete 
|2031|0x00000007fde00000, 0x00000007fe000000, 0x00000007fe000000|100%| O|  |TAMS 0x00000007fde00000| PB 0x00000007fde00000| Untracked 
|2032|0x00000007fe000000, 0x00000007fe200000, 0x00000007fe200000|100%| O|  |TAMS 0x00000007fe000000| PB 0x00000007fe000000| Untracked 
|2033|0x00000007fe200000, 0x00000007fe400000, 0x00000007fe400000|100%| O|  |TAMS 0x00000007fe200000| PB 0x00000007fe200000| Untracked 
|2034|0x00000007fe400000, 0x00000007fe600000, 0x00000007fe600000|100%| O|  |TAMS 0x00000007fe400000| PB 0x00000007fe400000| Untracked 
|2035|0x00000007fe600000, 0x00000007fe800000, 0x00000007fe800000|100%| O|  |TAMS 0x00000007fe600000| PB 0x00000007fe600000| Untracked 
|2036|0x00000007fe800000, 0x00000007fea00000, 0x00000007fea00000|100%| O|  |TAMS 0x00000007fe800000| PB 0x00000007fe800000| Untracked 
|2037|0x00000007fea00000, 0x00000007fec00000, 0x00000007fec00000|100%| E|CS|TAMS 0x00000007fea00000| PB 0x00000007fea00000| Complete 
|2038|0x00000007fec00000, 0x00000007fee00000, 0x00000007fee00000|100%| O|  |TAMS 0x00000007fec00000| PB 0x00000007fec00000| Untracked 
|2039|0x00000007fee00000, 0x00000007ff000000, 0x00000007ff000000|100%| E|CS|TAMS 0x00000007fee00000| PB 0x00000007fee00000| Complete 
|2040|0x00000007ff000000, 0x00000007ff200000, 0x00000007ff200000|100%| E|CS|TAMS 0x00000007ff000000| PB 0x00000007ff000000| Complete 
|2041|0x00000007ff200000, 0x00000007ff400000, 0x00000007ff400000|100%| E|CS|TAMS 0x00000007ff200000| PB 0x00000007ff200000| Complete 
|2042|0x00000007ff400000, 0x00000007ff600000, 0x00000007ff600000|100%| O|  |TAMS 0x00000007ff400000| PB 0x00000007ff400000| Untracked 
|2043|0x00000007ff600000, 0x00000007ff800000, 0x00000007ff800000|100%| E|CS|TAMS 0x00000007ff600000| PB 0x00000007ff600000| Complete 
|2044|0x00000007ff800000, 0x00000007ffa00000, 0x00000007ffa00000|100%| O|  |TAMS 0x00000007ff800000| PB 0x00000007ff800000| Untracked 
|2045|0x00000007ffa00000, 0x00000007ffc00000, 0x00000007ffc00000|100%| O|  |TAMS 0x00000007ffa00000| PB 0x00000007ffa00000| Untracked 
|2046|0x00000007ffc00000, 0x00000007ffe00000, 0x00000007ffe00000|100%| O|  |TAMS 0x00000007ffc00000| PB 0x00000007ffc00000| Untracked 
|2047|0x00000007ffe00000, 0x0000000800000000, 0x0000000800000000|100%| O|  |TAMS 0x00000007ffe00000| PB 0x00000007ffe00000| Untracked 

Card table byte_map: [0x0000028ee84e0000,0x0000028ee8ce0000] _byte_map_base: 0x0000028ee4ce0000

Marking Bits: (CMBitMap*) 0x0000028ed3924200
 Bits: [0x0000028ee8ce0000, 0x0000028eecce0000)

Polling page: 0x0000028ed32d0000

Metaspace:

Usage:
  Non-class:    199.90 MB used.
      Class:     30.18 MB used.
       Both:    230.07 MB used.

Virtual space:
  Non-class space:      256.00 MB reserved,     201.19 MB ( 79%) committed,  4 nodes.
      Class space:      832.00 MB reserved,      31.44 MB (  4%) committed,  1 nodes.
             Both:        1.06 GB reserved,     232.62 MB ( 21%) committed. 

Chunk freelists:
   Non-Class:  6.53 MB
       Class:  608.00 KB
        Both:  7.12 MB

MaxMetaspaceSize: 1.00 GB
CompressedClassSpaceSize: 832.00 MB
Initial GC threshold: 21.00 MB
Current GC threshold: 354.31 MB
CDS: off
 - commit_granule_bytes: 65536.
 - commit_granule_words: 8192.
 - virtual_space_node_default_size: 8388608.
 - enlarge_chunks_in_place: 1.
 - use_allocation_guard: 0.


Internal statistics:

num_allocs_failed_limit: 9.
num_arena_births: 5734.
num_arena_deaths: 610.
num_vsnodes_births: 5.
num_vsnodes_deaths: 0.
num_space_committed: 3734.
num_space_uncommitted: 10.
num_chunks_returned_to_freelist: 1082.
num_chunks_taken_from_freelist: 18329.
num_chunk_merges: 345.
num_chunk_splits: 10834.
num_chunks_enlarged: 5429.
num_inconsistent_stats: 0.

CodeHeap 'non-profiled nmethods': size=120000Kb used=20227Kb max_used=20227Kb free=99772Kb
 bounds [0x0000028edfb20000, 0x0000028ee0ef0000, 0x0000028ee7050000]
CodeHeap 'profiled nmethods': size=120000Kb used=68713Kb max_used=68713Kb free=51287Kb
 bounds [0x0000028ed8050000, 0x0000028edc370000, 0x0000028edf580000]
CodeHeap 'non-nmethods': size=5760Kb used=2228Kb max_used=2317Kb free=3531Kb
 bounds [0x0000028edf580000, 0x0000028edf7f0000, 0x0000028edfb20000]
CodeCache: size=245760Kb, used=91168Kb, max_used=91257Kb, free=154590Kb
 total_blobs=30036, nmethods=28970, adapters=968, full_count=0
Compilation: enabled, stopped_count=0, restarted_count=0

Compilation events (20 events):
Event: 21.497 Thread 0x0000028eefbfc240 nmethod 32716 0x0000028edc365e90 code [0x0000028edc366100, 0x0000028edc366b20]
Event: 21.497 Thread 0x0000028eefbfc240 32718       3       ksp.org.jetbrains.kotlin.name.ClassId::getOutermostClassId (37 bytes)
Event: 21.497 Thread 0x0000028eefbfc240 nmethod 32718 0x0000028edc366f10 code [0x0000028edc367120, 0x0000028edc367638]
Event: 21.497 Thread 0x0000028eefbfc240 32719       3       kotlin.collections.MapsKt__MapWithDefaultKt::getOrImplicitDefaultNullable (90 bytes)
Event: 21.498 Thread 0x0000028eefbfc240 nmethod 32719 0x0000028edc367890 code [0x0000028edc367be0, 0x0000028edc368e70]
Event: 21.498 Thread 0x0000028eefbfc240 32720       3       com.google.common.collect.AbstractIndexedListIterator::hasNext (17 bytes)
Event: 21.498 Thread 0x0000028eefbfc240 nmethod 32720 0x0000028edc369490 code [0x0000028edc369620, 0x0000028edc369788]
Event: 21.498 Thread 0x0000028eefbfc240 32717       1       dagger.spi.internal.shaded.androidx.room3.compiler.codegen.XClassName::getCanonicalName (5 bytes)
Event: 21.498 Thread 0x0000028eefbfc240 nmethod 32717 0x0000028ee0ec3110 code [0x0000028ee0ec32a0, 0x0000028ee0ec3370]
Event: 21.498 Thread 0x0000028eefbfc240 32721       3       dagger.spi.internal.shaded.androidx.room3.compiler.processing.ksp.KspType::getTypeElement (15 bytes)
Event: 21.498 Thread 0x0000028eefbfc240 nmethod 32721 0x0000028edc369810 code [0x0000028edc3699c0, 0x0000028edc369c90]
Event: 21.499 Thread 0x0000028eefbfc240 32722       3       com.squareup.javapoet.ClassName::<init> (101 bytes)
Event: 21.500 Thread 0x0000028eefbfc240 nmethod 32722 0x0000028edc369d90 code [0x0000028edc36a0e0, 0x0000028edc36b258]
Event: 21.500 Thread 0x0000028eefbfc240 32723       1       dagger.spi.internal.shaded.androidx.room3.compiler.processing.ksp.KspTypeElement::getDeclaration (5 bytes)
Event: 21.500 Thread 0x0000028eefbfc240 nmethod 32723 0x0000028ee0ec3410 code [0x0000028ee0ec35a0, 0x0000028ee0ec3670]
Event: 21.501 Thread 0x0000028eefbfc240 32724       3       ksp.com.google.devtools.ksp.common.impl.KSNameImpl::getShortName (47 bytes)
Event: 21.502 Thread 0x0000028eefbfc240 nmethod 32724 0x0000028edc36b910 code [0x0000028edc36bbc0, 0x0000028edc36c620]
Event: 21.502 Thread 0x0000028eefbfc240 32725       3       com.google.devtools.ksp.impl.symbol.kotlin.AbstractKSDeclarationImpl$parent$2::invoke (5 bytes)
Event: 21.502 Thread 0x0000028eefbfc240 nmethod 32725 0x0000028edc36ca90 code [0x0000028edc36cc40, 0x0000028edc36cd78]
Event: 21.502 Thread 0x0000028eefbfc240 32726   !   3       com.google.devtools.ksp.impl.symbol.kotlin.AbstractKSDeclarationImpl$parent$2::invoke (294 bytes)

GC Heap History (20 events):
Event: 11.983 GC heap before
{Heap before GC invocations=45 (full 0):
 garbage-first heap   total 1703936K, used 1113770K [0x0000000700000000, 0x0000000800000000)
  region size 2048K, 346 young (708608K), 9 survivors (18432K)
 Metaspace       used 111738K, committed 113984K, reserved 983040K
  class space    used 15500K, committed 16640K, reserved 851968K
}
Event: 12.065 GC heap after
{Heap after GC invocations=46 (full 0):
 garbage-first heap   total 1703936K, used 625664K [0x0000000700000000, 0x0000000800000000)
  region size 2048K, 44 young (90112K), 44 survivors (90112K)
 Metaspace       used 111738K, committed 113984K, reserved 983040K
  class space    used 15500K, committed 16640K, reserved 851968K
}
Event: 12.866 GC heap before
{Heap before GC invocations=46 (full 0):
 garbage-first heap   total 1703936K, used 1129472K [0x0000000700000000, 0x0000000800000000)
  region size 2048K, 285 young (583680K), 44 survivors (90112K)
 Metaspace       used 116214K, committed 118592K, reserved 983040K
  class space    used 15995K, committed 17216K, reserved 851968K
}
Event: 12.963 GC heap after
{Heap after GC invocations=47 (full 0):
 garbage-first heap   total 1703936K, used 792576K [0x0000000700000000, 0x0000000800000000)
  region size 2048K, 36 young (73728K), 36 survivors (73728K)
 Metaspace       used 116214K, committed 118592K, reserved 983040K
  class space    used 15995K, committed 17216K, reserved 851968K
}
Event: 13.457 GC heap before
{Heap before GC invocations=47 (full 0):
 garbage-first heap   total 1703936K, used 1214464K [0x0000000700000000, 0x0000000800000000)
  region size 2048K, 241 young (493568K), 36 survivors (73728K)
 Metaspace       used 120059K, committed 122432K, reserved 983040K
  class space    used 16350K, committed 17536K, reserved 851968K
}
Event: 13.568 GC heap after
{Heap after GC invocations=48 (full 0):
 garbage-first heap   total 1703936K, used 971776K [0x0000000700000000, 0x0000000800000000)
  region size 2048K, 31 young (63488K), 31 survivors (63488K)
 Metaspace       used 120059K, committed 122432K, reserved 983040K
  class space    used 16350K, committed 17536K, reserved 851968K
}
Event: 14.370 GC heap before
{Heap before GC invocations=48 (full 0):
 garbage-first heap   total 1703936K, used 1324032K [0x0000000700000000, 0x0000000800000000)
  region size 2048K, 200 young (409600K), 31 survivors (63488K)
 Metaspace       used 128075K, committed 130560K, reserved 983040K
  class space    used 17267K, committed 18496K, reserved 851968K
}
Event: 14.437 GC heap after
{Heap after GC invocations=49 (full 0):
 garbage-first heap   total 2072576K, used 1104896K [0x0000000700000000, 0x0000000800000000)
  region size 2048K, 25 young (51200K), 25 survivors (51200K)
 Metaspace       used 128075K, committed 130560K, reserved 983040K
  class space    used 17267K, committed 18496K, reserved 851968K
}
Event: 15.433 GC heap before
{Heap before GC invocations=49 (full 0):
 garbage-first heap   total 2072576K, used 1653760K [0x0000000700000000, 0x0000000800000000)
  region size 2048K, 272 young (557056K), 25 survivors (51200K)
 Metaspace       used 137128K, committed 139648K, reserved 983040K
  class space    used 18614K, committed 19840K, reserved 851968K
}
Event: 15.465 GC heap after
{Heap after GC invocations=50 (full 0):
 garbage-first heap   total 2072576K, used 1186816K [0x0000000700000000, 0x0000000800000000)
  region size 2048K, 34 young (69632K), 34 survivors (69632K)
 Metaspace       used 137128K, committed 139648K, reserved 983040K
  class space    used 18614K, committed 19840K, reserved 851968K
}
Event: 15.737 GC heap before
{Heap before GC invocations=50 (full 0):
 garbage-first heap   total 2072576K, used 1326080K [0x0000000700000000, 0x0000000800000000)
  region size 2048K, 103 young (210944K), 34 survivors (69632K)
 Metaspace       used 140018K, committed 142528K, reserved 983040K
  class space    used 19128K, committed 20352K, reserved 851968K
}
Event: 15.761 GC heap after
{Heap after GC invocations=51 (full 0):
 garbage-first heap   total 2072576K, used 1218560K [0x0000000700000000, 0x0000000800000000)
  region size 2048K, 17 young (34816K), 17 survivors (34816K)
 Metaspace       used 140018K, committed 142528K, reserved 983040K
  class space    used 19128K, committed 20352K, reserved 851968K
}
Event: 17.325 GC heap before
{Heap before GC invocations=52 (full 0):
 garbage-first heap   total 2072576K, used 1560576K [0x0000000700000000, 0x0000000800000000)
  region size 2048K, 266 young (544768K), 17 survivors (34816K)
 Metaspace       used 151334K, committed 153920K, reserved 1048576K
  class space    used 20523K, committed 21824K, reserved 851968K
}
Event: 17.356 GC heap after
{Heap after GC invocations=53 (full 0):
 garbage-first heap   total 2072576K, used 1124352K [0x0000000700000000, 0x0000000800000000)
  region size 2048K, 34 young (69632K), 34 survivors (69632K)
 Metaspace       used 151334K, committed 153920K, reserved 1048576K
  class space    used 20523K, committed 21824K, reserved 851968K
}
Event: 18.569 GC heap before
{Heap before GC invocations=53 (full 0):
 garbage-first heap   total 2072576K, used 1710080K [0x0000000700000000, 0x0000000800000000)
  region size 2048K, 319 young (653312K), 34 survivors (69632K)
 Metaspace       used 178085K, committed 180736K, reserved 1048576K
  class space    used 23502K, committed 24768K, reserved 851968K
}
Event: 18.622 GC heap after
{Heap after GC invocations=54 (full 0):
 garbage-first heap   total 2072576K, used 1098752K [0x0000000700000000, 0x0000000800000000)
  region size 2048K, 40 young (81920K), 40 survivors (81920K)
 Metaspace       used 178085K, committed 180736K, reserved 1048576K
  class space    used 23502K, committed 24768K, reserved 851968K
}
Event: 19.696 GC heap before
{Heap before GC invocations=54 (full 0):
 garbage-first heap   total 2072576K, used 1717248K [0x0000000700000000, 0x0000000800000000)
  region size 2048K, 343 young (702464K), 40 survivors (81920K)
 Metaspace       used 195501K, committed 198144K, reserved 1048576K
  class space    used 25538K, committed 26816K, reserved 851968K
}
Event: 19.739 GC heap after
{Heap after GC invocations=55 (full 0):
 garbage-first heap   total 2072576K, used 1212416K [0x0000000700000000, 0x0000000800000000)
  region size 2048K, 43 young (88064K), 43 survivors (88064K)
 Metaspace       used 195501K, committed 198144K, reserved 1048576K
  class space    used 25538K, committed 26816K, reserved 851968K
}
Event: 20.006 GC heap before
{Heap before GC invocations=55 (full 0):
 garbage-first heap   total 2072576K, used 1314816K [0x0000000700000000, 0x0000000800000000)
  region size 2048K, 94 young (192512K), 43 survivors (88064K)
 Metaspace       used 203430K, committed 206080K, reserved 1048576K
  class space    used 26483K, committed 27776K, reserved 851968K
}
Event: 20.026 GC heap after
{Heap after GC invocations=56 (full 0):
 garbage-first heap   total 2072576K, used 1226368K [0x0000000700000000, 0x0000000800000000)
  region size 2048K, 6 young (12288K), 6 survivors (12288K)
 Metaspace       used 203430K, committed 206080K, reserved 1048576K
  class space    used 26483K, committed 27776K, reserved 851968K
}

Dll operation events (3 events):
Event: 0.008 Loaded shared library D:\iti\Andriod studio\Files\jbr\bin\java.dll
Event: 0.012 Loaded shared library D:\iti\Andriod studio\Files\jbr\bin\zip.dll
Event: 0.350 Loaded shared library D:\iti\Andriod studio\Files\jbr\bin\verify.dll

Deoptimization events (20 events):
Event: 21.355 Thread 0x0000028ef938e5d0 DEOPT PACKING pc=0x0000028ee0d8e424 sp=0x000000b879afd860
Event: 21.355 Thread 0x0000028ef938e5d0 DEOPT UNPACKING pc=0x0000028edf5d4422 sp=0x000000b879afd760 mode 2
Event: 21.405 Thread 0x0000028ef9799a60 Uncommon trap: trap_request=0xffffff45 fr.pc=0x0000028ee0cdc520 relative=0x0000000000003820
Event: 21.405 Thread 0x0000028ef9799a60 Uncommon trap: reason=unstable_if action=reinterpret pc=0x0000028ee0cdc520 method=ksp.org.jetbrains.org.objectweb.asm.ClassReader.readMethod(Lksp/org/jetbrains/org/objectweb/asm/ClassVisitor;Lksp/org/jetbrains/org/objectweb/asm/Context;I)I @ 298 c2
Event: 21.405 Thread 0x0000028ef9799a60 DEOPT PACKING pc=0x0000028ee0cdc520 sp=0x000000b8792f8370
Event: 21.405 Thread 0x0000028ef9799a60 DEOPT UNPACKING pc=0x0000028edf5d4422 sp=0x000000b8792f82f8 mode 2
Event: 21.416 Thread 0x0000028ef979e290 DEOPT PACKING pc=0x0000028eda8c37d2 sp=0x000000b87a3fc0f0
Event: 21.416 Thread 0x0000028ef979e290 DEOPT UNPACKING pc=0x0000028edf5d4bc2 sp=0x000000b87a3fb598 mode 0
Event: 21.446 Thread 0x0000028ef938d8b0 Uncommon trap: trap_request=0xffffff45 fr.pc=0x0000028ee0e891cc relative=0x000000000000036c
Event: 21.446 Thread 0x0000028ef938d8b0 Uncommon trap: reason=unstable_if action=reinterpret pc=0x0000028ee0e891cc method=kotlin.collections.builders.MapBuilder.putRehash(I)Z @ 61 c2
Event: 21.446 Thread 0x0000028ef938d8b0 DEOPT PACKING pc=0x0000028ee0e891cc sp=0x000000b879efb5e0
Event: 21.446 Thread 0x0000028ef938d8b0 DEOPT UNPACKING pc=0x0000028edf5d4422 sp=0x000000b879efb568 mode 2
Event: 21.446 Thread 0x0000028ef938d8b0 Uncommon trap: trap_request=0xffffff45 fr.pc=0x0000028ee0df4908 relative=0x0000000000000448
Event: 21.446 Thread 0x0000028ef938d8b0 Uncommon trap: reason=unstable_if action=reinterpret pc=0x0000028ee0df4908 method=ksp.org.jetbrains.kotlin.fir.deserialization.AbstractFirDeserializedSymbolProvider.getClass(Lksp/org/jetbrains/kotlin/name/ClassId;Lksp/org/jetbrains/kotlin/fir/deserializat
Event: 21.446 Thread 0x0000028ef938d8b0 DEOPT PACKING pc=0x0000028ee0df4908 sp=0x000000b879efbb70
Event: 21.446 Thread 0x0000028ef938d8b0 DEOPT UNPACKING pc=0x0000028edf5d4422 sp=0x000000b879efbb38 mode 2
Event: 21.460 Thread 0x0000028ef938ec60 Uncommon trap: trap_request=0xfffffff4 fr.pc=0x0000028ee03f48a0 relative=0x0000000000000f00
Event: 21.460 Thread 0x0000028ef938ec60 Uncommon trap: reason=null_check action=make_not_entrant pc=0x0000028ee03f48a0 method=java.lang.invoke.AbstractValidatingLambdaMetafactory.checkDescriptor(Ljava/lang/invoke/MethodType;)V @ 32 c2
Event: 21.460 Thread 0x0000028ef938ec60 DEOPT PACKING pc=0x0000028ee03f48a0 sp=0x000000b879bfc6e0
Event: 21.460 Thread 0x0000028ef938ec60 DEOPT UNPACKING pc=0x0000028edf5d4422 sp=0x000000b879bfc5b8 mode 2

Classes loaded (20 events):
Event: 19.372 Loading class java/util/regex/Pattern$LineEnding
Event: 19.372 Loading class java/util/regex/Pattern$LineEnding done
Event: 19.895 Loading class java/util/AbstractList$RandomAccessSpliterator
Event: 19.895 Loading class java/util/AbstractList$RandomAccessSpliterator done
Event: 20.102 Loading class java/util/Collections$UnmodifiableList$1
Event: 20.102 Loading class java/util/Collections$UnmodifiableList$1 done
Event: 21.373 Loading class java/util/Base64
Event: 21.373 Loading class java/util/Base64 done
Event: 21.373 Loading class java/util/Base64$Encoder
Event: 21.374 Loading class java/util/Base64$Encoder done
Event: 21.394 Loading class java/util/Collections$ReverseComparator
Event: 21.394 Loading class java/util/Collections$ReverseComparator done
Event: 21.394 Loading class java/util/Collections$ReverseComparator2
Event: 21.394 Loading class java/util/Collections$ReverseComparator2 done
Event: 21.499 Loading class java/util/stream/DistinctOps
Event: 21.499 Loading class java/util/stream/DistinctOps done
Event: 21.500 Loading class java/util/stream/DistinctOps$1
Event: 21.500 Loading class java/util/stream/DistinctOps$1 done
Event: 21.500 Loading class java/util/stream/DistinctOps$1$2
Event: 21.500 Loading class java/util/stream/DistinctOps$1$2 done

Classes unloaded (20 events):
Event: 20.532 Thread 0x0000028eefb807f0 Unloading class 0x0000000801235770 'jdk/internal/jimage/ImageHeader'
Event: 20.532 Thread 0x0000028eefb807f0 Unloading class 0x0000000801235508 'jdk/internal/jimage/BasicImageReader$2'
Event: 20.532 Thread 0x0000028eefb807f0 Unloading class 0x00000008012352a0 'jdk/internal/jimage/BasicImageReader$1'
Event: 20.532 Thread 0x0000028eefb807f0 Unloading class 0x0000000801235000 'jdk/internal/jimage/ImageReader$Resource'
Event: 20.532 Thread 0x0000028eefb807f0 Unloading class 0x0000000801234d60 'jdk/internal/jimage/ImageReader$LinkNode'
Event: 20.532 Thread 0x0000028eefb807f0 Unloading class 0x0000000801234ac0 'jdk/internal/jimage/ImageReader$Directory'
Event: 20.532 Thread 0x0000028eefb807f0 Unloading class 0x0000000801234820 'jdk/internal/jimage/ImageReader$Node'
Event: 20.532 Thread 0x0000028eefb807f0 Unloading class 0x00000008012345f0 'jdk/internal/jimage/ImageStrings'
Event: 20.532 Thread 0x0000028eefb807f0 Unloading class 0x00000008012342f8 'jdk/internal/jimage/ImageReader$SharedImageReader'
Event: 20.532 Thread 0x0000028eefb807f0 Unloading class 0x0000000801234000 'jdk/internal/jimage/BasicImageReader'
Event: 20.532 Thread 0x0000028eefb807f0 Unloading class 0x0000000801232bd8 'jdk/internal/jimage/ImageReader'
Event: 20.532 Thread 0x0000028eefb807f0 Unloading class 0x0000000801232978 'jdk/internal/jrtfs/SystemImage$2'
Event: 20.532 Thread 0x0000028eefb807f0 Unloading class 0x0000000801232728 'jdk/internal/jrtfs/SystemImage$$Lambda+0x0000000801232728'
Event: 20.532 Thread 0x0000028eefb807f0 Unloading class 0x00000008012324c0 'jdk/internal/jrtfs/ExplodedImage'
Event: 20.532 Thread 0x0000028eefb807f0 Unloading class 0x0000000801232250 'jdk/internal/jrtfs/SystemImage$1'
Event: 20.532 Thread 0x0000028eefb807f0 Unloading class 0x0000000801232000 'jdk/internal/jrtfs/SystemImage'
Event: 20.532 Thread 0x0000028eefb807f0 Unloading class 0x000000080122ebb0 'jdk/internal/jrtfs/JrtFileStore'
Event: 20.532 Thread 0x0000028eefb807f0 Unloading class 0x000000080122e800 'jdk/internal/jrtfs/JrtPath'
Event: 20.532 Thread 0x0000028eefb807f0 Unloading class 0x0000000801228328 'jdk/internal/jrtfs/JrtFileSystem'
Event: 20.532 Thread 0x0000028eefb807f0 Unloading class 0x0000000801228000 'jdk/internal/jrtfs/JrtFileSystemProvider'

Classes redefined (0 events):
No events

Internal exceptions (20 events):
Event: 20.742 Thread 0x0000028efc0ae780 Exception <a 'java/lang/IncompatibleClassChangeError'{0x0000000771c119c0}: Found class java.lang.Object, but interface was expected> (0x0000000771c119c0) 
thrown [s\src\hotspot\share\interpreter\linkResolver.cpp, line 851]
Event: 20.806 Thread 0x0000028ef938cb90 Exception <a 'java/lang/IncompatibleClassChangeError'{0x00000007709496f0}: Found class java.lang.Object, but interface was expected> (0x00000007709496f0) 
thrown [s\src\hotspot\share\interpreter\linkResolver.cpp, line 851]
Event: 20.809 Thread 0x0000028ef938ec60 Exception <a 'java/lang/IncompatibleClassChangeError'{0x0000000770e3bf08}: Found class java.lang.Object, but interface was expected> (0x0000000770e3bf08) 
thrown [s\src\hotspot\share\interpreter\linkResolver.cpp, line 851]
Event: 20.819 Thread 0x0000028ef938f980 Exception <a 'java/lang/IncompatibleClassChangeError'{0x00000007704c0ba8}: Found class java.lang.Object, but interface was expected> (0x00000007704c0ba8) 
thrown [s\src\hotspot\share\interpreter\linkResolver.cpp, line 851]
Event: 20.829 Thread 0x0000028efc0b0850 Exception <a 'java/lang/IncompatibleClassChangeError'{0x00000007719caea8}: Found class java.lang.Object, but interface was expected> (0x00000007719caea8) 
thrown [s\src\hotspot\share\interpreter\linkResolver.cpp, line 851]
Event: 20.846 Thread 0x0000028efc0ae780 Exception <a 'java/lang/IncompatibleClassChangeError'{0x000000076fe0a508}: Found class java.lang.Object, but interface was expected> (0x000000076fe0a508) 
thrown [s\src\hotspot\share\interpreter\linkResolver.cpp, line 851]
Event: 20.847 Thread 0x0000028ef938f980 Exception <a 'java/lang/IncompatibleClassChangeError'{0x000000077004fe70}: Found class java.lang.Object, but interface was expected> (0x000000077004fe70) 
thrown [s\src\hotspot\share\interpreter\linkResolver.cpp, line 851]
Event: 20.867 Thread 0x0000028ef938ec60 Exception <a 'java/lang/IncompatibleClassChangeError'{0x000000076ff44588}: Found class java.lang.Object, but interface was expected> (0x000000076ff44588) 
thrown [s\src\hotspot\share\interpreter\linkResolver.cpp, line 851]
Event: 20.869 Thread 0x0000028efc0afb30 Exception <a 'java/lang/IncompatibleClassChangeError'{0x000000076fcfe0c0}: Found class java.lang.Object, but interface was expected> (0x000000076fcfe0c0) 
thrown [s\src\hotspot\share\interpreter\linkResolver.cpp, line 851]
Event: 20.891 Thread 0x0000028efc0b0850 Exception <a 'java/lang/IncompatibleClassChangeError'{0x000000076f2196d0}: Found class java.lang.Object, but interface was expected> (0x000000076f2196d0) 
thrown [s\src\hotspot\share\interpreter\linkResolver.cpp, line 851]
Event: 20.895 Thread 0x0000028ef938cb90 Exception <a 'java/lang/IncompatibleClassChangeError'{0x000000076f6da160}: Found class java.lang.Object, but interface was expected> (0x000000076f6da160) 
thrown [s\src\hotspot\share\interpreter\linkResolver.cpp, line 851]
Event: 21.001 Thread 0x0000028ef979e290 Exception <a 'java/lang/IncompatibleClassChangeError'{0x000000076e42b340}: Found class java.lang.Object, but interface was expected> (0x000000076e42b340) 
thrown [s\src\hotspot\share\interpreter\linkResolver.cpp, line 851]
Event: 21.057 Thread 0x0000028ef938d8b0 Exception <a 'java/lang/IncompatibleClassChangeError'{0x000000076e0c3e20}: Found class java.lang.Object, but interface was expected> (0x000000076e0c3e20) 
thrown [s\src\hotspot\share\interpreter\linkResolver.cpp, line 851]
Event: 21.098 Thread 0x0000028efc0afb30 Exception <a 'java/lang/IncompatibleClassChangeError'{0x000000076e5ccde8}: Found class java.lang.Object, but interface was expected> (0x000000076e5ccde8) 
thrown [s\src\hotspot\share\interpreter\linkResolver.cpp, line 851]
Event: 21.110 Thread 0x0000028ef938d8b0 Exception <a 'java/lang/IncompatibleClassChangeError'{0x000000076de75040}: Found class java.lang.Object, but interface was expected> (0x000000076de75040) 
thrown [s\src\hotspot\share\interpreter\linkResolver.cpp, line 851]
Event: 21.137 Thread 0x0000028ef979e290 Exception <a 'java/lang/IncompatibleClassChangeError'{0x000000076e52c990}: Found class java.lang.Object, but interface was expected> (0x000000076e52c990) 
thrown [s\src\hotspot\share\interpreter\linkResolver.cpp, line 851]
Event: 21.139 Thread 0x0000028ef62cc900 Exception <a 'sun/nio/fs/WindowsException'{0x000000076dea78a8}> (0x000000076dea78a8) 
thrown [s\src\hotspot\share\prims\jni.cpp, line 537]
Event: 21.303 Thread 0x0000028efc0aa5e0 Exception <a 'java/lang/IncompatibleClassChangeError'{0x000000076761c970}: Found class java.lang.Object, but interface was expected> (0x000000076761c970) 
thrown [s\src\hotspot\share\interpreter\linkResolver.cpp, line 851]
Event: 21.322 Thread 0x0000028efc0aa5e0 Exception <a 'java/lang/IncompatibleClassChangeError'{0x0000000767342240}: Found class java.lang.Object, but interface was expected> (0x0000000767342240) 
thrown [s\src\hotspot\share\interpreter\linkResolver.cpp, line 851]
Event: 21.460 Thread 0x0000028ef938ec60 Implicit null exception at 0x0000028ee03f3dde to 0x0000028ee03f487c

ZGC Phase Switch (0 events):
No events

VM Operations (20 events):
Event: 21.168 Executing safepoint VM operation: ICBufferFull done
Event: 21.174 Executing safepoint VM operation: ICBufferFull
Event: 21.174 Executing safepoint VM operation: ICBufferFull done
Event: 21.204 Executing non-safepoint VM operation: HandshakeAllThreads (Deoptimize)
Event: 21.222 Executing non-safepoint VM operation: HandshakeAllThreads (Deoptimize) done
Event: 21.240 Executing non-safepoint VM operation: HandshakeAllThreads (Deoptimize)
Event: 21.243 Executing non-safepoint VM operation: HandshakeAllThreads (Deoptimize) done
Event: 21.250 Executing non-safepoint VM operation: HandshakeAllThreads (Deoptimize)
Event: 21.250 Executing non-safepoint VM operation: HandshakeAllThreads (Deoptimize) done
Event: 21.267 Executing non-safepoint VM operation: HandshakeAllThreads (Deoptimize)
Event: 21.268 Executing non-safepoint VM operation: HandshakeAllThreads (Deoptimize) done
Event: 21.292 Executing non-safepoint VM operation: HandshakeAllThreads (Deoptimize)
Event: 21.296 Executing non-safepoint VM operation: HandshakeAllThreads (Deoptimize) done
Event: 21.339 Executing safepoint VM operation: ICBufferFull
Event: 21.339 Executing safepoint VM operation: ICBufferFull done
Event: 21.425 Executing safepoint VM operation: ICBufferFull
Event: 21.426 Executing safepoint VM operation: ICBufferFull done
Event: 21.475 Executing non-safepoint VM operation: HandshakeAllThreads (Deoptimize)
Event: 21.487 Executing non-safepoint VM operation: HandshakeAllThreads (Deoptimize) done
Event: 21.493 Executing non-safepoint VM operation: HandshakeAllThreads (Deoptimize)

Memory protections (0 events):
No events

Nmethod flushes (20 events):
Event: 20.546 Thread 0x0000028eefb807f0 flushing  nmethod 0x0000028ed90c3290
Event: 20.546 Thread 0x0000028eefb807f0 flushing  nmethod 0x0000028ed91c5f10
Event: 20.546 Thread 0x0000028eefb807f0 flushing  nmethod 0x0000028ed949cd90
Event: 20.546 Thread 0x0000028eefb807f0 flushing  nmethod 0x0000028ed94e3810
Event: 20.546 Thread 0x0000028eefb807f0 flushing  nmethod 0x0000028ed94e4a10
Event: 20.546 Thread 0x0000028eefb807f0 flushing  nmethod 0x0000028ed94e9210
Event: 20.546 Thread 0x0000028eefb807f0 flushing  nmethod 0x0000028ed94ea790
Event: 20.546 Thread 0x0000028eefb807f0 flushing  nmethod 0x0000028ed94ecb10
Event: 20.546 Thread 0x0000028eefb807f0 flushing  nmethod 0x0000028ed94ee010
Event: 20.546 Thread 0x0000028eefb807f0 flushing  nmethod 0x0000028ed94efa10
Event: 20.546 Thread 0x0000028eefb807f0 flushing  nmethod 0x0000028ed94f0990
Event: 20.546 Thread 0x0000028eefb807f0 flushing  nmethod 0x0000028ed9560410
Event: 20.546 Thread 0x0000028eefb807f0 flushing  nmethod 0x0000028ed9561c90
Event: 20.546 Thread 0x0000028eefb807f0 flushing  nmethod 0x0000028ed9563490
Event: 20.546 Thread 0x0000028eefb807f0 flushing  nmethod 0x0000028ed9565790
Event: 20.546 Thread 0x0000028eefb807f0 flushing  nmethod 0x0000028ed956cb90
Event: 20.546 Thread 0x0000028eefb807f0 flushing  nmethod 0x0000028ed95bea10
Event: 20.546 Thread 0x0000028eefb807f0 flushing  nmethod 0x0000028ed95c3990
Event: 20.546 Thread 0x0000028eefb807f0 flushing  nmethod 0x0000028ed961d190
Event: 20.546 Thread 0x0000028eefb807f0 flushing  nmethod 0x0000028ed9620090

Events (20 events):
Event: 12.461 Thread 0x0000028ef44b1450 Thread added: 0x0000028ef44b2170
Event: 16.208 Thread 0x0000028efc0aee10 Thread exited: 0x0000028efc0aee10
Event: 16.738 Thread 0x0000028ef938d8b0 Thread added: 0x0000028ef841cc90
Event: 16.749 Thread 0x0000028ef938d8b0 Thread added: 0x0000028ef841d320
Event: 17.230 Thread 0x0000028efc0aa5e0 Thread added: 0x0000028ef841f3f0
Event: 17.231 Thread 0x0000028ef938f980 Thread added: 0x0000028ef8420e30
Event: 17.231 Thread 0x0000028ef938d8b0 Thread added: 0x0000028ef84207a0
Event: 17.231 Thread 0x0000028ef938cb90 Thread added: 0x0000028ef841fa80
Event: 17.231 Thread 0x0000028efc0ae780 Thread added: 0x0000028ef8422870
Event: 17.231 Thread 0x0000028ef938ec60 Thread added: 0x0000028ef8422f00
Event: 17.231 Thread 0x0000028ef979e290 Thread added: 0x0000028ef8423590
Event: 17.231 Thread 0x0000028ef841f3f0 Thread added: 0x0000028ef8420110
Event: 17.231 Thread 0x0000028ef841f3f0 Thread added: 0x0000028ef8423c20
Event: 17.476 Loaded shared library D:\iti\Andriod studio\Files\jbr\bin\awt.dll
Event: 17.522 Thread 0x0000028ef938f980 Thread added: 0x0000028ef841e040
Event: 17.522 Thread 0x0000028ef938f980 Thread added: 0x0000028ef84242b0
Event: 17.523 Thread 0x0000028ef938f980 Thread added: 0x0000028ef8424940
Event: 17.679 Thread 0x0000028ef84242b0 Thread exited: 0x0000028ef84242b0
Event: 19.915 Thread 0x0000028ef8422870 Thread added: 0x0000028ef70c1a90
Event: 19.916 Thread 0x0000028ef841fa80 Thread added: 0x0000028ef70c2120


Dynamic libraries:
0x00007ff7a5f30000 - 0x00007ff7a5f3a000 	D:\iti\Andriod studio\Files\jbr\bin\java.exe
0x00007ffdef080000 - 0x00007ffdef2e8000 	C:\WINDOWS\SYSTEM32\ntdll.dll
0x00007ffdece80000 - 0x00007ffdecf49000 	C:\WINDOWS\System32\KERNEL32.DLL
0x00007ffdebe40000 - 0x00007ffdec231000 	C:\WINDOWS\System32\KERNELBASE.dll
0x00007ffdecab0000 - 0x00007ffdecbfb000 	C:\WINDOWS\System32\ucrtbase.dll
0x00007ffde1270000 - 0x00007ffde128b000 	D:\iti\Andriod studio\Files\jbr\bin\VCRUNTIME140.dll
0x00007ffdd3e60000 - 0x00007ffdd3e78000 	D:\iti\Andriod studio\Files\jbr\bin\jli.dll
0x00007ffdee940000 - 0x00007ffdeeb06000 	C:\WINDOWS\System32\USER32.dll
0x00007ffdd1b40000 - 0x00007ffdd1dd3000 	C:\WINDOWS\WinSxS\amd64_microsoft.windows.common-controls_6595b64144ccf1df_6.0.26100.7653_none_3e0b88a0e3318624\COMCTL32.dll
0x00007ffdeba20000 - 0x00007ffdeba47000 	C:\WINDOWS\System32\win32u.dll
0x00007ffdee4a0000 - 0x00007ffdee549000 	C:\WINDOWS\System32\msvcrt.dll
0x00007ffded310000 - 0x00007ffded33b000 	C:\WINDOWS\System32\GDI32.dll
0x00007ffdebd10000 - 0x00007ffdebe3b000 	C:\WINDOWS\System32\gdi32full.dll
0x00007ffdecd70000 - 0x00007ffdece13000 	C:\WINDOWS\System32\msvcp_win.dll
0x00007ffdece40000 - 0x00007ffdece71000 	C:\WINDOWS\System32\IMM32.DLL
0x00007ffde6870000 - 0x00007ffde687c000 	D:\iti\Andriod studio\Files\jbr\bin\vcruntime140_1.dll
0x00007ffdae3d0000 - 0x00007ffdae45d000 	D:\iti\Andriod studio\Files\jbr\bin\msvcp140.dll
0x00007ffce9830000 - 0x00007ffcea4c6000 	D:\iti\Andriod studio\Files\jbr\bin\server\jvm.dll
0x00007ffdee3e0000 - 0x00007ffdee494000 	C:\WINDOWS\System32\ADVAPI32.dll
0x00007ffded910000 - 0x00007ffded9b6000 	C:\WINDOWS\System32\sechost.dll
0x00007ffdecf50000 - 0x00007ffded068000 	C:\WINDOWS\System32\RPCRT4.dll
0x00007ffdee8c0000 - 0x00007ffdee934000 	C:\WINDOWS\System32\WS2_32.dll
0x00007ffdea560000 - 0x00007ffdea5be000 	C:\WINDOWS\SYSTEM32\POWRPROF.dll
0x00007ffde2430000 - 0x00007ffde2465000 	C:\WINDOWS\SYSTEM32\WINMM.dll
0x00007ffdda7d0000 - 0x00007ffdda7db000 	C:\WINDOWS\SYSTEM32\VERSION.dll
0x00007ffdea540000 - 0x00007ffdea554000 	C:\WINDOWS\SYSTEM32\UMPDC.dll
0x00007ffdea830000 - 0x00007ffdea84b000 	C:\WINDOWS\SYSTEM32\kernel.appcore.dll
0x00007ffde24a0000 - 0x00007ffde24aa000 	D:\iti\Andriod studio\Files\jbr\bin\jimage.dll
0x00007ffde9960000 - 0x00007ffde9ba2000 	C:\WINDOWS\SYSTEM32\DBGHELP.DLL
0x00007ffded340000 - 0x00007ffded6c6000 	C:\WINDOWS\System32\combase.dll
0x00007ffded7b0000 - 0x00007ffded887000 	C:\WINDOWS\System32\OLEAUT32.dll
0x00007ffdd33e0000 - 0x00007ffdd341b000 	C:\WINDOWS\SYSTEM32\dbgcore.DLL
0x00007ffdebae0000 - 0x00007ffdebb85000 	C:\WINDOWS\System32\bcryptPrimitives.dll
0x00007ffde3f90000 - 0x00007ffde3f9e000 	D:\iti\Andriod studio\Files\jbr\bin\instrument.dll
0x00007ffdd3ed0000 - 0x00007ffdd3ef0000 	D:\iti\Andriod studio\Files\jbr\bin\java.dll
0x00007ffdd3eb0000 - 0x00007ffdd3ec8000 	D:\iti\Andriod studio\Files\jbr\bin\zip.dll
0x00007ffdedc80000 - 0x00007ffdee3d1000 	C:\WINDOWS\System32\SHELL32.dll
0x00007ffdecc00000 - 0x00007ffdecd6a000 	C:\WINDOWS\System32\wintypes.dll
0x00007ffdec240000 - 0x00007ffdecaa4000 	C:\WINDOWS\System32\windows.storage.dll
0x00007ffded210000 - 0x00007ffded306000 	C:\WINDOWS\System32\SHCORE.dll
0x00007ffdee800000 - 0x00007ffdee867000 	C:\WINDOWS\System32\shlwapi.dll
0x00007ffdeb880000 - 0x00007ffdeb8a8000 	C:\WINDOWS\SYSTEM32\profapi.dll
0x00007ffddc660000 - 0x00007ffddc670000 	D:\iti\Andriod studio\Files\jbr\bin\net.dll
0x00007ffde4f50000 - 0x00007ffde5077000 	C:\WINDOWS\SYSTEM32\WINHTTP.dll
0x00007ffdeada0000 - 0x00007ffdeae0b000 	C:\WINDOWS\system32\mswsock.dll
0x00007ffdd3e90000 - 0x00007ffdd3ea6000 	D:\iti\Andriod studio\Files\jbr\bin\nio.dll
0x00007ffddc5f0000 - 0x00007ffddc600000 	D:\iti\Andriod studio\Files\jbr\bin\verify.dll
0x00007ffdbca50000 - 0x00007ffdbca77000 	C:\Users\Hazem\.gradle\native\660c5614fbf4a5f2a75b1949f50a0caf5cd603558e7d8a26e50b933a0cfb79d1\windows-amd64\native-platform.dll
0x00007ffde3f10000 - 0x00007ffde3f87000 	C:\Users\Hazem\.gradle\native\0.2.8\x86_64-windows-gnu\gradle-fileevents.dll
0x00007ffddb720000 - 0x00007ffddb729000 	D:\iti\Andriod studio\Files\jbr\bin\management.dll
0x00007ffdd4850000 - 0x00007ffdd485b000 	D:\iti\Andriod studio\Files\jbr\bin\management_ext.dll
0x00007ffdee580000 - 0x00007ffdee588000 	C:\WINDOWS\System32\PSAPI.DLL
0x00007ffdea220000 - 0x00007ffdea254000 	C:\WINDOWS\SYSTEM32\IPHLPAPI.DLL
0x00007ffdece30000 - 0x00007ffdece3a000 	C:\WINDOWS\System32\NSI.dll
0x00007ffddb940000 - 0x00007ffddb949000 	D:\iti\Andriod studio\Files\jbr\bin\extnet.dll
0x00007ffdeb060000 - 0x00007ffdeb07b000 	C:\WINDOWS\SYSTEM32\CRYPTSP.dll
0x00007ffdea790000 - 0x00007ffdea7c9000 	C:\WINDOWS\system32\rsaenh.dll
0x00007ffdeae50000 - 0x00007ffdeae7b000 	C:\WINDOWS\SYSTEM32\USERENV.dll
0x00007ffdeb850000 - 0x00007ffdeb87a000 	C:\WINDOWS\SYSTEM32\bcrypt.dll
0x00007ffdeb080000 - 0x00007ffdeb08c000 	C:\WINDOWS\SYSTEM32\CRYPTBASE.dll
0x00007ffdc47a0000 - 0x00007ffdc47a8000 	C:\WINDOWS\system32\wshunix.dll
0x00007ffd947a0000 - 0x00007ffd947b8000 	C:\WINDOWS\system32\napinsp.dll
0x00007ffdea260000 - 0x00007ffdea38c000 	C:\WINDOWS\SYSTEM32\DNSAPI.dll
0x00007ffd94780000 - 0x00007ffd94792000 	C:\WINDOWS\System32\winrnr.dll
0x00007ffdcd5e0000 - 0x00007ffdcd602000 	C:\WINDOWS\system32\nlansp_c.dll
0x00007ffde1a10000 - 0x00007ffde1a26000 	C:\WINDOWS\system32\wshbth.dll
0x00007ffde5170000 - 0x00007ffde517b000 	C:\Windows\System32\rasadhlp.dll
0x00007ffde51b0000 - 0x00007ffde5236000 	C:\WINDOWS\System32\fwpuclnt.dll
0x00007ffdd3e50000 - 0x00007ffdd3e57000 	D:\iti\Andriod studio\Files\jbr\bin\rmi.dll
0x00007ffdea950000 - 0x00007ffdea986000 	C:\WINDOWS\SYSTEM32\ntmarta.dll
0x00007ffd83690000 - 0x00007ffd83829000 	D:\iti\Andriod studio\Files\jbr\bin\awt.dll
0x00007ffde8e30000 - 0x00007ffde8e61000 	C:\WINDOWS\SYSTEM32\dwmapi.dll
0x00007ffdd1a00000 - 0x00007ffdd1a79000 	C:\WINDOWS\SYSTEM32\OLEACC.dll
0x00007ffdbc4b0000 - 0x00007ffdbc4f4000 	D:\iti\Andriod studio\Files\jbr\bin\nvdaControllerClient64.dll
0x00007ffde8a20000 - 0x00007ffde8abe000 	C:\WINDOWS\SYSTEM32\apphelp.dll
0x00007ffde8b80000 - 0x00007ffde8c2b000 	C:\WINDOWS\system32\uxtheme.dll
0x00007ffdee690000 - 0x00007ffdee7ef000 	C:\WINDOWS\System32\MSCTF.dll
0x00007ffded070000 - 0x00007ffded207000 	C:\WINDOWS\System32\ole32.dll

JVMTI agents:
C:\Users\Hazem\.gradle\wrapper\dists\gradle-9.4.1-bin\arn2x92ynaizyzdaamcbpbhtj\gradle-9.4.1\lib\agents\gradle-instrumentation-agent-9.4.1.jar path:D:\iti\Andriod studio\Files\jbr\bin\instrument.dll, loaded, initialized, instrumentlib options:none

dbghelp: loaded successfully - version: 4.0.5 - missing functions: none
symbol engine: initialized successfully - sym options: 0x614 - pdb path: .;D:\iti\Andriod studio\Files\jbr\bin;C:\WINDOWS\SYSTEM32;C:\WINDOWS\WinSxS\amd64_microsoft.windows.common-controls_6595b64144ccf1df_6.0.26100.7653_none_3e0b88a0e3318624;D:\iti\Andriod studio\Files\jbr\bin\server;C:\Users\Hazem\.gradle\native\660c5614fbf4a5f2a75b1949f50a0caf5cd603558e7d8a26e50b933a0cfb79d1\windows-amd64;C:\Users\Hazem\.gradle\native\0.2.8\x86_64-windows-gnu

VM Arguments:
jvm_args: --add-opens=java.base/java.lang=ALL-UNNAMED --add-opens=java.base/java.lang.invoke=ALL-UNNAMED --add-opens=java.base/java.util=ALL-UNNAMED --add-opens=java.prefs/java.util.prefs=ALL-UNNAMED --add-exports=jdk.compiler/com.sun.tools.javac.api=ALL-UNNAMED --add-exports=jdk.compiler/com.sun.tools.javac.util=ALL-UNNAMED --add-opens=java.base/java.util=ALL-UNNAMED --add-opens=java.prefs/java.util.prefs=ALL-UNNAMED --add-opens=java.base/java.nio.charset=ALL-UNNAMED --add-opens=java.base/java.net=ALL-UNNAMED --add-opens=java.base/java.util.concurrent=ALL-UNNAMED --add-opens=java.base/java.util.concurrent.atomic=ALL-UNNAMED --add-opens=java.xml/javax.xml.namespace=ALL-UNNAMED --add-opens=java.base/java.time=ALL-UNNAMED -XX:MaxMetaspaceSize=1024m -Xmx4096m -Dfile.encoding=UTF-8 -Duser.country=US -Duser.language=en -Duser.variant -javaagent:C:\Users\Hazem\.gradle\wrapper\dists\gradle-9.4.1-bin\arn2x92ynaizyzdaamcbpbhtj\gradle-9.4.1\lib\agents\gradle-instrumentation-agent-9.4.1.jar 
java_command: org.gradle.launcher.daemon.bootstrap.GradleDaemon 9.4.1
java_class_path (initial): C:\Users\Hazem\.gradle\wrapper\dists\gradle-9.4.1-bin\arn2x92ynaizyzdaamcbpbhtj\gradle-9.4.1\lib\gradle-daemon-main-9.4.1.jar
Launcher Type: SUN_STANDARD

[Global flags]
     intx CICompilerCount                          = 4                                         {product} {ergonomic}
   size_t CompressedClassSpaceSize                 = 872415232                                 {product} {ergonomic}
     uint ConcGCThreads                            = 3                                         {product} {ergonomic}
     uint G1ConcRefinementThreads                  = 10                                        {product} {ergonomic}
   size_t G1HeapRegionSize                         = 2097152                                   {product} {ergonomic}
    uintx GCDrainStackTargetSize                   = 64                                        {product} {ergonomic}
   size_t InitialHeapSize                          = 264241152                                 {product} {ergonomic}
   size_t MarkStackSize                            = 4194304                                   {product} {ergonomic}
   size_t MaxHeapSize                              = 4294967296                                {product} {command line}
   size_t MaxMetaspaceSize                         = 1073741824                                {product} {command line}
   size_t MaxNewSize                               = 2575302656                                {product} {ergonomic}
   size_t MinHeapDeltaBytes                        = 2097152                                   {product} {ergonomic}
   size_t MinHeapSize                              = 8388608                                   {product} {ergonomic}
    uintx NonNMethodCodeHeapSize                   = 5839372                                {pd product} {ergonomic}
    uintx NonProfiledCodeHeapSize                  = 122909434                              {pd product} {ergonomic}
    uintx ProfiledCodeHeapSize                     = 122909434                              {pd product} {ergonomic}
    uintx ReservedCodeCacheSize                    = 251658240                              {pd product} {ergonomic}
     bool SegmentedCodeCache                       = true                                      {product} {ergonomic}
   size_t SoftMaxHeapSize                          = 4294967296                             {manageable} {ergonomic}
     bool UseCompressedOops                        = true                           {product lp64_product} {ergonomic}
     bool UseG1GC                                  = true                                      {product} {ergonomic}
     bool UseLargePagesIndividualAllocation        = false                                  {pd product} {ergonomic}

Logging:
Log output configuration:
 #0: stdout all=warning uptime,level,tags foldmultilines=false
 #1: stderr all=off uptime,level,tags foldmultilines=false

Release file:
JAVA_VERSION="21.0.10" 
MODULES="java.base java.compiler java.datatransfer java.xml java.prefs java.desktop java.instrument java.logging java.management java.security.sasl java.naming java.rmi java.management.rmi java.net.http java.scripting java.security.jgss java.transaction.xa java.sql java.sql.rowset java.xml.crypto java.se java.smartcardio jdk.accessibility jdk.internal.jvmstat jdk.attach jdk.charsets jdk.internal.opt jdk.zipfs jdk.compiler jdk.crypto.ec jdk.crypto.cryptoki jdk.dynalink jdk.hotspot.agent jdk.httpserver jdk.internal.ed jdk.internal.le jdk.internal.vm.ci jdk.jartool jdk.javadoc jdk.jcmd jdk.jdeps jdk.jdwp.agent jdk.jdi jdk.jfr jdk.jlink jdk.jsobject jdk.localedata jdk.management jdk.management.agent jdk.management.jfr jdk.naming.dns jdk.naming.rmi jdk.net jdk.sctp jdk.security.auth jdk.security.jgss jdk.unsupported jdk.unsupported.desktop jdk.xml.dom" 
IMPLEMENTOR="JetBrains s.r.o." 
JAVA_RUNTIME_VERSION="21.0.10+-14961533-b1163.108" 
LIBC="default" 
OS_ARCH="x86_64" 
OS_NAME="Windows" 
SOURCE=".:git:1351622c2ff2" 

Environment Variables:
JAVA_HOME=D:\iti\Andriod studio\Files\jbr
PATH=D:\iti\Andriod studio\Files\jbr\bin;C:\Program Files\Java\jre1.8.0_461\bin;C:\Program Files (x86)\Common Files\Oracle\Java\java8path;C:\Windows\system32;C:\Windows;C:\Windows\System32\Wbem;C:\Windows\System32\WindowsPowerShell\v1.0\;C:\Windows\System32\OpenSSH\;C:\WINDOWS\system32;C:\WINDOWS;C:\WINDOWS\System32\Wbem;C:\WINDOWS\System32\WindowsPowerShell\v1.0\;C:\WINDOWS\System32\OpenSSH\;C:\Program Files\nodejs\;C:\Program Files\NVIDIA Corporation\NVIDIA App\NvDLISR;C:\Program Files (x86)\NVIDIA Corporation\PhysX\Common;C:\Program Files\Java\jdk-1.8\bin;C:\Program Files\Git\cmd;C:\Program Files\dotnet\;C:\Program Files\Java\jdk-20\bin;C:\Users\Hazem\AppData\Local\Microsoft\WindowsApps;C:\Users\Hazem\AppData\Local\Programs\Microsoft VS Code\bin;C:\flutter\src\flutter\bin;C:\dart\dart-sdk\bin;C:\Users\Hazem\AppData\Roaming\npm;D:\Antigravity\bin;C:\Users\Hazem\AppData\AndroidCLI
USERNAME=Hazem
OS=Windows_NT
PROCESSOR_IDENTIFIER=Intel64 Family 6 Model 154 Stepping 3, GenuineIntel
TMP=C:\Users\Hazem\AppData\Local\Temp
TEMP=C:\Users\Hazem\AppData\Local\Temp




Periodic native trim disabled

JNI global refs:
JNI global refs: 42, weak refs: 29

JNI global refs memory usage: 835, weak refs: 833

Process memory usage:
Resident Set Size: 2742184K (16% of 16389492K total physical memory with 1473468K free physical memory)

OOME stack traces (most recent first):
Classloader memory used:
Loader java.net.URLClassLoader                                                         : 113M
Loader org.gradle.internal.classloader.VisitableURLClassLoader                         : 42213K
Loader org.gradle.internal.classloader.VisitableURLClassLoader$InstrumentingVisitableURLClassLoader: 34445K
Loader bootstrap                                                                       : 30348K
Loader org.gradle.initialization.MixInLegacyTypesClassLoader                           : 10150K
Loader jdk.internal.reflect.DelegatingClassLoader                                      : 1574K
Loader jdk.internal.jrtfs.JrtFileSystemProvider$JrtFsLoader                            : 332K
Loader jdk.internal.loader.ClassLoaders$PlatformClassLoader                            : 265K
Loader jdk.internal.loader.ClassLoaders$AppClassLoader                                 : 192K

Classes loaded by more than one classloader:
Class com.google.common.collect.Multimap                                              : loaded 12 times (x 70B)
Class com.google.common.collect.SingletonImmutableList                                : loaded 12 times (x 208B)
Class com.google.common.collect.ImmutableSet                                          : loaded 12 times (x 145B)
Class com.google.common.collect.ImmutableList$ReverseImmutableList                    : loaded 12 times (x 208B)
Class com.google.common.math.MathPreconditions                                        : loaded 12 times (x 71B)
Class com.google.common.collect.AbstractIndexedListIterator                           : loaded 12 times (x 96B)
Class com.google.common.collect.Iterators$1                                           : loaded 12 times (x 81B)
Class com.google.common.collect.SingletonImmutableSet                                 : loaded 12 times (x 146B)
Class com.google.common.collect.ImmutableSet$SetBuilderImpl                           : loaded 12 times (x 76B)
Class com.google.common.math.IntMath$1                                                : loaded 12 times (x 71B)
Class com.google.common.collect.AbstractIterator                                      : loaded 12 times (x 82B)
Class com.google.common.collect.UnmodifiableIterator                                  : loaded 12 times (x 80B)
Class com.google.common.collect.ImmutableCollection$Builder                           : loaded 12 times (x 76B)
Class com.google.common.collect.Iterators$ArrayItr                                    : loaded 12 times (x 97B)
Class com.google.common.collect.Iterators$4                                           : loaded 12 times (x 82B)
Class com.google.common.collect.Iterators$5                                           : loaded 12 times (x 82B)
Class com.google.common.collect.UnmodifiableListIterator                              : loaded 12 times (x 95B)
Class com.google.common.math.IntMath                                                  : loaded 12 times (x 71B)
Class com.google.common.collect.ImmutableSet$JdkBackedSetBuilderImpl                  : loaded 12 times (x 76B)
Class com.google.common.collect.ImmutableList$SubList                                 : loaded 12 times (x 208B)
Class com.google.common.collect.ImmutableSet$RegularSetBuilderImpl                    : loaded 12 times (x 77B)
Class com.google.common.collect.RegularImmutableList                                  : loaded 12 times (x 208B)
Class com.google.common.collect.Iterators$SingletonIterator                           : loaded 12 times (x 81B)
Class com.google.common.collect.ImmutableList                                         : loaded 12 times (x 207B)
Class com.google.common.collect.ImmutableCollection                                   : loaded 12 times (x 125B)
Class com.google.common.collect.PeekingIterator                                       : loaded 12 times (x 70B)
Class com.google.common.collect.Hashing                                               : loaded 12 times (x 71B)
Class com.google.common.collect.Iterators                                             : loaded 12 times (x 71B)
Class com.google.common.base.Preconditions                                            : loaded 12 times (x 71B)
Class com.google.common.collect.RegularImmutableAsList                                : loaded 12 times (x 218B)
Class com.google.common.collect.ImmutableList$1                                       : loaded 12 times (x 97B)
Class com.google.common.collect.ImmutableSet$CachingAsList                            : loaded 12 times (x 148B)
Class com.google.common.collect.Iterators$9                                           : loaded 12 times (x 81B)
Class com.google.common.collect.ImmutableAsList                                       : loaded 12 times (x 210B)
Class com.google.common.collect.Iterators$MergingIterator                             : loaded 12 times (x 81B)
Class com.google.common.collect.RegularImmutableSet                                   : loaded 12 times (x 149B)
Class com.google.common.collect.AbstractMultimap                                      : loaded 11 times (x 123B)
Class com.google.common.base.Splitter$Strategy                                        : loaded 11 times (x 70B)
Class com.google.common.collect.MapDifference                                         : loaded 11 times (x 70B)
Class com.google.common.collect.Sets$ImprovedAbstractSet                              : loaded 11 times (x 135B)
Class com.google.common.base.Joiner$1                                                 : loaded 11 times (x 81B)
Class com.google.common.base.FunctionalEquivalence                                    : loaded 11 times (x 83B)
Class com.google.common.collect.AbstractMapBasedMultimap                              : loaded 11 times (x 139B)
Class com.google.common.collect.ImmutableEnumSet                                      : loaded 11 times (x 146B)
Class com.google.common.base.Suppliers$NonSerializableMemoizingSupplier               : loaded 11 times (x 79B)
Class com.google.common.collect.RegularImmutableMap$BucketOverflowException           : loaded 11 times (x 82B)
Class com.google.common.collect.TransformedIterator                                   : loaded 11 times (x 80B)
Class com.google.common.collect.AbstractMapBasedMultimap$WrappedCollection            : loaded 11 times (x 124B)
Class com.google.common.base.Splitter$1                                               : loaded 11 times (x 86B)
Class com.google.common.collect.Maps                                                  : loaded 11 times (x 71B)
Class com.google.common.collect.ImmutableSetMultimap                                  : loaded 11 times (x 179B)
Class com.google.common.collect.Maps$EntryTransformer                                 : loaded 11 times (x 70B)
Class com.google.common.base.CharMatcher                                              : loaded 11 times (x 112B)
Class com.google.common.base.Converter                                                : loaded 11 times (x 90B)
Class com.google.common.collect.AbstractSetMultimap                                   : loaded 11 times (x 174B)
Class com.google.common.collect.AbstractMapBasedMultimap$RandomAccessWrappedList      : loaded 11 times (x 205B)
Class com.google.common.collect.ImmutableSortedSet                                    : loaded 11 times (x 300B)
Class com.google.common.base.Equivalence$Equals                                       : loaded 11 times (x 82B)
Class com.google.common.collect.Maps$IteratorBasedAbstractMap                         : loaded 11 times (x 125B)
Class com.google.common.base.CharMatcher$AnyOf                                        : loaded 11 times (x 113B)
Class com.google.common.base.CharMatcher$IsEither                                     : loaded 11 times (x 112B)
Class com.google.common.collect.AbstractMapBasedMultimap$WrappedList                  : loaded 11 times (x 205B)
Class com.google.common.base.CharMatcher$ForPredicate                                 : loaded 11 times (x 113B)
Class com.google.common.collect.RegularImmutableMap                                   : loaded 11 times (x 121B)
Class com.google.common.collect.ImmutableMap$MapViewOfValuesAsSingletonSets           : loaded 11 times (x 126B)
Class com.google.common.base.Joiner$2                                                 : loaded 11 times (x 80B)
Class com.google.common.base.CommonPattern                                            : loaded 11 times (x 74B)
Class com.google.common.base.CharMatcher$1                                            : loaded 11 times (x 114B)
Class com.google.common.base.CharMatcher$NamedFastMatcher                             : loaded 11 times (x 113B)
Class com.google.common.base.CharMatcher$And                                          : loaded 11 times (x 113B)
Class com.google.common.collect.Sets$4                                                : loaded 11 times (x 143B)
Class com.google.common.base.CharMatcher$IsNot                                        : loaded 11 times (x 112B)
Class com.google.common.collect.Sets$SetView                                          : loaded 11 times (x 140B)
Class com.google.common.collect.IndexedImmutableSet                                   : loaded 11 times (x 152B)
Class com.google.common.collect.RegularImmutableSortedSet                             : loaded 11 times (x 300B)
Class [Lcom.google.common.base.AbstractIterator$State;                                : loaded 11 times (x 69B)
Class com.google.common.collect.AbstractMapEntry                                      : loaded 11 times (x 81B)
Class com.google.common.base.Splitter$SplittingIterator                               : loaded 11 times (x 84B)
Class com.google.common.collect.ImmutableMap$1                                        : loaded 11 times (x 81B)
Class com.google.common.graph.SuccessorsFunction                                      : loaded 11 times (x 70B)
Class com.google.common.collect.BiMap                                                 : loaded 11 times (x 70B)
Class com.google.common.base.CharMatcher$Negated                                      : loaded 11 times (x 114B)
Class com.google.common.collect.AbstractListMultimap                                  : loaded 11 times (x 172B)
Class com.google.common.collect.ImmutableBiMap                                        : loaded 11 times (x 143B)
Class com.google.common.base.Suppliers                                                : loaded 11 times (x 71B)
Class com.google.common.collect.SortedIterable                                        : loaded 11 times (x 70B)
Class com.google.common.base.Equivalence                                              : loaded 11 times (x 82B)
Class com.google.common.collect.SortedMapDifference                                   : loaded 11 times (x 70B)
Class com.google.common.collect.Platform                                              : loaded 11 times (x 71B)
Class com.google.common.collect.Sets$3                                                : loaded 11 times (x 143B)
Class com.google.common.base.CharMatcher$Is                                           : loaded 11 times (x 112B)
Class com.google.common.collect.Maps$EntrySet                                         : loaded 11 times (x 136B)
Class com.google.common.base.AbstractIterator                                         : loaded 11 times (x 80B)
Class com.google.common.collect.ObjectArrays                                          : loaded 11 times (x 71B)
Class com.google.common.base.CharMatcher$None                                         : loaded 11 times (x 113B)
Class com.google.common.base.AbstractIterator$State                                   : loaded 11 times (x 79B)
Class com.google.common.base.Equivalence$Identity                                     : loaded 11 times (x 82B)
Class com.google.common.collect.ImmutableMap$IteratorBasedImmutableMap                : loaded 11 times (x 126B)
Class com.google.common.collect.ImmutableMapEntrySet$RegularEntrySet                  : loaded 11 times (x 152B)
Class com.google.common.base.PairwiseEquivalence                                      : loaded 11 times (x 83B)
Class com.google.common.collect.Multiset                                              : loaded 11 times (x 70B)
Class com.google.common.base.Function                                                 : loaded 11 times (x 70B)
Class com.google.common.collect.Maps$BiMapConverter                                   : loaded 11 times (x 90B)
Class com.google.common.collect.RegularImmutableMap$Values                            : loaded 11 times (x 208B)
Class com.google.common.base.CharMatcher$BitSetMatcher                                : loaded 11 times (x 113B)
Class com.google.common.collect.ImmutableMultimap                                     : loaded 11 times (x 147B)
Class com.google.common.collect.Maps$ViewCachingAbstractMap                           : loaded 11 times (x 125B)
Class com.google.common.collect.CollectPreconditions                                  : loaded 11 times (x 71B)
Class com.google.common.collect.RegularImmutableMap$KeySet                            : loaded 11 times (x 152B)
Class com.google.common.base.JdkPattern                                               : loaded 11 times (x 75B)
Class com.google.common.collect.ImmutableMapEntry$NonTerminalImmutableMapEntry        : loaded 11 times (x 85B)
Class [Lcom.google.common.collect.ImmutableMapEntry;                                  : loaded 11 times (x 69B)
Class com.google.common.collect.ImmutableMapEntrySet                                  : loaded 11 times (x 152B)
Class com.google.common.collect.Sets$2                                                : loaded 11 times (x 143B)
Class dagger.hilt.processor.internal.optionvalues.GradleProjectType                   : loaded 11 times (x 79B)
Class com.google.common.collect.ImmutableMapEntry                                     : loaded 11 times (x 85B)
Class com.google.common.base.Suppliers$MemoizingSupplier                              : loaded 11 times (x 79B)
Class [Ldagger.hilt.processor.internal.optionvalues.GradleProjectType;                : loaded 11 times (x 69B)
Class com.google.common.collect.ArrayListMultimap                                     : loaded 11 times (x 172B)
Class com.google.common.collect.Maps$8                                                : loaded 11 times (x 82B)
Class com.google.common.collect.SetMultimap                                           : loaded 11 times (x 70B)
Class com.google.common.base.CharMatcher$InRange                                      : loaded 11 times (x 112B)
Class com.google.common.base.CharMatcher$NegatedFastMatcher                           : loaded 11 times (x 114B)
Class com.google.common.collect.ImmutableSet$Builder                                  : loaded 11 times (x 85B)
Class com.google.common.base.Predicate                                                : loaded 11 times (x 70B)
Class com.google.common.base.CharMatcher$Or                                           : loaded 11 times (x 113B)
Class com.google.common.base.Supplier                                                 : loaded 11 times (x 70B)
Class com.google.common.collect.ImmutableEnumMap                                      : loaded 11 times (x 126B)
Class com.google.common.collect.ListMultimap                                          : loaded 11 times (x 70B)
Class com.google.common.base.Joiner                                                   : loaded 11 times (x 80B)
Class com.google.common.collect.ImmutableMap                                          : loaded 11 times (x 120B)
Class com.google.common.collect.BaseImmutableMultimap                                 : loaded 11 times (x 123B)
Class com.google.common.collect.ImmutableSortedSet$Builder                            : loaded 11 times (x 86B)
Class com.google.common.collect.Sets$1                                                : loaded 11 times (x 143B)
Class com.google.common.base.NullnessCasts                                            : loaded 11 times (x 71B)
Class com.google.common.collect.ImmutableMap$Builder                                  : loaded 11 times (x 82B)
Class com.google.common.base.Splitter                                                 : loaded 11 times (x 72B)
Class com.google.common.collect.Sets                                                  : loaded 11 times (x 71B)
Class com.google.common.base.CharMatcher$FastMatcher                                  : loaded 11 times (x 112B)
Class [Ldagger.spi.internal.shaded.androidx.room3.compiler.processing.XProcessingEnv$Platform;: loaded 10 times (x 69B)
Class com.google.common.collect.Maps$TransformedEntriesMap                            : loaded 10 times (x 127B)
Class com.google.common.collect.LinkedHashMultimap                                    : loaded 10 times (x 175B)
Class dagger.spi.internal.shaded.androidx.room3.compiler.processing.ksp.KspResolver   : loaded 10 times (x 72B)
Class dagger.hilt.processor.internal.uninstallmodules.UninstallModulesProcessingStep  : loaded 10 times (x 86B)
Class dagger.spi.internal.shaded.androidx.room3.compiler.processing.XProcessingEnvConfig: loaded 10 times (x 71B)
Class com.google.common.collect.ImmutableMultimap$Keys                                : loaded 10 times (x 163B)
Class dagger.hilt.processor.internal.ClassNames                                       : loaded 10 times (x 71B)
Class dagger.spi.internal.shaded.androidx.room3.compiler.processing.ksp.KspType       : loaded 10 times (x 188B)
Class dagger.hilt.processor.internal.earlyentrypoint.EarlyEntryPointProcessingStep    : loaded 10 times (x 86B)
Class dagger.hilt.processor.internal.definecomponent.KspDefineComponentProcessor$Provider: loaded 10 times (x 74B)
Class dagger.hilt.processor.internal.root.KspComponentTreeDepsProcessor               : loaded 10 times (x 89B)
Class dagger.hilt.processor.internal.originatingelement.KspOriginatingElementProcessor$Provider: loaded 10 times (x 74B)
Class dagger.internal.codegen.DelegateComponentProcessor                              : loaded 10 times (x 72B)
Class com.google.common.collect.ImmutableMultimap$Builder                             : loaded 10 times (x 86B)
Class com.google.common.collect.ImmutableSet$EmptySetBuilderImpl                      : loaded 10 times (x 76B)
Class dagger.hilt.processor.internal.root.ComponentTreeDepsProcessingStep             : loaded 10 times (x 86B)
Class dagger.hilt.processor.internal.uninstallmodules.KspUninstallModulesProcessor    : loaded 10 times (x 89B)
Class dagger.spi.internal.shaded.androidx.room3.compiler.processing.ksp.KSTypeVarianceResolver: loaded 10 times (x 72B)
Class dagger.hilt.processor.internal.aggregateddeps.AggregatedDepsProcessingStep      : loaded 10 times (x 86B)
Class dagger.spi.internal.shaded.androidx.room3.compiler.processing.XAnnotated        : loaded 10 times (x 70B)
Class dagger.hilt.android.processor.internal.bindvalue.BindValueProcessingStep        : loaded 10 times (x 86B)
Class dagger.spi.internal.shaded.androidx.room3.compiler.processing.XRoundEnv         : loaded 10 times (x 70B)
Class com.squareup.javapoet.ParameterizedTypeName                                     : loaded 10 times (x 81B)
Class dagger.hilt.processor.internal.HiltProcessingEnvConfigs                         : loaded 10 times (x 71B)
Class dagger.hilt.android.processor.internal.viewmodel.KspViewModelProcessor          : loaded 10 times (x 89B)
Class dagger.hilt.processor.internal.root.RootProcessingStep                          : loaded 10 times (x 86B)
Class dagger.spi.internal.shaded.androidx.room3.compiler.processing.XProcessingEnv$Companion: loaded 10 times (x 71B)
Class dagger.hilt.processor.internal.root.KspRootProcessor                            : loaded 10 times (x 89B)
Class dagger.hilt.processor.internal.BaseProcessingStep                               : loaded 10 times (x 86B)
Class dagger.hilt.processor.internal.aliasof.KspAliasOfProcessor$Provider             : loaded 10 times (x 74B)
Class dagger.hilt.processor.internal.generatesrootinput.KspGeneratesRootInputProcessor$Provider: loaded 10 times (x 74B)
Class dagger.spi.internal.shaded.androidx.room3.compiler.processing.XProcessingEnv    : loaded 10 times (x 70B)
Class [Ldagger.hilt.processor.internal.optionvalues.BooleanValue;                     : loaded 10 times (x 69B)
Class dagger.spi.internal.shaded.androidx.room3.compiler.processing.ksp.KspArrayType$Factory: loaded 10 times (x 72B)
Class dagger.hilt.android.processor.internal.customtestapplication.KspCustomTestApplicationProcessor$Provider: loaded 10 times (x 74B)
Class dagger.spi.internal.shaded.androidx.room3.compiler.processing.XElement          : loaded 10 times (x 70B)
Class dagger.hilt.processor.internal.generatesrootinput.KspGeneratesRootInputProcessor: loaded 10 times (x 89B)
Class com.google.common.collect.ImmutableMultimap$EntryCollection                     : loaded 10 times (x 126B)
Class dagger.hilt.processor.internal.root.KspComponentTreeDepsProcessor$Provider      : loaded 10 times (x 74B)
Class dagger.hilt.processor.internal.originatingelement.OriginatingElementProcessingStep: loaded 10 times (x 86B)
Class dagger.hilt.android.processor.internal.androidentrypoint.KspAndroidEntryPointProcessor: loaded 10 times (x 89B)
Class dagger.hilt.processor.internal.earlyentrypoint.KspEarlyEntryPointProcessor$Provider: loaded 10 times (x 74B)
Class dagger.hilt.processor.internal.generatesrootinput.GeneratesRootInputProcessingStep: loaded 10 times (x 86B)
Class dagger.spi.internal.shaded.androidx.room3.compiler.processing.XType             : loaded 10 times (x 70B)
Class dagger.hilt.processor.internal.root.KspRootProcessor$Provider                   : loaded 10 times (x 74B)
Class dagger.hilt.processor.internal.definecomponent.DefineComponentProcessingStep    : loaded 10 times (x 86B)
Class dagger.hilt.processor.internal.originatingelement.KspOriginatingElementProcessor: loaded 10 times (x 89B)
Class dagger.spi.internal.shaded.androidx.room3.compiler.processing.XMemberContainer  : loaded 10 times (x 70B)
Class dagger.spi.internal.shaded.androidx.room3.compiler.processing.XEquality         : loaded 10 times (x 70B)
Class dagger.spi.internal.shaded.androidx.room3.compiler.processing.XProcessingStep   : loaded 10 times (x 70B)
Class dagger.hilt.processor.internal.aliasof.AliasOfProcessingStep                    : loaded 10 times (x 86B)
Class dagger.hilt.android.processor.internal.androidentrypoint.KspAndroidEntryPointProcessor$Provider: loaded 10 times (x 74B)
Class com.squareup.javapoet.Util                                                      : loaded 10 times (x 71B)
Class com.google.common.collect.Maps$9                                                : loaded 10 times (x 82B)
Class dagger.spi.internal.shaded.androidx.room3.compiler.processing.ksp.KspAnnotated  : loaded 10 times (x 139B)
Class com.google.common.collect.Iterators$6                                           : loaded 10 times (x 81B)
Class com.google.common.collect.ImmutableBiMap$Builder                                : loaded 10 times (x 82B)
Class com.google.common.collect.ImmutableMapKeySet                                    : loaded 10 times (x 152B)
Class dagger.hilt.processor.internal.aliasof.KspAliasOfProcessor                      : loaded 10 times (x 89B)
Class dagger.hilt.processor.internal.ProcessorErrorHandler                            : loaded 10 times (x 72B)
Class dagger.spi.internal.shaded.androidx.room3.compiler.processing.ksp.KspExecutableElement: loaded 10 times (x 214B)
Class com.google.common.collect.ImmutableMultimap$Values                              : loaded 10 times (x 126B)
Class dagger.spi.internal.shaded.androidx.room3.compiler.processing.XProcessingEnvConfig$Companion: loaded 10 times (x 71B)
Class dagger.spi.internal.shaded.androidx.room3.compiler.processing.ksp.KspFiler      : loaded 10 times (x 78B)
Class dagger.spi.internal.shaded.androidx.room3.compiler.processing.XParameterizable  : loaded 10 times (x 70B)
Class dagger.spi.internal.shaded.androidx.room3.compiler.processing.InternalXAnnotated: loaded 10 times (x 70B)
Class dagger.internal.codegen.KspComponentProcessor$Provider                          : loaded 10 times (x 75B)
Class dagger.hilt.android.processor.internal.viewmodel.KspViewModelProcessor$Provider : loaded 10 times (x 74B)
Class dagger.spi.internal.shaded.androidx.room3.compiler.processing.XBasicAnnotationProcessor: loaded 10 times (x 70B)
Class dagger.internal.codegen.extension.DaggerStreams                                 : loaded 10 times (x 71B)
Class dagger.spi.internal.shaded.androidx.room3.compiler.processing.ksp.KspBasicAnnotationProcessor$DelegateLogger: loaded 10 times (x 79B)
Class dagger.hilt.processor.internal.earlyentrypoint.KspEarlyEntryPointProcessor      : loaded 10 times (x 89B)
Class dagger.internal.codegen.KspComponentProcessor                                   : loaded 10 times (x 88B)
Class dagger.spi.internal.shaded.androidx.room3.compiler.processing.ksp.KspElement    : loaded 10 times (x 152B)
Class dagger.spi.internal.shaded.androidx.room3.compiler.processing.ksp.KspVoidType   : loaded 10 times (x 188B)
Class dagger.spi.internal.shaded.androidx.room3.compiler.processing.XExecutableElement: loaded 10 times (x 70B)
Class com.squareup.javapoet.ArrayTypeName                                             : loaded 10 times (x 81B)
Class dagger.hilt.android.processor.internal.customtestapplication.CustomTestApplicationProcessingStep: loaded 10 times (x 86B)
Class com.squareup.javapoet.TypeName                                                  : loaded 10 times (x 81B)
Class dagger.spi.internal.shaded.androidx.room3.compiler.processing.ksp.KspProcessingEnv$JvmDefaultMode: loaded 10 times (x 79B)
Class dagger.hilt.processor.internal.definecomponent.KspDefineComponentProcessor      : loaded 10 times (x 89B)
Class dagger.spi.internal.shaded.androidx.room3.compiler.processing.CommonProcessorDelegate: loaded 10 times (x 72B)
Class com.google.common.collect.Sets$3$1                                              : loaded 10 times (x 82B)
Class dagger.hilt.processor.internal.aggregateddeps.KspAggregatedDepsProcessor$Provider: loaded 10 times (x 74B)
Class dagger.hilt.processor.internal.HiltCompilerOptions$EnumOption                   : loaded 10 times (x 72B)
Class com.google.common.collect.ImmutableList$Builder                                 : loaded 10 times (x 77B)
Class dagger.spi.internal.shaded.androidx.room3.compiler.processing.XProcessingEnv$Backend: loaded 10 times (x 79B)
Class com.google.common.collect.Iterables                                             : loaded 10 times (x 71B)
Class dagger.spi.internal.shaded.androidx.room3.compiler.processing.javac.XTypeElementStore: loaded 10 times (x 72B)
Class com.squareup.javapoet.TypeVariableName                                          : loaded 10 times (x 81B)
Class [Ldagger.spi.internal.shaded.androidx.room3.compiler.processing.XProcessingEnv$Backend;: loaded 10 times (x 69B)
Class dagger.hilt.processor.internal.HiltCompilerOptions                              : loaded 10 times (x 71B)
Class dagger.spi.internal.shaded.androidx.room3.compiler.processing.XFiler            : loaded 10 times (x 70B)
Class dagger.spi.internal.shaded.androidx.room3.compiler.processing.XTypeElement      : loaded 10 times (x 70B)
Class dagger.hilt.android.processor.internal.bindvalue.KspBindValueProcessor$Provider : loaded 10 times (x 74B)
Class com.google.common.collect.ImmutableMultimap$1                                   : loaded 10 times (x 82B)
Class dagger.spi.internal.shaded.androidx.room3.compiler.processing.XMessager         : loaded 10 times (x 73B)
Class dagger.hilt.processor.internal.uninstallmodules.KspUninstallModulesProcessor$Provider: loaded 10 times (x 74B)
Class dagger.spi.internal.shaded.androidx.room3.compiler.processing.XHasModifiers     : loaded 10 times (x 70B)
Class dagger.hilt.android.processor.internal.bindvalue.KspBindValueProcessor          : loaded 10 times (x 89B)
Class dagger.hilt.processor.internal.optionvalues.BooleanValue                        : loaded 10 times (x 79B)
Class dagger.hilt.processor.internal.aggregateddeps.KspAggregatedDepsProcessor        : loaded 10 times (x 89B)
Class dagger.hilt.processor.internal.KspBaseProcessingStepProcessor                   : loaded 10 times (x 89B)
Class com.google.common.base.Ascii                                                    : loaded 10 times (x 71B)
Class com.google.common.collect.SingletonImmutableBiMap                               : loaded 10 times (x 143B)
Class com.squareup.javapoet.ClassName                                                 : loaded 10 times (x 84B)
Class com.google.common.collect.Maps$IteratorBasedAbstractMap$1                       : loaded 10 times (x 138B)
Class dagger.spi.internal.shaded.androidx.room3.compiler.processing.ksp.KspTypeElement: loaded 10 times (x 311B)
Class com.google.common.collect.ImmutableMultimap$2                                   : loaded 10 times (x 81B)
Class com.google.common.collect.RegularImmutableBiMap                                 : loaded 10 times (x 144B)
Class com.google.common.collect.ImmutableListMultimap                                 : loaded 10 times (x 176B)
Class dagger.spi.internal.shaded.androidx.room3.compiler.processing.ksp.KspRoundEnv   : loaded 10 times (x 77B)
Class dagger.spi.internal.shaded.androidx.room3.compiler.processing.ksp.KspMessager   : loaded 10 times (x 73B)
Class dagger.hilt.android.processor.internal.androidentrypoint.AndroidEntryPointProcessingStep: loaded 10 times (x 86B)
Class dagger.spi.internal.shaded.androidx.room3.compiler.processing.XProcessingEnv$Platform: loaded 10 times (x 79B)
Class com.google.common.collect.IndexedImmutableSet$1                                 : loaded 10 times (x 214B)
Class dagger.spi.internal.shaded.androidx.room3.compiler.processing.XExecutableElementStore: loaded 10 times (x 72B)
Class dagger.spi.internal.shaded.androidx.room3.compiler.processing.XProcessingEnvConfig$Builder: loaded 10 times (x 72B)
Class dagger.hilt.android.processor.internal.customtestapplication.KspCustomTestApplicationProcessor: loaded 10 times (x 89B)
Class dagger.spi.internal.shaded.androidx.room3.compiler.processing.ksp.KspMemberContainer: loaded 10 times (x 70B)
Class com.google.common.base.Splitter$5                                               : loaded 10 times (x 80B)
Class dagger.spi.internal.shaded.androidx.room3.compiler.processing.ksp.KspBasicAnnotationProcessor: loaded 10 times (x 88B)
Class dagger.spi.internal.shaded.androidx.room3.compiler.processing.ksp.KspProcessingEnv: loaded 10 times (x 128B)
Class com.google.common.collect.ImmutableMultiset                                     : loaded 10 times (x 163B)
Class dagger.internal.codegen.validation.BindingMethodValidatorsModule_IndexValidatorsFactory: loaded 9 times (x 82B)
Class dagger.internal.codegen.binding.MethodSignatureFormatter$1                      : loaded 9 times (x 87B)
Class dagger.hilt.android.processor.internal.viewmodel.ViewModelMetadata$Companion$create$8: loaded 9 times (x 75B)
Class dagger.internal.codegen.bindinggraphvalidation.CompositeBindingGraphPlugin$Factory: loaded 9 times (x 70B)
Class dagger.hilt.processor.internal.definecomponent.DefineComponents                 : loaded 9 times (x 72B)
Class com.squareup.javapoet.MethodSpec                                                : loaded 9 times (x 72B)
Class com.squareup.javapoet.TypeSpec$Builder                                          : loaded 9 times (x 72B)
Class dagger.hilt.processor.internal.ProcessorErrors                                  : loaded 9 times (x 71B)
Class com.squareup.kotlinpoet.ClassName$Companion                                     : loaded 9 times (x 71B)
Class dagger.internal.codegen.binding.DeclarationFormatter_Factory                    : loaded 9 times (x 82B)
Class [Ldagger.internal.codegen.compileroption.FeatureStatus;                         : loaded 9 times (x 69B)
Class dagger.spi.internal.shaded.androidx.room3.compiler.processing.ksp.PropertyFieldModifiers: loaded 9 times (x 92B)
Class dagger.internal.codegen.binding.AssistedInjectionAnnotations                    : loaded 9 times (x 71B)
Class [Lcom.squareup.javapoet.TypeName;                                               : loaded 9 times (x 69B)
Class dagger.internal.codegen.binding.BindingGraph$TopLevelBindingGraph               : loaded 9 times (x 100B)
Class dagger.internal.codegen.validation.DiagnosticMessageGenerator$Factory           : loaded 9 times (x 72B)
Class dagger.internal.codegen.bindinggraphvalidation.InvalidProductionBindingScopeValidator_Factory: loaded 9 times (x 81B)
Class dagger.internal.codegen.validation.MultibindsMethodValidator_Factory            : loaded 9 times (x 82B)
Class dagger.internal.codegen.base.ValidationReport$Builder                           : loaded 9 times (x 72B)
Class dagger.spi.internal.shaded.androidx.room3.compiler.processing.ksp.KspResolver$WhenMappings: loaded 9 times (x 71B)
Class dagger.internal.codegen.writing.LazyMapKeyProxyGenerator_Factory                : loaded 9 times (x 82B)
Class dagger.internal.codegen.xprocessing.XElements                                   : loaded 9 times (x 71B)
Class dagger.hilt.processor.internal.root.ir.InvalidRootsException                    : loaded 9 times (x 82B)
Class dagger.internal.codegen.binding.BindingNode_Factory_Factory                     : loaded 9 times (x 82B)
Class dagger.internal.codegen.base.DaggerSuperficialValidation$ValidationException$JavaKeywordErrorType: loaded 9 times (x 84B)
Class dagger.internal.codegen.binding.KeyFactory                                      : loaded 9 times (x 72B)
Class dagger.internal.codegen.binding.InjectBindingRegistry                           : loaded 9 times (x 70B)
Class dagger.internal.codegen.model.Binding                                           : loaded 9 times (x 70B)
Class com.google.common.graph.ArchetypeGraph                                          : loaded 9 times (x 70B)
Class dagger.internal.codegen.validation.DiagnosticReporterFactory$DiagnosticReporterImpl: loaded 9 times (x 76B)
Class dagger.internal.codegen.binding.InjectionBinding                                : loaded 9 times (x 93B)
Class dagger.internal.codegen.validation.MapKeyValidator_Factory                      : loaded 9 times (x 82B)
Class dagger.internal.codegen.binding.ComponentDescriptor_Factory_Factory             : loaded 9 times (x 82B)
Class dagger.internal.codegen.base.KeywordValidator_Factory                           : loaded 9 times (x 81B)
Class com.squareup.kotlinpoet.Taggable                                                : loaded 9 times (x 70B)
Class dagger.spi.internal.shaded.androidx.room3.compiler.processing.ksp.synthetic.KspSyntheticPropertyMethodElement: loaded 9 times (x 263B)
Class dagger.internal.codegen.validation.InjectBindingRegistryImpl_Factory            : loaded 9 times (x 82B)
Class dagger.spi.internal.shaded.androidx.room3.compiler.processing.XConstructorElement: loaded 9 times (x 70B)
Class dagger.internal.codegen.validation.BindingElementValidator$AllowsMultibindings  : loaded 9 times (x 79B)
Class dagger.internal.codegen.processingstep.BindsInstanceProcessingStep              : loaded 9 times (x 86B)
Class [Ldagger.internal.codegen.validation.BindingElementValidator$AllowsMultibindings;: loaded 9 times (x 69B)
Class dagger.internal.codegen.validation.BindsInstanceParameterValidator              : loaded 9 times (x 78B)
Class com.google.common.graph.Network                                                 : loaded 9 times (x 70B)
Class dagger.spi.model.DiagnosticReporter                                             : loaded 9 times (x 75B)
Class dagger.internal.codegen.binding.DelegateDeclaration$Factory                     : loaded 9 times (x 72B)
Class dagger.spi.internal.shaded.androidx.room3.compiler.processing.ksp.KspAnnotated$KSAnnotatedDelegate: loaded 9 times (x 139B)
Class dagger.internal.codegen.binding.MonitoringModules                               : loaded 9 times (x 75B)
Class dagger.internal.codegen.binding.ModuleDescriptor                                : loaded 9 times (x 81B)
Class dagger.internal.codegen.validation.ProvidesMethodValidator$Validator            : loaded 9 times (x 80B)
Class dagger.internal.codegen.writing.AnnotationCreatorGenerator                      : loaded 9 times (x 81B)
Class [Ldagger.internal.codegen.model.BindingKind;                                    : loaded 9 times (x 69B)
Class dagger.internal.codegen.binding.MethodSignatureFormatter                        : loaded 9 times (x 86B)
Class dagger.Lazy                                                                     : loaded 9 times (x 70B)
Class [Ldagger.internal.codegen.compileroption.ProcessingEnvironmentCompilerOptions$Validation;: loaded 9 times (x 69B)
Class dagger.internal.Provider                                                        : loaded 9 times (x 70B)
Class dagger.internal.codegen.bindinggraphvalidation.IncompatiblyScopedBindingsValidator_Factory: loaded 9 times (x 82B)
Class dagger.spi.internal.shaded.androidx.room3.compiler.processing.XEnumTypeElement  : loaded 9 times (x 70B)
Class [Ldagger.spi.internal.shaded.androidx.room3.compiler.processing.XMethodElement; : loaded 9 times (x 69B)
Class dagger.hilt.android.processor.internal.viewmodel.ViewModelMetadata              : loaded 9 times (x 72B)
Class com.squareup.javapoet.CodeWriter$Multiset                                       : loaded 9 times (x 72B)
Class dagger.internal.codegen.bindinggraphvalidation.BindingGraphValidationModule_ProvidePluginsFactory: loaded 9 times (x 82B)
Class dagger.spi.internal.shaded.androidx.room3.compiler.processing.ksp.DefaultKspType: loaded 9 times (x 188B)
Class com.google.common.base.CaseFormat$5                                             : loaded 9 times (x 83B)
Class dagger.internal.DoubleCheck                                                     : loaded 9 times (x 83B)
Class dagger.internal.codegen.base.ElementFormatter_Factory                           : loaded 9 times (x 81B)
Class dagger.internal.codegen.validation.BindingMethodValidatorsModule                : loaded 9 times (x 70B)
Class dagger.spi.internal.shaded.androidx.room3.compiler.codegen.compat.XConverters   : loaded 9 times (x 71B)
Class dagger.internal.codegen.validation.MapKeyValidator                              : loaded 9 times (x 72B)
Class dagger.internal.codegen.binding.AutoValue_ComponentDescriptor                   : loaded 9 times (x 98B)
Class com.google.common.graph.BaseGraph                                               : loaded 9 times (x 70B)
Class dagger.internal.codegen.binding.SubcomponentDeclaration$Factory                 : loaded 9 times (x 73B)
Class dagger.spi.model.DaggerProcessingEnv$Backend                                    : loaded 9 times (x 79B)
Class dagger.internal.codegen.model.DiagnosticReporter                                : loaded 9 times (x 75B)
Class dagger.internal.codegen.validation.InjectValidator$InternalValidator            : loaded 9 times (x 72B)
Class dagger.internal.codegen.bindinggraphvalidation.CompositeBindingGraphPlugin_Factory_Impl: loaded 9 times (x 75B)
Class dagger.internal.codegen.kotlin.KotlinMetadataFactory_Factory$InstanceHolder     : loaded 9 times (x 71B)
Class com.squareup.javapoet.CodeWriter                                                : loaded 9 times (x 72B)
Class dagger.internal.codegen.binding.DependencyRequestFactory_Factory                : loaded 9 times (x 82B)
Class dagger.internal.codegen.ProcessingEnvironmentModule_ProcessingOptionsFactory    : loaded 9 times (x 82B)
Class dagger.internal.codegen.kotlin.KotlinMetadataUtil_Factory                       : loaded 9 times (x 82B)
Class com.squareup.kotlinpoet.WildcardTypeName$Companion                              : loaded 9 times (x 71B)
Class dagger.spi.internal.shaded.androidx.room3.compiler.processing.ksp.KspFieldElement$Companion: loaded 9 times (x 71B)
Class [Ldagger.spi.internal.shaded.androidx.room3.compiler.processing.XEquality;      : loaded 9 times (x 69B)
Class dagger.internal.codegen.DaggerDelegateComponentProcessor_Injector$InjectorImpl  : loaded 9 times (x 75B)
Class dagger.internal.codegen.bindinggraphvalidation.ProvisionDependencyOnProducerBindingValidator_Factory: loaded 9 times (x 81B)
Class [Ldagger.internal.codegen.compileroption.ProcessingEnvironmentCompilerOptions$Feature;: loaded 9 times (x 69B)
Class dagger.internal.codegen.componentgenerator.ComponentGenerator                   : loaded 9 times (x 78B)
Class dagger.internal.codegen.DelegateComponentProcessor_SourceFileGeneratorsModule_ModuleConstructorProxyGeneratorFactory: loaded 9 times (x 82B)
Class dagger.internal.codegen.validation.BindingMethodValidator$MethodValidator       : loaded 9 times (x 80B)
Class dagger.internal.codegen.validation.AnyBindingMethodValidator_Factory            : loaded 9 times (x 82B)
Class com.squareup.javapoet.TypeSpec$Kind                                             : loaded 9 times (x 79B)
Class dagger.spi.internal.shaded.androidx.room3.compiler.processing.XExecutableParameterElement: loaded 9 times (x 70B)
Class [Lcom.squareup.javapoet.TypeSpec$Kind;                                          : loaded 9 times (x 69B)
Class [Ldagger.spi.internal.shaded.androidx.room3.compiler.processing.XHasModifiers;  : loaded 9 times (x 69B)
Class com.google.common.base.CaseFormat$4                                             : loaded 9 times (x 83B)
Class com.google.common.collect.EmptyImmutableSetMultimap                             : loaded 9 times (x 179B)
Class com.google.common.base.CaseFormat                                               : loaded 9 times (x 83B)
Class dagger.spi.model.DaggerProcessingEnv                                            : loaded 9 times (x 75B)
Class [Ldagger.spi.model.DaggerProcessingEnv$Backend;                                 : loaded 9 times (x 69B)
Class dagger.internal.codegen.validation.ProducesMethodValidator                      : loaded 9 times (x 78B)
Class dagger.internal.codegen.componentgenerator.ComponentGenerator_Factory           : loaded 9 times (x 82B)
Class dagger.internal.codegen.base.DaggerSuperficialValidation$ValidationException    : loaded 9 times (x 84B)
Class dagger.internal.codegen.model.Scope                                             : loaded 9 times (x 72B)
Class dagger.internal.codegen.binding.MultibindingDeclaration$Factory                 : loaded 9 times (x 72B)
Class dagger.internal.codegen.validation.BindsInstanceMethodValidator                 : loaded 9 times (x 78B)
Class dagger.internal.codegen.processingstep.InjectProcessingStep                     : loaded 9 times (x 86B)
Class dagger.internal.codegen.writing.FactoryGenerator                                : loaded 9 times (x 78B)
Class dagger.internal.codegen.validation.BindingGraphValidator_Factory                : loaded 9 times (x 82B)
Class dagger.internal.codegen.binding.BindingGraphFactory_Factory                     : loaded 9 times (x 82B)
Class com.squareup.kotlinpoet.CodeWriterKt                                            : loaded 9 times (x 71B)
Class dagger.spi.internal.shaded.androidx.room3.compiler.processing.ksp.FunctionModifiers: loaded 9 times (x 92B)
Class dagger.spi.internal.shaded.androidx.room3.compiler.processing.javac.JavacElement: loaded 9 times (x 183B)
Class dagger.spi.internal.shaded.androidx.room3.compiler.processing.ksp.KspTypeElement$Companion: loaded 9 times (x 71B)
Class dagger.internal.codegen.compileroption.ProcessingEnvironmentCompilerOptions$Feature: loaded 9 times (x 90B)
Class dagger.spi.internal.shaded.androidx.room3.compiler.processing.ksp.KspAnnotationValue$Companion: loaded 9 times (x 71B)
Class dagger.spi.internal.shaded.androidx.room3.compiler.processing.XElementKt        : loaded 9 times (x 71B)
Class com.squareup.kotlinpoet.TypeNames                                               : loaded 9 times (x 71B)
Class dagger.spi.internal.shaded.androidx.room3.compiler.processing.ksp.TypeResolutionContext: loaded 9 times (x 72B)
Class com.squareup.kotlinpoet.ParameterizedTypeName                                   : loaded 9 times (x 82B)
Class dagger.spi.internal.shaded.androidx.room3.compiler.processing.ksp.KspFileMemberContainer: loaded 9 times (x 152B)
Class dagger.internal.codegen.base.SourceFileHjarGenerator                            : loaded 9 times (x 78B)
Class dagger.internal.codegen.validation.ComponentHierarchyValidator_Factory          : loaded 9 times (x 82B)
Class dagger.internal.codegen.binding.BindingGraphFactory                             : loaded 9 times (x 72B)
Class dagger.internal.codegen.writing.MembersInjectorGenerator                        : loaded 9 times (x 78B)
Class com.google.common.collect.ImmutableMap$MapViewOfValuesAsSingletonSets$1         : loaded 9 times (x 82B)
Class dagger.internal.codegen.base.ClearableCache                                     : loaded 9 times (x 70B)
Class dagger.internal.codegen.binding.MonitoringModules_Factory$InstanceHolder        : loaded 9 times (x 71B)
Class dagger.internal.codegen.base.DaggerSuperficialValidation_Factory                : loaded 9 times (x 82B)
Class dagger.internal.codegen.base.KeywordValidator_Factory$InstanceHolder            : loaded 9 times (x 71B)
Class dagger.spi.internal.shaded.androidx.room3.compiler.processing.ksp.KSTypeJavaPoetExtKt$WhenMappings: loaded 9 times (x 71B)
Class dagger.spi.internal.shaded.androidx.room3.compiler.processing.ksp.synthetic.KspSyntheticPropertyMethodElement$Getter: loaded 9 times (x 263B)
Class dagger.internal.codegen.base.DaggerSuperficialValidation$ValidationException$KnownErrorType: loaded 9 times (x 84B)
Class dagger.internal.codegen.DelegateComponentProcessor$Injector$Factory             : loaded 9 times (x 70B)
Class dagger.spi.internal.shaded.androidx.room3.compiler.processing.ksp.KspMethodElement: loaded 9 times (x 276B)
Class dagger.internal.codegen.writing.ModuleProxies_ModuleConstructorProxyGenerator_Factory: loaded 9 times (x 82B)
Class dagger.spi.internal.shaded.androidx.room3.compiler.processing.XMethodType       : loaded 9 times (x 70B)
Class dagger.internal.codegen.processingstep.AssistedFactoryProcessingStep_Factory    : loaded 9 times (x 82B)
Class dagger.internal.codegen.binding.InjectionSiteFactory_Factory                    : loaded 9 times (x 82B)
Class dagger.internal.codegen.validation.ComponentCreatorValidator_Factory            : loaded 9 times (x 82B)
Class dagger.internal.codegen.binding.MonitoringModules_Factory                       : loaded 9 times (x 81B)
Class dagger.internal.codegen.binding.InjectionAnnotations_Factory                    : loaded 9 times (x 82B)
Class dagger.internal.Factory                                                         : loaded 9 times (x 70B)
Class dagger.hilt.processor.internal.definecomponent.AutoValue_DefineComponentMetadatas_DefineComponentMetadata: loaded 9 times (x 76B)
Class dagger.spi.internal.shaded.androidx.room3.compiler.processing.ksp.KspConstructorElement: loaded 9 times (x 252B)
Class com.google.common.base.CaseFormat$3                                             : loaded 9 times (x 83B)
Class dagger.internal.codegen.model.BindingGraph$Node                                 : loaded 9 times (x 70B)
Class dagger.internal.codegen.writing.InaccessibleMapKeyProxyGenerator_Factory        : loaded 9 times (x 82B)
Class dagger.internal.codegen.validation.ModuleValidator$ModuleMethodKind             : loaded 9 times (x 79B)
Class dagger.spi.internal.shaded.androidx.room3.compiler.processing.ksp.ResolverExtKt : loaded 9 times (x 71B)
Class dagger.internal.codegen.binding.KeyFactory_Factory                              : loaded 9 times (x 82B)
Class dagger.internal.codegen.validation.MembersInjectionValidator                    : loaded 9 times (x 72B)
Class dagger.internal.codegen.processingstep.ComponentProcessingStep_Factory          : loaded 9 times (x 82B)
Class dagger.spi.internal.shaded.androidx.room3.compiler.codegen.XClassName           : loaded 9 times (x 75B)
Class dagger.spi.internal.shaded.androidx.room3.compiler.processing.ksp.KspAnnotation : loaded 9 times (x 140B)
Class dagger.internal.codegen.processingstep.BindingMethodProcessingStep              : loaded 9 times (x 86B)
Class dagger.spi.internal.shaded.androidx.room3.compiler.processing.ksp.KspMethodElement$Companion: loaded 9 times (x 71B)
Class dagger.hilt.android.processor.internal.viewmodel.ViewModelValidationPluginKt$WhenMappings: loaded 9 times (x 71B)
Class dagger.internal.codegen.processingstep.ProcessingStepsModule                    : loaded 9 times (x 70B)
Class com.squareup.javapoet.JavaFile$Builder                                          : loaded 9 times (x 72B)
Class dagger.internal.codegen.validation.ValidationBindingGraphPlugins                : loaded 9 times (x 72B)
Class dagger.internal.codegen.DelegateComponentProcessor_SourceFileGeneratorsModule_MembersInjectorGeneratorFactory: loaded 9 times (x 82B)
Class dagger.internal.Preconditions                                                   : loaded 9 times (x 71B)
Class dagger.internal.codegen.validation.MembersInjectionValidator_Factory            : loaded 9 times (x 82B)
Class dagger.internal.codegen.bindinggraphvalidation.CompositeBindingGraphPlugin_Factory: loaded 9 times (x 72B)
Class dagger.internal.codegen.validation.BindsMethodValidator$Validator               : loaded 9 times (x 80B)
Class [Ldagger.internal.codegen.model.RequestKind;                                    : loaded 9 times (x 69B)
Class dagger.internal.codegen.base.DaggerSuperficialValidation                        : loaded 9 times (x 72B)
Class dagger.spi.internal.shaded.androidx.room3.compiler.processing.ksp.KSAnnotatedExtKt: loaded 9 times (x 71B)
Class dagger.internal.codegen.model.BindingGraph$MaybeBinding                         : loaded 9 times (x 70B)
Class dagger.internal.codegen.validation.BindsOptionalOfMethodValidator$Validator     : loaded 9 times (x 80B)
Class dagger.internal.codegen.ServiceLoaders                                          : loaded 9 times (x 71B)
Class dagger.spi.internal.shaded.androidx.room3.compiler.processing.XPackageElement   : loaded 9 times (x 70B)
Class dagger.spi.internal.shaded.androidx.room3.compiler.processing.ksp.KSTypeArgumentWrapper: loaded 9 times (x 72B)
Class com.squareup.javapoet.LineWrapper$1                                             : loaded 9 times (x 71B)
Class com.google.common.base.CaseFormat$2                                             : loaded 9 times (x 83B)
Class dagger.hilt.processor.internal.definecomponent.AutoValue_DefineComponentBuilderMetadatas_DefineComponentBuilderMetadata: loaded 9 times (x 75B)
Class dagger.internal.codegen.compileroption.ProcessingEnvironmentCompilerOptions     : loaded 9 times (x 97B)
Class dagger.internal.codegen.binding.LegacyBindingGraphConverter                     : loaded 9 times (x 71B)
Class dagger.internal.codegen.binding.AssistedInjectionBinding                        : loaded 9 times (x 92B)
Class dagger.internal.codegen.validation.BindingMethodValidator$Abstractness          : loaded 9 times (x 79B)
Class dagger.internal.codegen.validation.AssistedValidator_Factory                    : loaded 9 times (x 82B)
Class dagger.internal.codegen.ProcessingEnvironmentModule_MessagerFactory             : loaded 9 times (x 82B)
Class dagger.internal.codegen.binding.LegacyBindingGraphConverter_Factory$InstanceHolder: loaded 9 times (x 71B)
Class com.squareup.javapoet.MethodSpec$Builder                                        : loaded 9 times (x 72B)
Class dagger.spi.internal.shaded.androidx.room3.compiler.processing.ksp.KspTypeElement$WhenMappings: loaded 9 times (x 71B)
Class dagger.internal.codegen.binding.BindingFactory_Factory                          : loaded 9 times (x 82B)
Class dagger.internal.codegen.validation.ComponentCreatorValidator                    : loaded 9 times (x 75B)
Class dagger.spi.internal.shaded.androidx.room3.compiler.processing.InternalXAnnotationValue: loaded 9 times (x 157B)
Class dagger.internal.codegen.validation.DiagnosticReporterFactory                    : loaded 9 times (x 72B)
Class dagger.spi.internal.shaded.androidx.room3.compiler.processing.InternalXAnnotationValue$Companion: loaded 9 times (x 71B)
Class dagger.spi.internal.shaded.androidx.room3.compiler.processing.ksp.KspTypeElement$_declaredMethods_delegate$lambda$0$1$$inlined$sortedBy$1: loaded 9 times (x 90B)
Class [Ldagger.hilt.processor.internal.root.RootType;                                 : loaded 9 times (x 69B)
Class dagger.internal.codegen.binding.$AutoValue_DelegateDeclaration                  : loaded 9 times (x 83B)
Class com.google.common.collect.ImmutableSetMultimap$Builder                          : loaded 9 times (x 86B)
Class com.google.common.base.CaseFormat$1                                             : loaded 9 times (x 83B)
Class dagger.internal.codegen.bindinggraphvalidation.MapMultibindingValidator_Factory : loaded 9 times (x 82B)
Class com.squareup.kotlinpoet.LineWrapper                                             : loaded 9 times (x 78B)
Class com.squareup.kotlinpoet.Dynamic                                                 : loaded 9 times (x 82B)
Class dagger.internal.codegen.xprocessing.XTypes$1                                    : loaded 9 times (x 71B)
Class dagger.spi.internal.shaded.androidx.room3.compiler.processing.ksp.KspHasModifiers: loaded 9 times (x 92B)
Class dagger.internal.codegen.processingstep.SuperficialValidator                     : loaded 9 times (x 75B)
Class dagger.internal.codegen.processingstep.AssistedFactoryProcessingStep            : loaded 9 times (x 86B)
Class dagger.internal.codegen.componentgenerator.ComponentGeneratorModule             : loaded 9 times (x 70B)
Class dagger.internal.codegen.binding.OptionalBindingDeclaration_Factory_Factory      : loaded 9 times (x 82B)
Class dagger.internal.codegen.binding.Binding                                         : loaded 9 times (x 81B)
Class dagger.internal.codegen.model.DaggerAnnotation                                  : loaded 9 times (x 75B)
Class dagger.internal.codegen.binding.OptionalBindingDeclaration                      : loaded 9 times (x 74B)
Class dagger.internal.codegen.binding.BindingDeclaration                              : loaded 9 times (x 80B)
Class dagger.internal.codegen.binding.BindingFactory                                  : loaded 9 times (x 72B)
Class dagger.internal.codegen.validation.ExternalBindingGraphPlugins_Factory          : loaded 9 times (x 82B)
Class dagger.internal.codegen.validation.DependencyRequestValidator_Factory           : loaded 9 times (x 82B)
Class javax.inject.Provider                                                           : loaded 9 times (x 70B)
Class com.squareup.javapoet.AnnotationSpec$Builder                                    : loaded 9 times (x 72B)
Class dagger.spi.internal.shaded.androidx.room3.compiler.processing.XMethodElement    : loaded 9 times (x 70B)
Class dagger.spi.internal.shaded.androidx.room3.compiler.processing.compat.XConverters: loaded 9 times (x 71B)
Class dagger.internal.codegen.binding.$AutoValue_MultibindingDeclaration              : loaded 9 times (x 79B)
Class dagger.internal.codegen.base.ElementFormatter_Factory$InstanceHolder            : loaded 9 times (x 71B)
Class [Ldagger.internal.codegen.compileroption.ValidationType;                        : loaded 9 times (x 69B)
Class dagger.internal.codegen.writing.AnnotationCreatorGenerator_Factory              : loaded 9 times (x 82B)
Class dagger.internal.codegen.processingstep.MultibindingAnnotationsProcessingStep_Factory: loaded 9 times (x 82B)
Class dagger.internal.codegen.binding.ComponentDescriptor                             : loaded 9 times (x 95B)
Class dagger.internal.codegen.binding.BindsTypeChecker                                : loaded 9 times (x 72B)
Class dagger.internal.codegen.validation.BindingElementValidator                      : loaded 9 times (x 78B)
Class dagger.hilt.android.processor.internal.viewmodel.ViewModelMetadata$Companion$create$9$1: loaded 9 times (x 75B)
Class dagger.spi.internal.shaded.androidx.room3.compiler.processing.ksp.KspTypeMapper : loaded 9 times (x 71B)
Class dagger.internal.codegen.binding.MembersInjectionBinding                         : loaded 9 times (x 83B)
Class dagger.internal.codegen.binding.$AutoValue_ModuleDescriptor                     : loaded 9 times (x 86B)
Class dagger.internal.codegen.binding.DependencyRequestFactory                        : loaded 9 times (x 72B)
Class dagger.internal.codegen.bindinggraphvalidation.SetMultibindingValidator_Factory : loaded 9 times (x 81B)
Class dagger.internal.codegen.bindinggraphvalidation.DependsOnProductionExecutorValidator_Factory: loaded 9 times (x 82B)
Class dagger.hilt.processor.internal.definecomponent.DefineComponentMetadatas$DefineComponentMetadata: loaded 9 times (x 75B)
Class dagger.spi.internal.shaded.androidx.room3.compiler.processing.ksp.KspRawType    : loaded 9 times (x 79B)
Class dagger.spi.internal.shaded.androidx.room3.compiler.processing.XRawType          : loaded 9 times (x 70B)
Class dagger.internal.codegen.model.BindingGraph                                      : loaded 9 times (x 94B)
Class dagger.spi.internal.shaded.androidx.room3.compiler.processing.ksp.KSTypeVarianceResolverScope$MethodParameter: loaded 9 times (x 75B)
Class dagger.spi.internal.shaded.androidx.room3.compiler.processing.ksp.KspFieldElement: loaded 9 times (x 205B)
Class [Ldagger.spi.internal.shaded.androidx.room3.compiler.processing.XExecutableElement;: loaded 9 times (x 69B)
Class dagger.hilt.processor.internal.ErrorTypeException                               : loaded 9 times (x 82B)
Class com.google.common.collect.ImmutableMap$MapViewOfValuesAsSingletonSets$1$1       : loaded 9 times (x 83B)
Class dagger.internal.codegen.processingstep.MapKeyProcessingStep                     : loaded 9 times (x 86B)
Class dagger.internal.codegen.validation.DependencyRequestValidator$Validator         : loaded 9 times (x 72B)
Class [Ldagger.spi.internal.shaded.androidx.room3.compiler.processing.XNullability;   : loaded 9 times (x 69B)
Class dagger.internal.codegen.binding.ComponentDescriptor$Factory                     : loaded 9 times (x 75B)
Class dagger.internal.codegen.validation.BindingGraphValidator                        : loaded 9 times (x 72B)
Class dagger.internal.codegen.bindinggraphvalidation.SubcomponentFactoryMethodValidator: loaded 9 times (x 85B)
Class dagger.internal.codegen.binding.OptionalBindingDeclaration$Factory              : loaded 9 times (x 73B)
Class dagger.internal.codegen.binding.DelegateDeclaration                             : loaded 9 times (x 80B)
Class dagger.internal.codegen.processingstep.MultibindingAnnotationsProcessingStep    : loaded 9 times (x 86B)
Class dagger.spi.model.BindingGraph$Edge                                              : loaded 9 times (x 70B)
Class dagger.spi.internal.shaded.androidx.room3.compiler.processing.ksp.KspMethodElement$KspNormalMethodElement: loaded 9 times (x 276B)
Class com.squareup.kotlinpoet.ParameterizedTypeName$Companion                         : loaded 9 times (x 71B)
Class com.squareup.javapoet.LineWrapper$FlushType                                     : loaded 9 times (x 79B)
Class dagger.hilt.processor.internal.root.RootType                                    : loaded 9 times (x 79B)
Class dagger.internal.codegen.base.MapType                                            : loaded 9 times (x 72B)
Class dagger.internal.codegen.validation.SpiModelBindingGraphConverter$DiagnosticReporterImpl: loaded 9 times (x 76B)
Class com.google.common.graph.Traverser                                               : loaded 9 times (x 73B)
Class com.squareup.javapoet.AnnotationSpec                                            : loaded 9 times (x 72B)
Class com.squareup.javapoet.CodeBlock                                                 : loaded 9 times (x 72B)
Class com.google.common.collect.ImmutableMap$IteratorBasedImmutableMap$1EntrySetImpl  : loaded 9 times (x 152B)
Class dagger.internal.codegen.binding.BindsTypeChecker_Factory                        : loaded 9 times (x 82B)
Class dagger.hilt.processor.internal.generatesrootinput.GeneratesRootInputs           : loaded 9 times (x 72B)
Class com.google.common.collect.AbstractMapBasedMultimap$AsMap$AsMapIterator          : loaded 9 times (x 79B)
Class dagger.internal.codegen.kotlin.KotlinMetadataFactory_Factory                    : loaded 9 times (x 81B)
Class dagger.internal.InstanceFactory                                                 : loaded 9 times (x 85B)
Class dagger.internal.codegen.validation.BindingElementValidator$ElementValidator     : loaded 9 times (x 77B)
Class dagger.internal.codegen.base.FrameworkTypes                                     : loaded 9 times (x 71B)
Class dagger.hilt.android.processor.internal.viewmodel.ViewModelMetadata$Companion    : loaded 9 times (x 71B)
Class dagger.spi.internal.shaded.androidx.room3.compiler.processing.ksp.KSTypeWrapper : loaded 9 times (x 72B)
Class dagger.spi.internal.shaded.androidx.room3.compiler.processing.ksp.KspAnnotated$UseSiteFilter$Companion: loaded 9 times (x 71B)
Class dagger.internal.codegen.model.RequestKind                                       : loaded 9 times (x 79B)
Class [Ldagger.internal.codegen.validation.BindingMethodValidator$Abstractness;       : loaded 9 times (x 69B)
Class com.squareup.kotlinpoet.UtilKt$escapeSegmentsIfNecessary$2                      : loaded 9 times (x 78B)
Class jakarta.inject.Provider                                                         : loaded 9 times (x 70B)
Class dagger.spi.internal.shaded.androidx.room3.compiler.processing.ksp.KSFileAsOriginatingElement: loaded 9 times (x 101B)
Class com.squareup.javapoet.CodeBlock$Builder                                         : loaded 9 times (x 72B)
Class dagger.spi.internal.shaded.androidx.room3.compiler.processing.ksp.KspTypeElement$KspEnumTypeElement: loaded 9 times (x 364B)
Class dagger.internal.codegen.xprocessing.XTypes$XTypeEquivalence                     : loaded 9 times (x 84B)
Class dagger.spi.internal.shaded.androidx.room3.compiler.processing.XEnumEntry        : loaded 9 times (x 70B)
Class dagger.spi.internal.shaded.androidx.room3.compiler.processing.ksp.OriginatingElementWrapper: loaded 9 times (x 101B)
Class dagger.internal.codegen.bindinggraphvalidation.SubcomponentFactoryMethodValidator_Factory: loaded 9 times (x 81B)
Class dagger.internal.codegen.bindinggraphvalidation.DependencyCycleValidator         : loaded 9 times (x 85B)
Class dagger.internal.codegen.model.AutoValue_DaggerAnnotation                        : loaded 9 times (x 76B)
Class dagger.internal.codegen.validation.InjectBindingRegistryImpl$BindingsCollection : loaded 9 times (x 72B)
Class dagger.internal.codegen.validation.DiagnosticMessageGenerator_Factory_Factory   : loaded 9 times (x 82B)
Class dagger.internal.codegen.validation.BindsInstanceMethodValidator_Factory         : loaded 9 times (x 82B)
Class dagger.internal.codegen.validation.ComponentValidator                           : loaded 9 times (x 75B)
Class dagger.spi.internal.shaded.androidx.room3.compiler.processing.XProcessingEnv$WhenMappings: loaded 9 times (x 71B)
Class dagger.internal.codegen.processingstep.SuperficialValidator_Factory             : loaded 9 times (x 82B)
Class [Ldagger.internal.codegen.base.ClearableCache;                                  : loaded 9 times (x 69B)
Class dagger.internal.codegen.model.DaggerProcessingEnv                               : loaded 9 times (x 74B)
Class dagger.internal.codegen.binding.AutoValue_OptionalBindingDeclaration            : loaded 9 times (x 75B)
Class [Ldagger.internal.codegen.compileroption.ProcessingEnvironmentCompilerOptions$CommandLineOption;: loaded 9 times (x 69B)
Class dagger.internal.codegen.ProcessingEnvironmentModule_FilerFactory                : loaded 9 times (x 82B)
Class dagger.internal.codegen.binding.MethodSignatureFormatter_Factory                : loaded 9 times (x 82B)
Class dagger.internal.codegen.validation.ComponentHierarchyValidator                  : loaded 9 times (x 72B)
Class dagger.internal.codegen.validation.BindsInstanceMethodValidator$Validator       : loaded 9 times (x 77B)
Class dagger.MembersInjector                                                          : loaded 9 times (x 70B)
Class com.squareup.javapoet.LineWrapper$RecordingAppendable                           : loaded 9 times (x 77B)
Class dagger.internal.codegen.validation.BindingMethodValidator$ExceptionSuperclass$3 : loaded 9 times (x 81B)
Class dagger.internal.codegen.binding.AutoValue_MultibindingDeclaration               : loaded 9 times (x 79B)
Class dagger.internal.codegen.binding.$AutoValue_ComponentDescriptor                  : loaded 9 times (x 97B)
Class dagger.internal.codegen.componentgenerator.TopLevelImplementationComponent      : loaded 9 times (x 70B)
Class dagger.internal.codegen.bindinggraphvalidation.DependsOnProductionExecutorValidator: loaded 9 times (x 85B)
Class dagger.internal.codegen.bindinggraphvalidation.ProvisionDependencyOnProducerBindingValidator_Factory$InstanceHolder: loaded 9 times (x 71B)
Class dagger.internal.DelegateFactory                                                 : loaded 9 times (x 82B)
Class com.squareup.kotlinpoet.TypeName                                                : loaded 9 times (x 82B)
Class dagger.spi.internal.shaded.androidx.room3.compiler.processing.ksp.KSTypeExtKt   : loaded 9 times (x 71B)
Class dagger.spi.internal.shaded.androidx.room3.compiler.processing.ksp.KspExecutableType: loaded 9 times (x 81B)
Class dagger.spi.internal.shaded.androidx.room3.compiler.processing.XTypeArgument     : loaded 9 times (x 70B)
Class dagger.spi.internal.shaded.androidx.room3.compiler.processing.ksp.KspFiler$OriginatingElements: loaded 9 times (x 72B)
Class dagger.internal.codegen.bindinggraphvalidation.IncompatiblyScopedBindingsValidator: loaded 9 times (x 85B)
Class dagger.spi.internal.shaded.androidx.room3.compiler.processing.javac.JavacType   : loaded 9 times (x 187B)
Class dagger.spi.internal.shaded.androidx.room3.compiler.processing.ksp.PropertyAccessorModifiers: loaded 9 times (x 93B)
Class com.squareup.javapoet.JavaFile                                                  : loaded 9 times (x 72B)
Class dagger.hilt.android.processor.internal.bindvalue.AutoValue_BindValueMetadata    : loaded 9 times (x 74B)
Class com.google.common.base.Equivalence$Wrapper                                      : loaded 9 times (x 72B)
Class dagger.internal.codegen.bindinggraphvalidation.MissingBindingValidator          : loaded 9 times (x 85B)
Class dagger.internal.codegen.validation.SpiModelBindingGraphConverter$DaggerProcessingEnvImpl: loaded 9 times (x 76B)
Class dagger.internal.codegen.validation.BindsOptionalOfMethodValidator               : loaded 9 times (x 78B)
Class dagger.internal.codegen.DelegateComponentProcessor$SourceFileGeneratorsModule   : loaded 9 times (x 70B)
Class dagger.internal.codegen.validation.ProvidesMethodValidator_Factory              : loaded 9 times (x 82B)
Class dagger.internal.codegen.DaggerDelegateComponentProcessor_Injector$Factory       : loaded 9 times (x 74B)
Class dagger.hilt.android.processor.internal.viewmodel.ViewModelProcessor             : loaded 9 times (x 100B)
Class com.squareup.kotlinpoet.LineWrapper$Companion                                   : loaded 9 times (x 71B)
Class dagger.spi.internal.shaded.androidx.room3.compiler.processing.XExecutableType   : loaded 9 times (x 70B)
Class dagger.internal.codegen.validation.ComponentDescriptorValidator                 : loaded 9 times (x 72B)
Class dagger.internal.codegen.base.Util                                               : loaded 9 times (x 71B)
Class dagger.internal.codegen.kotlin.KotlinMetadataUtil                               : loaded 9 times (x 72B)
Class dagger.internal.codegen.xprocessing.XExecutableTypes                            : loaded 9 times (x 71B)
Class dagger.internal.codegen.base.ValidationReport                                   : loaded 9 times (x 72B)
Class dagger.internal.codegen.base.ContributionType$HasContributionType               : loaded 9 times (x 70B)
Class dagger.internal.codegen.validation.BindingMethodValidator$ExceptionSuperclass$2 : loaded 9 times (x 81B)
Class dagger.internal.codegen.binding.ComponentDeclarations$Factory                   : loaded 9 times (x 72B)
Class com.squareup.javapoet.ParameterSpec$Builder                                     : loaded 9 times (x 72B)
Class dagger.hilt.android.processor.internal.viewmodel.ViewModelModuleGenerator       : loaded 9 times (x 72B)
Class dagger.spi.internal.shaded.androidx.room3.compiler.processing.ksp.KSTypeVarianceResolverScope: loaded 9 times (x 74B)
Class dagger.hilt.android.processor.internal.AndroidClassNames                        : loaded 9 times (x 71B)
Class dagger.internal.codegen.processingstep.ModuleProcessingStep                     : loaded 9 times (x 86B)
Class dagger.internal.codegen.bindinggraphvalidation.InjectBindingValidator           : loaded 9 times (x 85B)
Class dagger.internal.codegen.processingstep.AssistedProcessingStep                   : loaded 9 times (x 86B)
Class dagger.spi.internal.shaded.androidx.room3.compiler.processing.XNullability      : loaded 9 times (x 79B)
Class dagger.spi.internal.shaded.androidx.room3.compiler.codegen.XTypeName$Companion  : loaded 9 times (x 71B)
Class com.squareup.javapoet.TypeSpec                                                  : loaded 9 times (x 72B)
Class dagger.hilt.processor.internal.root.ComponentTreeDepsMetadata                   : loaded 9 times (x 80B)
Class dagger.internal.codegen.binding.DelegateDeclaration_Factory_Factory             : loaded 9 times (x 82B)
Class dagger.internal.codegen.binding.ModuleDescriptor_Factory_Factory                : loaded 9 times (x 82B)
Class dagger.internal.codegen.bindinggraphvalidation.MissingBindingValidator_Factory  : loaded 9 times (x 82B)
Class dagger.internal.codegen.bindinggraphvalidation.SetMultibindingValidator_Factory$InstanceHolder: loaded 9 times (x 71B)
Class dagger.internal.codegen.binding.AutoValue_DelegateDeclaration                   : loaded 9 times (x 83B)
Class dagger.internal.codegen.validation.DependencyRequestValidator                   : loaded 9 times (x 72B)
Class [Lcom.google.common.base.CaseFormat;                                            : loaded 9 times (x 69B)
Class dagger.internal.codegen.bindinggraphvalidation.InvalidProductionBindingScopeValidator_Factory$InstanceHolder: loaded 9 times (x 71B)
Class dagger.internal.SingleCheck                                                     : loaded 9 times (x 80B)
Class dagger.hilt.processor.internal.definecomponent.DefineComponentBuilderMetadatas  : loaded 9 times (x 72B)
Class dagger.spi.internal.shaded.androidx.room3.compiler.processing.ksp.synthetic.KspSyntheticPropertyMethodElement$Companion: loaded 9 times (x 71B)
Class dagger.spi.internal.shaded.androidx.room3.compiler.processing.ksp.KspAnnotationValue: loaded 9 times (x 157B)
Class com.squareup.kotlinpoet.TypeName$Companion                                      : loaded 9 times (x 71B)
Class dagger.spi.internal.shaded.androidx.room3.compiler.processing.InternalXAnnotation: loaded 9 times (x 140B)
Class dagger.spi.internal.shaded.androidx.room3.compiler.processing.ksp.KspTypeElement$DefaultKspTypeElement: loaded 9 times (x 311B)
Class dagger.spi.internal.shaded.androidx.room3.compiler.processing.ksp.KspPrimitiveType: loaded 9 times (x 188B)
Class dagger.internal.codegen.base.KeywordValidator                                   : loaded 9 times (x 71B)
Class dagger.internal.codegen.writing.UnwrappedMapKeyGenerator                        : loaded 9 times (x 81B)
Class dagger.internal.codegen.processingstep.ProcessingStepsModule_ProcessingStepsFactory: loaded 9 times (x 82B)
Class dagger.internal.codegen.DelegateComponentProcessor_MembersInjector              : loaded 9 times (x 75B)
Class dagger.internal.codegen.binding.LegacyBindingGraphConverter_Factory             : loaded 9 times (x 81B)
Class dagger.internal.codegen.compileroption.ProcessingEnvironmentCompilerOptions_Factory: loaded 9 times (x 82B)
Class dagger.spi.internal.shaded.androidx.room3.compiler.processing.javac.JavacBasicAnnotationProcessor: loaded 9 times (x 98B)
Class dagger.spi.internal.shaded.androidx.room3.compiler.processing.ksp.KspFileMemberContainer$Companion: loaded 9 times (x 71B)
Class dagger.spi.internal.shaded.androidx.room3.compiler.processing.ksp.KspTypeElement$Companion$WhenMappings: loaded 9 times (x 71B)
Class dagger.hilt.android.processor.internal.viewmodel.ViewModelProcessingStep        : loaded 9 times (x 86B)
Class com.google.common.collect.LinkedHashMultimap$MultimapIterationChain             : loaded 9 times (x 72B)
Class dagger.spi.model.BindingGraph$Node                                              : loaded 9 times (x 70B)
Class dagger.internal.codegen.validation.BindingMethodValidator$ExceptionSuperclass$1 : loaded 9 times (x 81B)
Class dagger.internal.codegen.processingstep.BindsInstanceProcessingStep_Factory      : loaded 9 times (x 82B)
Class dagger.internal.codegen.binding.ModuleDescriptor$Factory                        : loaded 9 times (x 75B)
Class dagger.internal.codegen.componentgenerator.TopLevelImplementationComponent$Factory: loaded 9 times (x 70B)
Class dagger.internal.codegen.base.DaggerSuperficialValidation$1                      : loaded 9 times (x 71B)
Class dagger.internal.codegen.base.RequestKinds$1                                     : loaded 9 times (x 71B)
Class dagger.internal.codegen.componentgenerator.ComponentHjarGenerator               : loaded 9 times (x 78B)
Class dagger.hilt.processor.internal.Processors                                       : loaded 9 times (x 71B)
Class dagger.internal.codegen.bindinggraphvalidation.InjectBindingValidator_Factory   : loaded 9 times (x 82B)
Class [Ldagger.internal.codegen.compileroption.ProcessingEnvironmentCompilerOptions$EnumOption;: loaded 9 times (x 69B)
Class dagger.internal.codegen.writing.InaccessibleMapKeyProxyGenerator                : loaded 9 times (x 78B)
Class dagger.internal.codegen.base.DaggerSuperficialValidation$ValidationException$UnexpectedException: loaded 9 times (x 84B)
Class dagger.internal.codegen.binding.ProvisionBinding                                : loaded 9 times (x 90B)
Class dagger.internal.codegen.xprocessing.XTypeNames                                  : loaded 9 times (x 71B)
Class dagger.internal.codegen.binding.InjectionSiteFactory                            : loaded 9 times (x 72B)
Class com.google.common.collect.AbstractMapBasedMultimap$AsMap$AsMapEntries           : loaded 9 times (x 137B)
Class dagger.spi.internal.shaded.androidx.room3.compiler.processing.ksp.KspConstructorType: loaded 9 times (x 83B)
Class com.squareup.kotlinpoet.WildcardTypeName                                        : loaded 9 times (x 82B)
Class com.squareup.kotlinpoet.ClassName                                               : loaded 9 times (x 85B)
Class dagger.spi.internal.shaded.androidx.room3.compiler.processing.ksp.KspAnnotated$Companion: loaded 9 times (x 71B)
Class dagger.spi.internal.shaded.androidx.room3.compiler.processing.ksp.KspArrayType$BoxedArray: loaded 9 times (x 214B)
Class dagger.internal.codegen.base.DaggerSuperficialValidation$ValidationException$UnknownErrorType: loaded 9 times (x 84B)
Class dagger.internal.codegen.processingstep.MonitoringModuleProcessingStep_Factory   : loaded 9 times (x 82B)
Class dagger.internal.codegen.validation.BindingMethodValidator                       : loaded 9 times (x 78B)
Class [Ldagger.internal.codegen.validation.BindingElementValidator$AllowsScoping;     : loaded 9 times (x 69B)
Class dagger.internal.codegen.binding.DeclarationFormatter                            : loaded 9 times (x 86B)
Class dagger.internal.codegen.componentgenerator.ComponentHjarGenerator_Factory       : loaded 9 times (x 82B)
Class dagger.internal.codegen.validation.ValidationBindingGraphPlugin                 : loaded 9 times (x 85B)
Class dagger.internal.codegen.processingstep.MonitoringModuleProcessingStep           : loaded 9 times (x 86B)
Class dagger.internal.codegen.processingstep.InjectProcessingStep_Factory             : loaded 9 times (x 82B)
Class dagger.spi.internal.shaded.androidx.room3.compiler.processing.ksp.KSAsMemberOfKt: loaded 9 times (x 71B)
Class dagger.internal.codegen.compileroption.CompilerOptions                          : loaded 9 times (x 96B)
Class dagger.internal.codegen.bindinggraphvalidation.SubcomponentFactoryMethodValidator_Factory$InstanceHolder: loaded 9 times (x 71B)
Class com.google.common.graph.PredecessorsFunction                                    : loaded 9 times (x 70B)
Class dagger.spi.internal.shaded.androidx.room3.compiler.processing.XFiler$Mode       : loaded 9 times (x 79B)
Class dagger.spi.internal.shaded.androidx.room3.compiler.processing.ksp.KspMethodType : loaded 9 times (x 90B)
Class dagger.internal.codegen.processingstep.ModuleProcessingStep_Factory             : loaded 9 times (x 82B)
Class dagger.internal.codegen.processingstep.LazyClassKeyProcessingStep               : loaded 9 times (x 86B)
Class [Lcom.squareup.javapoet.LineWrapper$FlushType;                                  : loaded 9 times (x 69B)
Class dagger.internal.codegen.validation.BindsOptionalOfMethodValidator_Factory       : loaded 9 times (x 82B)
Class dagger.internal.codegen.validation.ModuleValidator_Factory                      : loaded 9 times (x 82B)
Class dagger.spi.internal.shaded.androidx.room3.compiler.processing.javac.kotlin.JvmDescriptorUtilsKt: loaded 9 times (x 71B)
Class dagger.spi.internal.shaded.androidx.room3.compiler.processing.XFieldElement     : loaded 9 times (x 70B)
Class dagger.spi.internal.shaded.androidx.room3.compiler.processing.XEquality$Companion: loaded 9 times (x 71B)
Class dagger.spi.internal.shaded.androidx.room3.compiler.processing.ksp.KSTypeJavaPoetExtKt: loaded 9 times (x 71B)
Class dagger.internal.codegen.binding.DependencyRequestFormatter                      : loaded 9 times (x 86B)
Class dagger.internal.codegen.validation.MultibindsMethodValidator                    : loaded 9 times (x 79B)
Class dagger.spi.internal.shaded.androidx.room3.compiler.processing.XMethodElementKt  : loaded 9 times (x 71B)
Class [Ldagger.spi.internal.shaded.androidx.room3.compiler.processing.XAnnotated;     : loaded 9 times (x 69B)
Class dagger.spi.internal.shaded.androidx.room3.compiler.codegen.XClassNameKt         : loaded 9 times (x 71B)
Class dagger.spi.internal.shaded.androidx.room3.compiler.processing.ksp.KspAnnotated$UseSiteFilter: loaded 9 times (x 80B)
Class com.squareup.kotlinpoet.TagMap                                                  : loaded 9 times (x 77B)
Class dagger.spi.internal.shaded.androidx.room3.compiler.processing.ksp.KSTypeKotlinPoetExtKt: loaded 9 times (x 71B)
Class dagger.spi.internal.shaded.androidx.room3.compiler.codegen.XTypeNameKt          : loaded 9 times (x 71B)
Class dagger.internal.codegen.DaggerDelegateComponentProcessor_Injector               : loaded 9 times (x 71B)
Class dagger.spi.internal.shaded.androidx.room3.compiler.processing.ksp.KspAnnotationValueKt: loaded 9 times (x 71B)
Class dagger.internal.codegen.binding.SourceFiles                                     : loaded 9 times (x 71B)
Class dagger.internal.codegen.base.SourceFileGenerator                                : loaded 9 times (x 78B)
Class dagger.internal.codegen.binding.DelegateBinding                                 : loaded 9 times (x 91B)
Class dagger.internal.codegen.bindinggraphvalidation.SetMultibindingValidator         : loaded 9 times (x 85B)
Class dagger.internal.codegen.processingstep.MonitoringModuleGenerator                : loaded 9 times (x 78B)
Class dagger.internal.codegen.processingstep.ComponentHjarProcessingStep              : loaded 9 times (x 86B)
Class dagger.internal.codegen.binding.BindingNode$Factory                             : loaded 9 times (x 72B)
Class dagger.internal.codegen.processingstep.MapKeyProcessingStep_Factory             : loaded 9 times (x 82B)
Class dagger.internal.codegen.binding.ContributionBinding                             : loaded 9 times (x 89B)
Class dagger.internal.codegen.writing.MembersInjectorGenerator_Factory                : loaded 9 times (x 82B)
Class dagger.hilt.android.processor.internal.bindvalue.BindValueMetadata              : loaded 9 times (x 73B)
Class com.squareup.javapoet.JavaFile$1                                                : loaded 9 times (x 79B)
Class dagger.spi.internal.shaded.androidx.room3.compiler.processing.ksp.KspExecutableParameterElement$Companion: loaded 9 times (x 71B)
Class dagger.spi.internal.shaded.androidx.room3.compiler.processing.ksp.KspType$WhenMappings: loaded 9 times (x 71B)
Class dagger.internal.codegen.validation.AnyBindingMethodValidator                    : loaded 9 times (x 75B)
Class dagger.internal.codegen.bindinggraphvalidation.InvalidProductionBindingScopeValidator: loaded 9 times (x 85B)
Class dagger.internal.codegen.DelegateComponentProcessor_SourceFileGeneratorsModule_FactoryGeneratorFactory: loaded 9 times (x 82B)
Class dagger.internal.codegen.validation.ProvidesMethodValidator                      : loaded 9 times (x 78B)
Class dagger.hilt.android.processor.internal.viewmodel.ViewModelValidationPluginKt    : loaded 9 times (x 71B)
Class dagger.internal.codegen.processingstep.BindingMethodProcessingStep_Factory      : loaded 9 times (x 82B)
Class dagger.internal.codegen.validation.BindingElementValidator$AllowsScoping        : loaded 9 times (x 79B)
Class dagger.internal.codegen.base.Formatter                                          : loaded 9 times (x 85B)
Class dagger.spi.internal.shaded.androidx.room3.compiler.processing.util.MemoizedSequence: loaded 9 times (x 75B)
Class dagger.spi.internal.shaded.androidx.room3.compiler.processing.ksp.KSTypeVarianceResolverScope$PropertyGetterMethodReturnType: loaded 9 times (x 74B)
Class dagger.internal.codegen.validation.ModuleValidator                              : loaded 9 times (x 72B)
Class dagger.internal.codegen.kotlin.KotlinMetadataFactory                            : loaded 9 times (x 75B)
Class dagger.spi.internal.shaded.androidx.room3.compiler.processing.ksp.KSFunctionExtKt: loaded 9 times (x 71B)
Class dagger.spi.internal.shaded.androidx.room3.compiler.processing.ksp.KSTypeVarianceResolverScope$PropertyType: loaded 9 times (x 74B)
Class dagger.spi.internal.shaded.androidx.room3.compiler.processing.ksp.KSDeclarationExtKt: loaded 9 times (x 71B)
Class com.google.common.collect.AbstractMapBasedMultimap$AsMap                        : loaded 9 times (x 128B)
Class dagger.internal.codegen.validation.ComponentValidator_Factory                   : loaded 9 times (x 82B)
Class dagger.internal.codegen.compileroption.ProcessingEnvironmentCompilerOptions$CommandLineOption: loaded 9 times (x 70B)
Class dagger.internal.codegen.binding.Declaration                                     : loaded 9 times (x 74B)
Class dagger.internal.codegen.bindinggraphvalidation.BindingGraphValidationModule     : loaded 9 times (x 70B)
Class dagger.internal.codegen.bindinggraphvalidation.MapMultibindingValidator         : loaded 9 times (x 85B)
Class dagger.internal.codegen.validation.BindsInstanceParameterValidator_Factory      : loaded 9 times (x 82B)
Class dagger.internal.codegen.compileroption.ProcessingEnvironmentCompilerOptions$KeyOnlyOption$1: loaded 9 times (x 86B)
Class com.google.common.collect.ImmutableSetMultimap$EntrySet                         : loaded 9 times (x 146B)
Class dagger.spi.BindingGraphPlugin                                                   : loaded 9 times (x 70B)
Class dagger.spi.internal.shaded.androidx.room3.compiler.processing.XAnnotationValue  : loaded 9 times (x 70B)
Class dagger.hilt.processor.internal.BadInputException                                : loaded 9 times (x 82B)
Class dagger.spi.internal.shaded.androidx.room3.compiler.codegen.XClassName$Companion : loaded 9 times (x 71B)
Class dagger.spi.internal.shaded.androidx.room3.compiler.codegen.XTypeName            : loaded 9 times (x 75B)
Class dagger.spi.internal.shaded.androidx.room3.compiler.processing.XArrayType        : loaded 9 times (x 70B)
Class [Lcom.squareup.javapoet.ClassName;                                              : loaded 9 times (x 69B)
Class dagger.internal.codegen.writing.ModuleProxies$ModuleConstructorProxyGenerator   : loaded 9 times (x 78B)
Class dagger.internal.codegen.writing.UnwrappedMapKeyGenerator_Factory                : loaded 9 times (x 82B)
Class dagger.internal.codegen.binding.MultibindingDeclaration                         : loaded 9 times (x 78B)
Class [Ldagger.spi.internal.shaded.androidx.room3.compiler.processing.XFiler$Mode;    : loaded 9 times (x 69B)
Class dagger.internal.codegen.binding.SubcomponentDeclaration_Factory_Factory         : loaded 9 times (x 82B)
Class dagger.internal.codegen.validation.ProducesMethodValidator_Factory              : loaded 9 times (x 82B)
Class dagger.internal.codegen.binding.LegacyBindingGraphFactory_Factory               : loaded 9 times (x 82B)
Class dagger.internal.codegen.bindinggraphvalidation.DependencyCycleValidator_Factory : loaded 9 times (x 82B)
Class dagger.spi.internal.shaded.androidx.room3.compiler.processing.XVariableElement  : loaded 9 times (x 70B)
Class dagger.internal.codegen.binding.MultibindingDeclaration_Factory_Factory         : loaded 9 times (x 82B)
Class dagger.internal.codegen.binding.ComponentDeclarations_Factory_Factory           : loaded 9 times (x 82B)
Class dagger.internal.codegen.binding.LegacyBindingGraphFactory                       : loaded 9 times (x 72B)
Class dagger.internal.codegen.compileroption.ProcessingEnvironmentCompilerOptions$KeyOnlyOption$2: loaded 9 times (x 86B)
Class com.google.common.collect.ImmutableMapValues                                    : loaded 9 times (x 126B)
Class dagger.internal.codegen.model.AutoValue_DaggerProcessingEnv                     : loaded 9 times (x 75B)
Class com.squareup.javapoet.ParameterSpec                                             : loaded 9 times (x 72B)
Class dagger.spi.internal.shaded.androidx.room3.compiler.processing.ksp.KSTypeKotlinPoetExtKt$WhenMappings: loaded 9 times (x 71B)
Class dagger.spi.internal.shaded.androidx.room3.compiler.processing.JavaPoetExtKt     : loaded 9 times (x 71B)
Class dagger.internal.codegen.model.AutoValue_Scope                                   : loaded 9 times (x 73B)
Class dagger.spi.internal.shaded.androidx.room3.compiler.processing.ksp.KspPackageElement: loaded 9 times (x 166B)
Class dagger.spi.internal.shaded.androidx.room3.compiler.processing.ksp.ClassModifiers: loaded 9 times (x 92B)
Class [Ldagger.spi.internal.shaded.androidx.room3.compiler.codegen.XClassName;        : loaded 9 times (x 69B)
Class dagger.internal.codegen.validation.ExternalBindingGraphPlugins                  : loaded 9 times (x 72B)
Class dagger.internal.codegen.binding.ProductionBinding                               : loaded 9 times (x 93B)
Class dagger.internal.codegen.compileroption.FeatureStatus                            : loaded 9 times (x 79B)
Class dagger.spi.internal.shaded.androidx.room3.compiler.processing.ksp.KspEnumEntry  : loaded 9 times (x 179B)
Class dagger.internal.codegen.DelegateComponentProcessor$Injector                     : loaded 9 times (x 70B)
Class dagger.internal.codegen.processingstep.LazyClassKeyProcessingStep_Factory       : loaded 9 times (x 82B)
Class dagger.internal.codegen.DelegateComponentProcessor_SourceFileGeneratorsModule_ProducerFactoryGeneratorFactory: loaded 9 times (x 82B)
Class dagger.internal.codegen.validation.BindsInstanceElementValidator                : loaded 9 times (x 78B)
Class dagger.internal.codegen.validation.BindsMethodValidator                         : loaded 9 times (x 78B)
Class dagger.internal.codegen.processingstep.TypeCheckingProcessingStep_MembersInjector: loaded 9 times (x 75B)
Class dagger.internal.codegen.writing.ProducerFactoryGenerator_Factory                : loaded 9 times (x 82B)
Class com.google.common.base.CaseFormat$StringConverter                               : loaded 9 times (x 90B)
Class dagger.internal.codegen.bindinggraphvalidation.DuplicateBindingsValidator_Factory: loaded 9 times (x 82B)
Class dagger.internal.codegen.binding.SourceFiles_Factory                             : loaded 9 times (x 81B)
Class dagger.internal.codegen.processingstep.TypeCheckingProcessingStep               : loaded 9 times (x 86B)
Class dagger.internal.codegen.bindinggraphvalidation.ProvisionDependencyOnProducerBindingValidator: loaded 9 times (x 85B)
Class dagger.internal.codegen.writing.LazyMapKeyProxyGenerator                        : loaded 9 times (x 78B)
Class dagger.internal.codegen.validation.ComponentDescriptorValidator_Factory         : loaded 9 times (x 82B)
Class dagger.internal.codegen.componentgenerator.ComponentGeneratorModule_ComponentHjarGeneratorFactory: loaded 9 times (x 82B)
Class dagger.internal.codegen.base.RequestKinds                                       : loaded 9 times (x 71B)
Class dagger.spi.internal.shaded.androidx.room3.compiler.processing.InternalXAnnotationValue$Kind: loaded 9 times (x 79B)
Class dagger.internal.codegen.validation.SpiModelBindingGraphConverter                : loaded 9 times (x 71B)
Class dagger.internal.codegen.binding.AutoValue_ModuleDescriptor                      : loaded 9 times (x 86B)
Class dagger.internal.codegen.compileroption.ValidationType                           : loaded 9 times (x 79B)
Class dagger.hilt.processor.internal.JavacBaseProcessingStepProcessor                 : loaded 9 times (x 100B)
Class com.squareup.kotlinpoet.UtilKt                                                  : loaded 9 times (x 71B)
Class com.squareup.kotlinpoet.ClassNames                                              : loaded 9 times (x 71B)
Class dagger.spi.internal.shaded.androidx.room3.compiler.processing.ksp.KspHasModifiers$Companion: loaded 9 times (x 71B)
Class dagger.hilt.android.processor.internal.viewmodel.ViewModelValidationPlugin      : loaded 9 times (x 83B)
Class dagger.internal.codegen.validation.AssistedValidator                            : loaded 9 times (x 75B)
Class dagger.internal.codegen.processingstep.AssistedProcessingStep_Factory           : loaded 9 times (x 82B)
Class dagger.internal.codegen.validation.MultibindsMethodValidator$Validator          : loaded 9 times (x 80B)
Class dagger.internal.codegen.model.BindingGraphPlugin                                : loaded 9 times (x 70B)
Class [Ldagger.spi.internal.shaded.androidx.room3.compiler.processing.ksp.synthetic.KspSyntheticPropertyMethodElement;: loaded 9 times (x 69B)
Class dagger.hilt.processor.internal.LazyString                                       : loaded 9 times (x 72B)
Class dagger.internal.codegen.validation.SpiModelBindingGraphConverter$1              : loaded 9 times (x 71B)
Class dagger.internal.codegen.writing.FactoryGenerator_Factory                        : loaded 9 times (x 82B)
Class dagger.internal.codegen.binding.InjectionAnnotations                            : loaded 9 times (x 72B)
Class dagger.internal.codegen.bindinggraphvalidation.NullableBindingValidator_Factory : loaded 9 times (x 82B)
Class dagger.internal.codegen.binding.DependencyRequestFormatter_Factory              : loaded 9 times (x 82B)
Class dagger.hilt.android.processor.internal.viewmodel.ViewModelModuleGenerator$Companion: loaded 9 times (x 71B)
Class dagger.spi.internal.shaded.androidx.room3.compiler.processing.ksp.KspEnumEntry$Companion: loaded 9 times (x 71B)
Class com.squareup.kotlinpoet.CodeWriter                                              : loaded 9 times (x 78B)
Class com.squareup.kotlinpoet.TypeName$cachedString$2                                 : loaded 9 times (x 79B)
Class com.squareup.javapoet.LineWrapper                                               : loaded 9 times (x 72B)
Class dagger.internal.codegen.compileroption.ProcessingEnvironmentCompilerOptions$EnumOption: loaded 9 times (x 70B)
Class dagger.internal.codegen.compileroption.ProcessingEnvironmentCompilerOptions$Validation$1: loaded 9 times (x 93B)
Class dagger.internal.codegen.xprocessing.XTypes                                      : loaded 9 times (x 71B)
Class dagger.spi.internal.shaded.androidx.room3.compiler.processing.XTypeKt           : loaded 9 times (x 71B)
Class dagger.spi.internal.shaded.androidx.room3.compiler.processing.ksp.KspArrayType  : loaded 9 times (x 214B)
Class dagger.internal.codegen.ServiceLoaders$1                                        : loaded 9 times (x 71B)
Class dagger.internal.codegen.ProcessingEnvironmentModule                             : loaded 9 times (x 70B)
Class dagger.internal.codegen.compileroption.ProcessingEnvironmentCompilerOptions$Validation: loaded 9 times (x 93B)
Class dagger.internal.codegen.model.BindingKind                                       : loaded 9 times (x 79B)
Class dagger.internal.codegen.validation.BindingMethodValidator$ExceptionSuperclass   : loaded 9 times (x 81B)
Class dagger.internal.codegen.validation.BindsInstanceParameterValidator$Validator    : loaded 9 times (x 77B)
Class dagger.internal.codegen.validation.ProducesMethodValidator$Validator            : loaded 9 times (x 80B)
Class dagger.internal.codegen.processingstep.MonitoringModuleGenerator_Factory        : loaded 9 times (x 82B)
Class dagger.internal.codegen.binding.$AutoValue_OptionalBindingDeclaration           : loaded 9 times (x 75B)
Class dagger.internal.codegen.validation.InjectValidator_Factory                      : loaded 9 times (x 82B)
Class dagger.spi.model.BindingGraphPlugin                                             : loaded 9 times (x 70B)
Class [Ldagger.spi.internal.shaded.androidx.room3.compiler.processing.XParameterizable;: loaded 9 times (x 69B)
Class dagger.spi.internal.shaded.androidx.room3.compiler.processing.ksp.KspExecutableElement$Companion: loaded 9 times (x 71B)
Class [Ldagger.spi.internal.shaded.androidx.room3.compiler.processing.ksp.KspAnnotated$UseSiteFilter;: loaded 9 times (x 69B)
Class [Ldagger.spi.internal.shaded.androidx.room3.compiler.processing.XElement;       : loaded 9 times (x 69B)
Class [Ldagger.internal.codegen.compileroption.ProcessingEnvironmentCompilerOptions$KeyOnlyOption;: loaded 9 times (x 69B)
Class dagger.internal.codegen.base.ElementFormatter                                   : loaded 9 times (x 85B)
Class dagger.internal.codegen.DaggerDelegateComponentProcessor_Injector$TopLevelImplementationComponentFactory: loaded 9 times (x 75B)
Class [Ldagger.spi.internal.shaded.androidx.room3.compiler.codegen.XTypeName;         : loaded 9 times (x 69B)
Class dagger.internal.codegen.bindinggraphvalidation.DuplicateBindingsValidator       : loaded 9 times (x 85B)
Class dagger.internal.codegen.validation.DiagnosticReporterFactory_Factory            : loaded 9 times (x 82B)
Class dagger.spi.internal.shaded.androidx.room3.compiler.processing.ksp.KspExecutableParameterElement: loaded 9 times (x 192B)
Class com.squareup.javapoet.WildcardTypeName                                          : loaded 9 times (x 81B)
Class dagger.spi.internal.shaded.androidx.room3.compiler.processing.XAnnotation       : loaded 9 times (x 70B)
Class dagger.internal.codegen.processingstep.ComponentProcessingStep                  : loaded 9 times (x 86B)
Class dagger.internal.codegen.processingstep.ComponentHjarProcessingStep_Factory      : loaded 9 times (x 82B)
Class [Ldagger.internal.codegen.validation.BindingMethodValidator$ExceptionSuperclass;: loaded 9 times (x 69B)
Class com.google.common.graph.Traverser$2                                             : loaded 9 times (x 74B)
Class dagger.internal.codegen.validation.BindsMethodValidator_Factory                 : loaded 9 times (x 82B)
Class dagger.spi.internal.shaded.androidx.room3.compiler.processing.XConstructorType  : loaded 9 times (x 70B)
Class dagger.spi.internal.shaded.androidx.room3.compiler.processing.ksp.KspAnnotation$wrap$$inlined$sortedBy$1: loaded 9 times (x 90B)
Class dagger.spi.internal.shaded.androidx.room3.compiler.processing.ksp.KspArrayType$Companion: loaded 9 times (x 71B)
Class dagger.internal.codegen.validation.ValidationBindingGraphPlugins_Factory        : loaded 9 times (x 82B)
Class dagger.internal.codegen.validation.InjectValidator                              : loaded 9 times (x 75B)
Class dagger.internal.codegen.writing.ProducerFactoryGenerator                        : loaded 9 times (x 78B)
Class dagger.internal.codegen.compileroption.ProcessingEnvironmentCompilerOptions$KeyOnlyOption: loaded 9 times (x 86B)
Class dagger.internal.codegen.validation.InjectBindingRegistryImpl                    : loaded 9 times (x 81B)
Class dagger.hilt.processor.internal.definecomponent.DefineComponentBuilderMetadatas$DefineComponentBuilderMetadata: loaded 9 times (x 74B)
Class dagger.hilt.processor.internal.definecomponent.DefineComponentMetadatas         : loaded 9 times (x 72B)
Class dagger.internal.codegen.bindinggraphvalidation.NullableBindingValidator         : loaded 9 times (x 85B)
Class com.google.common.graph.Traverser$1                                             : loaded 9 times (x 74B)
Class dagger.internal.codegen.binding.InjectionSiteFactory$InjectionSiteVisitor       : loaded 8 times (x 72B)
Class dagger.internal.codegen.model.AutoValue_DaggerType                              : loaded 8 times (x 75B)
Class dagger.internal.codegen.binding.AutoValue_InjectionBinding                      : loaded 8 times (x 95B)
Class dagger.internal.codegen.model.AutoValue_Key                                     : loaded 8 times (x 80B)
Class dagger.spi.internal.shaded.androidx.room3.compiler.processing.ksp.KspMethodElement$KspSuspendMethodElement: loaded 8 times (x 276B)
Class dagger.internal.codegen.model.AutoValue_DependencyRequest$Builder               : loaded 8 times (x 77B)
Class dagger.internal.codegen.xprocessing.Nullability                                 : loaded 8 times (x 75B)
Class dagger.internal.codegen.extension.Optionals                                     : loaded 8 times (x 71B)
Class dagger.internal.codegen.xprocessing.XAnnotations                                : loaded 8 times (x 71B)
Class dagger.internal.codegen.binding.$AutoValue_InjectionBinding$Builder             : loaded 8 times (x 99B)
Class dagger.internal.codegen.model.$AutoValue_Key                                    : loaded 8 times (x 80B)
Class dagger.internal.codegen.xprocessing.XTypeElements                               : loaded 8 times (x 71B)
Class dagger.internal.codegen.xprocessing.AutoValue_Nullability                       : loaded 8 times (x 76B)
Class [Lcom.google.common.collect.LinkedHashMultimap$ValueEntry;                      : loaded 8 times (x 69B)
Class dagger.internal.codegen.binding.MembersInjectionBinding$InjectionSite           : loaded 8 times (x 76B)
Class com.google.common.collect.LinkedHashMultimap$ValueEntry                         : loaded 8 times (x 83B)
Class dagger.internal.codegen.model.AutoValue_DaggerElement                           : loaded 8 times (x 74B)
Class dagger.internal.codegen.model.DaggerElement                                     : loaded 8 times (x 73B)
Class dagger.internal.codegen.model.Key$Builder                                       : loaded 8 times (x 76B)
Class dagger.internal.codegen.model.DependencyRequest                                 : loaded 8 times (x 75B)
Class dagger.internal.codegen.xprocessing.XTypeElements$Visibility                    : loaded 8 times (x 79B)
Class dagger.internal.codegen.model.$AutoValue_Key$Builder                            : loaded 8 times (x 78B)
Class dagger.internal.codegen.xprocessing.XAnnotations$1                              : loaded 8 times (x 84B)
Class com.google.common.collect.LinkedHashMultimap$ValueSet                           : loaded 8 times (x 136B)
Class dagger.internal.codegen.model.DependencyRequest$Builder                         : loaded 8 times (x 76B)
Class dagger.internal.codegen.model.Key                                               : loaded 8 times (x 78B)
Class dagger.internal.codegen.binding.ContributionBinding$Builder                     : loaded 8 times (x 78B)
Class dagger.internal.codegen.binding.$AutoValue_InjectionBinding                     : loaded 8 times (x 94B)
Class dagger.internal.codegen.model.DaggerType                                        : loaded 8 times (x 74B)
Class dagger.internal.codegen.model.AutoValue_DependencyRequest                       : loaded 8 times (x 76B)
Class dagger.internal.codegen.binding.InjectionBinding$Builder                        : loaded 8 times (x 81B)
Class [Ldagger.internal.codegen.xprocessing.XTypeElements$Visibility;                 : loaded 8 times (x 69B)
Class com.google.common.collect.LexicographicalOrdering                               : loaded 7 times (x 115B)
Class com.google.common.collect.NullsLastOrdering                                     : loaded 7 times (x 115B)
Class com.google.common.collect.ExplicitOrdering                                      : loaded 7 times (x 115B)
Class com.google.common.collect.AllEqualOrdering                                      : loaded 7 times (x 114B)
Class com.google.common.collect.ByFunctionOrdering                                    : loaded 7 times (x 115B)
Class com.google.common.collect.NaturalOrdering                                       : loaded 7 times (x 115B)
Class com.google.common.collect.ComparatorOrdering                                    : loaded 7 times (x 115B)
Class com.google.common.collect.ReverseOrdering                                       : loaded 7 times (x 115B)
Class com.google.common.collect.CompoundOrdering                                      : loaded 7 times (x 115B)
Class com.google.common.collect.UsingToStringOrdering                                 : loaded 7 times (x 114B)
Class com.google.common.collect.ImmutableSortedAsList                                 : loaded 7 times (x 222B)
Class com.google.common.collect.Ordering                                              : loaded 7 times (x 114B)
Class com.google.common.collect.ReverseNaturalOrdering                                : loaded 7 times (x 114B)
Class com.google.common.collect.NullsFirstOrdering                                    : loaded 7 times (x 115B)
Class com.google.common.collect.SortedIterables                                       : loaded 6 times (x 71B)
Class com.google.common.collect.LinkedListMultimap$DistinctKeyIterator                : loaded 5 times (x 79B)
Class dagger.internal.codegen.binding.SourceFiles$1                                   : loaded 5 times (x 71B)
Class dagger.internal.codegen.extension.DaggerCollectors                              : loaded 5 times (x 71B)
Class dagger.internal.codegen.extension.DaggerCollectors$ToOptionalState              : loaded 5 times (x 72B)
Class com.google.common.collect.CollectSpliterators                                   : loaded 5 times (x 71B)
Class [Ldagger.internal.codegen.binding.BindingType;                                  : loaded 5 times (x 69B)
Class dagger.internal.codegen.binding.BindingType                                     : loaded 5 times (x 79B)
Class com.google.common.collect.LinkedListMultimap$1KeySetImpl                        : loaded 5 times (x 136B)
Class dagger.internal.codegen.binding.$AutoValue_MembersInjectionBinding_InjectionSite: loaded 5 times (x 77B)
Class com.google.common.collect.LinkedListMultimap                                    : loaded 5 times (x 161B)
Class dagger.internal.codegen.binding.MembersInjectionBinding$InjectionSite$Kind      : loaded 5 times (x 79B)
Class dagger.internal.codegen.binding.AutoValue_MembersInjectionBinding_InjectionSite : loaded 5 times (x 77B)
Class com.google.common.collect.CollectSpliterators$1WithCharacteristics              : loaded 5 times (x 84B)
Class dagger.spi.internal.shaded.androidx.room3.compiler.codegen.impl.XAnnotationSpecImpl$Builder: loaded 4 times (x 78B)
Class dagger.spi.internal.shaded.androidx.room3.compiler.codegen.VisibilityModifier   : loaded 4 times (x 79B)
Class dagger.internal.codegen.xprocessing.XAnnotationSpecs                            : loaded 4 times (x 71B)
Class com.squareup.kotlinpoet.AnnotationSpec$Builder$Companion                        : loaded 4 times (x 71B)
Class dagger.spi.internal.shaded.androidx.room3.compiler.codegen.XAnnotationSpec$Builder: loaded 4 times (x 70B)
Class dagger.spi.internal.shaded.androidx.room3.compiler.codegen.impl.ImplSpec        : loaded 4 times (x 73B)
Class com.google.common.collect.Sets$1$1                                              : loaded 4 times (x 82B)
Class dagger.internal.codegen.base.ComponentCreatorAnnotation                         : loaded 4 times (x 79B)
Class [Ldagger.internal.codegen.xprocessing.XTypeSpecs$Builder$Kind;                  : loaded 4 times (x 69B)
Class [Ldagger.spi.internal.shaded.androidx.room3.compiler.codegen.XAnnotationSpec$Builder;: loaded 4 times (x 69B)
Class dagger.spi.internal.shaded.androidx.room3.compiler.codegen.kotlin.KotlinAnnotationSpec: loaded 4 times (x 76B)
Class dagger.spi.internal.shaded.androidx.room3.compiler.codegen.XAnnotationSpec$Companion: loaded 4 times (x 71B)
Class dagger.spi.internal.shaded.androidx.room3.compiler.codegen.XAnnotationSpec      : loaded 4 times (x 70B)
Class dagger.spi.internal.shaded.androidx.room3.compiler.codegen.XAnnotationSpec$Builder$Companion: loaded 4 times (x 71B)
Class com.squareup.kotlinpoet.AnnotationSpec$Companion                                : loaded 4 times (x 71B)
Class dagger.internal.codegen.base.AutoValue_ComponentAnnotation                      : loaded 4 times (x 76B)
Class com.squareup.kotlinpoet.TaggableKt                                              : loaded 4 times (x 71B)
Class dagger.spi.internal.shaded.androidx.room3.compiler.codegen.java.JavaAnnotationSpec$Builder: loaded 4 times (x 78B)
Class dagger.spi.internal.shaded.androidx.room3.compiler.codegen.impl.XAnnotationSpecImpl: loaded 4 times (x 77B)
Class dagger.spi.internal.shaded.androidx.room3.compiler.codegen.kotlin.KotlinAnnotationSpec$Builder: loaded 4 times (x 78B)
Class dagger.spi.internal.shaded.androidx.room3.compiler.codegen.XSpec                : loaded 4 times (x 71B)
Class com.squareup.kotlinpoet.AnnotationSpec                                          : loaded 4 times (x 77B)
Class com.squareup.kotlinpoet.Taggable$Builder                                        : loaded 4 times (x 70B)
Class [Ldagger.spi.internal.shaded.androidx.room3.compiler.codegen.VisibilityModifier;: loaded 4 times (x 69B)
Class dagger.internal.codegen.xprocessing.XTypeSpecs$Builder                          : loaded 4 times (x 100B)
Class [Ldagger.internal.codegen.base.ComponentCreatorAnnotation;                      : loaded 4 times (x 69B)
Class [Ldagger.internal.codegen.base.ComponentCreatorKind;                            : loaded 4 times (x 69B)
Class dagger.internal.codegen.base.ComponentAnnotation                                : loaded 4 times (x 76B)
Class dagger.internal.codegen.xprocessing.XTypeSpecs$1                                : loaded 4 times (x 71B)
Class dagger.spi.internal.shaded.androidx.room3.compiler.codegen.XSpec$Builder        : loaded 4 times (x 71B)
Class dagger.spi.internal.shaded.androidx.room3.compiler.codegen.java.JavaAnnotationSpec: loaded 4 times (x 76B)
Class dagger.spi.internal.shaded.androidx.room3.compiler.processing.XTypeParameterElement: loaded 4 times (x 70B)
Class dagger.spi.internal.shaded.androidx.room3.compiler.codegen.kotlin.KotlinSpec    : loaded 4 times (x 72B)
Class dagger.internal.codegen.base.ComponentCreatorKind                               : loaded 4 times (x 79B)
Class dagger.internal.codegen.writing.FactoryGenerator$1                              : loaded 4 times (x 71B)
Class dagger.internal.codegen.xprocessing.XTypeSpecs                                  : loaded 4 times (x 71B)
Class dagger.spi.internal.shaded.androidx.room3.compiler.codegen.java.JavaSpec        : loaded 4 times (x 72B)
Class dagger.internal.codegen.xprocessing.XAnnotationSpecs$Builder                    : loaded 4 times (x 72B)
Class dagger.internal.codegen.base.$AutoValue_ComponentAnnotation                     : loaded 4 times (x 76B)
Class dagger.internal.codegen.xprocessing.XTypeSpecs$Builder$Kind                     : loaded 4 times (x 79B)
Class com.squareup.kotlinpoet.AnnotationSpec$Builder                                  : loaded 4 times (x 77B)
Class dagger.spi.internal.shaded.androidx.room3.compiler.codegen.XCodeBlock$Companion : loaded 3 times (x 71B)
Class dagger.spi.internal.shaded.androidx.room3.compiler.codegen.XFunSpec             : loaded 3 times (x 70B)
Class [Ldagger.spi.internal.shaded.androidx.room3.compiler.codegen.XCodeBlock$Builder;: loaded 3 times (x 69B)
Class dagger.spi.internal.shaded.androidx.room3.compiler.codegen.XCodeBlock           : loaded 3 times (x 70B)
Class com.squareup.kotlinpoet.CodeBlock$Builder                                       : loaded 3 times (x 72B)
Class dagger.spi.internal.shaded.androidx.room3.compiler.codegen.XName                : loaded 3 times (x 72B)
Class dagger.spi.internal.shaded.androidx.room3.compiler.codegen.XPropertySpec$Builder: loaded 3 times (x 70B)
Class dagger.spi.internal.shaded.androidx.room3.compiler.codegen.XParameterSpec       : loaded 3 times (x 70B)
Class dagger.spi.internal.shaded.androidx.room3.compiler.codegen.XCodeBlock$Builder$Companion: loaded 3 times (x 71B)
Class dagger.spi.internal.shaded.androidx.room3.compiler.codegen.XCodeBlock$Builder   : loaded 3 times (x 70B)
Class dagger.spi.internal.shaded.androidx.room3.compiler.codegen.java.JavaCodeBlock$Builder: loaded 3 times (x 88B)
Class dagger.spi.internal.shaded.androidx.room3.compiler.codegen.XFunSpec$Builder     : loaded 3 times (x 70B)
Class dagger.spi.internal.shaded.androidx.room3.compiler.codegen.XTypeSpec            : loaded 3 times (x 70B)
Class dagger.spi.internal.shaded.androidx.room3.compiler.codegen.kotlin.KotlinCodeBlock$Builder$Companion: loaded 3 times (x 71B)
Class dagger.internal.codegen.base.ContributionType                                   : loaded 3 times (x 79B)
Class dagger.spi.internal.shaded.androidx.room3.compiler.codegen.impl.XCodeBlockImpl$Builder: loaded 3 times (x 88B)
Class dagger.spi.internal.shaded.androidx.room3.compiler.codegen.kotlin.KotlinCodeBlock$Builder: loaded 3 times (x 88B)
Class dagger.internal.codegen.binding.ContributionBinding$1                           : loaded 3 times (x 71B)
Class dagger.spi.internal.shaded.androidx.room3.compiler.codegen.XPropertySpec        : loaded 3 times (x 70B)
Class com.squareup.kotlinpoet.CodeBlock$Companion                                     : loaded 3 times (x 71B)
Class dagger.spi.internal.shaded.androidx.room3.compiler.codegen.XMemberName          : loaded 3 times (x 72B)
Class com.squareup.kotlinpoet.CodeBlock                                               : loaded 3 times (x 72B)
Class dagger.internal.codegen.xprocessing.XFunSpecs$Builder$Kind                      : loaded 2 times (x 79B)
Class dagger.internal.codegen.xprocessing.XFunSpecs$1                                 : loaded 2 times (x 71B)
Class jdk.internal.jimage.decompressor.ResourceDecompressorFactory                    : loaded 2 times (x 74B)
Class org.gradle.internal.installation.GradleInstallation$1                           : loaded 2 times (x 75B)
Class org.gradle.api.internal.classpath.ModuleRegistry                                : loaded 2 times (x 70B)
Class com.google.devtools.ksp.processing.KSPLogger                                    : loaded 2 times (x 70B)
Class kotlin.text.Regex                                                               : loaded 2 times (x 72B)
Class kotlin.Triple                                                                   : loaded 2 times (x 72B)
Class kotlin.sequences.SequencesKt__SequenceBuilderKt$sequence$$inlined$Sequence$1    : loaded 2 times (x 75B)
Class kotlin.text.StringsKt__StringBuilderJVMKt                                       : loaded 2 times (x 71B)
Class kotlin.collections.ArrayAsCollection                                            : loaded 2 times (x 105B)
Class kotlin.LazyKt__LazyKt                                                           : loaded 2 times (x 71B)
Class com.google.common.cache.LocalCache$StrongValueReference                         : loaded 2 times (x 90B)
Class com.google.common.cache.CacheLoader                                             : loaded 2 times (x 74B)
Class kotlin.SafePublicationLazyImpl                                                  : loaded 2 times (x 76B)
Class jdk.internal.jimage.ImageReader$SharedImageReader                               : loaded 2 times (x 95B)
Class com.google.common.util.concurrent.internal.InternalFutureFailureAccess          : loaded 2 times (x 72B)
Class org.jetbrains.kotlin.gradle.utils.ConfigurationCacheOpaqueValue                 : loaded 2 times (x 72B)
Class dagger.spi.internal.shaded.androidx.room3.compiler.codegen.XFunSpec$Builder$Companion: loaded 2 times (x 71B)
Class kotlin.jvm.internal.Ref$ObjectRef                                               : loaded 2 times (x 72B)
Class kotlin.jvm.internal.ReflectionFactory                                           : loaded 2 times (x 91B)
Class kotlin.UNINITIALIZED_VALUE                                                      : loaded 2 times (x 71B)
Class org.gradle.internal.classloader.VisitableURLClassLoader$InstrumentingVisitableURLClassLoader: loaded 2 times (x 123B)
Class com.google.common.cache.LocalCache$Segment                                      : loaded 2 times (x 154B)
Class kotlin.reflect.KProperty$Getter                                                 : loaded 2 times (x 70B)
Class dagger.spi.internal.shaded.androidx.room3.compiler.codegen.java.JavaParameterSpec: loaded 2 times (x 78B)
Class dagger.spi.internal.shaded.androidx.room3.compiler.codegen.kotlin.KotlinParameterSpec: loaded 2 times (x 78B)
Class jdk.internal.jimage.ImageReader                                                 : loaded 2 times (x 75B)
Class com.google.common.cache.LocalCache$ComputingValueReference                      : loaded 2 times (x 96B)
Class kotlin.UninitializedPropertyAccessException                                     : loaded 2 times (x 82B)
Class com.google.devtools.ksp.processing.KSPJvmConfig                                 : loaded 2 times (x 72B)
Class kotlin.collections.AbstractMutableSet                                           : loaded 2 times (x 142B)
Class [Lkotlin.Pair;                                                                  : loaded 2 times (x 69B)
Class dagger.internal.codegen.xprocessing.XPropertySpecs$Builder                      : loaded 2 times (x 87B)
Class kotlin.collections.ReversedListReadOnly$listIterator$1                          : loaded 2 times (x 90B)
Class kotlin.comparisons.ComparisonsKt__ComparisonsKt                                 : loaded 2 times (x 71B)
Class kotlin.jvm.internal.ClassBasedDeclarationContainer                              : loaded 2 times (x 70B)
Class kotlin.coroutines.Continuation                                                  : loaded 2 times (x 70B)
Class kotlin.ranges.RangesKt__RangesKt                                                : loaded 2 times (x 71B)
Class kotlin.sequences.SequencesKt__SequencesKt                                       : loaded 2 times (x 71B)
Class kotlin.collections.SetsKt___SetsKt                                              : loaded 2 times (x 71B)
Class com.google.common.io.Files$FileByteSink                                         : loaded 2 times (x 77B)
Class [Lcom.google.common.cache.CacheBuilder$NullListener;                            : loaded 2 times (x 69B)
Class org.gradle.internal.classloader.VisitableURLClassLoader$Spec                    : loaded 2 times (x 74B)
Class org.gradle.internal.classpath.DefaultClassPath                                  : loaded 2 times (x 90B)
Class kotlin.Metadata                                                                 : loaded 2 times (x 70B)
Class kotlin.properties.Delegates                                                     : loaded 2 times (x 71B)
Class dagger.internal.codegen.binding.DependencyVariableNamer$1                       : loaded 2 times (x 71B)
Class dagger.spi.internal.shaded.androidx.room3.compiler.codegen.kotlin.KotlinFunSpecKt: loaded 2 times (x 71B)
Class com.google.devtools.ksp.processing.KspGradleLogger$Companion                    : loaded 2 times (x 71B)
Class kotlin.collections.AbstractCollection                                           : loaded 2 times (x 117B)
Class com.google.common.base.Suppliers$SupplierOfInstance                             : loaded 2 times (x 79B)
Class jdk.internal.jimage.ImageStringsReader                                          : loaded 2 times (x 80B)
Class kotlin.jvm.internal.markers.KMutableList                                        : loaded 2 times (x 70B)
Class org.gradle.api.internal.classpath.DefaultModuleRegistry$DefaultModuleAlias      : loaded 2 times (x 80B)
Class kotlin.collections.MapsKt__MapsKt                                               : loaded 2 times (x 71B)
Class kotlin.jvm.internal.Lambda                                                      : loaded 2 times (x 75B)
Class [Lkotlin.reflect.KDeclarationContainer;                                         : loaded 2 times (x 69B)
Class kotlin.collections.AbstractList                                                 : loaded 2 times (x 197B)
Class kotlin.sequences.SequencesKt__SequencesJVMKt                                    : loaded 2 times (x 71B)
Class kotlin.coroutines.jvm.internal.RestrictedSuspendLambda                          : loaded 2 times (x 91B)
Class kotlin.io.FilePathComponents                                                    : loaded 2 times (x 72B)
Class jdk.internal.jimage.decompressor.ZipDecompressorFactory                         : loaded 2 times (x 74B)
Class [Ldagger.spi.internal.shaded.androidx.room3.compiler.codegen.XParameterSpec$Builder;: loaded 2 times (x 69B)
Class dagger.spi.internal.shaded.androidx.room3.compiler.codegen.XParameterSpec$Builder: loaded 2 times (x 70B)
Class [Ldagger.spi.internal.shaded.androidx.room3.compiler.codegen.XPropertySpec$Builder;: loaded 2 times (x 69B)
Class dagger.spi.internal.shaded.androidx.room3.compiler.codegen.java.JavaPropertySpec$Builder: loaded 2 times (x 77B)
Class kotlin.comparisons.ComparisonsKt                                                : loaded 2 times (x 71B)
Class kotlin.comparisons.ComparisonsKt___ComparisonsKt                                : loaded 2 times (x 71B)
Class kotlin.Result$Companion                                                         : loaded 2 times (x 71B)
Class kotlin.coroutines.jvm.internal.BaseContinuationImpl                             : loaded 2 times (x 87B)
Class kotlin.text.CharsKt__CharJVMKt                                                  : loaded 2 times (x 71B)
Class kotlin.sequences.FilteringSequence                                              : loaded 2 times (x 75B)
Class com.google.devtools.ksp.processing.KspGradleLogger                              : loaded 2 times (x 79B)
Class com.google.common.collect.ImmutableSortedMap$1EntrySet$1                        : loaded 2 times (x 213B)
Class com.google.common.io.Files$FileByteSource                                       : loaded 2 times (x 85B)
Class kotlin.reflect.KFunction                                                        : loaded 2 times (x 70B)
Class kotlin.collections.ArrayDeque                                                   : loaded 2 times (x 207B)
Class [Ldagger.internal.codegen.base.ContributionType;                                : loaded 2 times (x 69B)
Class com.squareup.kotlinpoet.KModifier$Target                                        : loaded 2 times (x 79B)
Class com.google.common.collect.LinkedListMultimap$Node                               : loaded 2 times (x 82B)
Class org.gradle.internal.classpath.ClassPath                                         : loaded 2 times (x 70B)
Class org.jetbrains.kotlin.gradle.plugin.internal.CustomPropertiesFileValueSource$Parameters_Decorated: loaded 2 times (x 130B)
Class com.google.common.cache.CacheBuilder                                            : loaded 2 times (x 72B)
Class com.google.common.io.ByteSink                                                   : loaded 2 times (x 76B)
Class kotlin.collections.SetsKt                                                       : loaded 2 times (x 71B)
Class kotlin.text.StringsKt__IndentKt                                                 : loaded 2 times (x 71B)
Class dagger.internal.codegen.xprocessing.XAnnotationValues$1                         : loaded 2 times (x 84B)
Class kotlin.reflect.KType                                                            : loaded 2 times (x 70B)
Class com.google.common.io.Closer                                                     : loaded 2 times (x 78B)
Class org.gradle.internal.classloader.ClassLoaderSpec                                 : loaded 2 times (x 71B)
Class com.squareup.kotlinpoet.OriginatingElementsHolder                               : loaded 2 times (x 70B)
Class com.google.common.base.ExtraObjectsMethodsForWeb                                : loaded 2 times (x 71B)
Class kotlin.text.StringsKt__StringsJVMKt                                             : loaded 2 times (x 71B)
Class kotlin.collections.IntIterator                                                  : loaded 2 times (x 82B)
Class dagger.internal.codegen.binding.FrameworkTypeMapper$3                           : loaded 2 times (x 71B)
Class dagger.spi.internal.shaded.androidx.room3.compiler.codegen.impl.XParameterSpecImpl$Builder: loaded 2 times (x 78B)
Class jdk.internal.jimage.ImageReader$Directory                                       : loaded 2 times (x 84B)
Class dagger.spi.internal.shaded.androidx.room3.compiler.codegen.kotlin.KotlinParameterSpec$Builder: loaded 2 times (x 78B)
Class kotlin.collections.ReversedListReadOnly                                         : loaded 2 times (x 198B)
Class kotlin.jvm.internal.FunctionReferenceImpl                                       : loaded 2 times (x 122B)
Class kotlin.collections.CollectionsKt___CollectionsJvmKt                             : loaded 2 times (x 71B)
Class com.google.common.cache.CacheStats                                              : loaded 2 times (x 71B)
Class org.jetbrains.kotlin.gradle.plugin.diagnostics.checkers.OverriddenKotlinNativeHomeChecker$StdlibExistenceCheckerValueSource$Params: loaded 2 times (x 70B)
Class kotlin.io.FilesKt__FileReadWriteKt                                              : loaded 2 times (x 71B)
Class jdk.internal.jimage.decompressor.ResourceDecompressor                           : loaded 2 times (x 70B)
Class org.gradle.api.internal.ClassPathRegistry                                       : loaded 2 times (x 70B)
Class org.gradle.internal.classpath.DefaultClassPath$ImmutableUniqueList              : loaded 2 times (x 199B)
Class com.squareup.kotlinpoet.PropertySpec$Builder                                    : loaded 2 times (x 81B)
Class kotlin.TuplesKt                                                                 : loaded 2 times (x 71B)
Class kotlin.jvm.internal.markers.KMutableIterable                                    : loaded 2 times (x 70B)
Class kotlin.sequences.SequencesKt___SequencesJvmKt                                   : loaded 2 times (x 71B)
Class kotlin.Unit                                                                     : loaded 2 times (x 71B)
Class com.google.common.io.LineProcessor                                              : loaded 2 times (x 70B)
Class com.google.common.util.concurrent.AbstractFuture$Listener                       : loaded 2 times (x 72B)
Class com.google.common.io.Closer$Suppressor                                          : loaded 2 times (x 70B)
Class org.gradle.api.internal.classpath.Module$ModuleAlias                            : loaded 2 times (x 70B)
Class com.google.common.primitives.IntsMethodsForWeb                                  : loaded 2 times (x 71B)
Class kotlin.ranges.ClosedRange                                                       : loaded 2 times (x 70B)
Class kotlin.reflect.KProperty                                                        : loaded 2 times (x 70B)
Class kotlin.jvm.internal.Reflection                                                  : loaded 2 times (x 71B)
Class kotlin.jvm.JvmClassMappingKt                                                    : loaded 2 times (x 71B)
Class jdk.internal.jimage.decompressor.Decompressor                                   : loaded 2 times (x 72B)
Class kotlin.ranges.RangesKt                                                          : loaded 2 times (x 71B)
Class org.jetbrains.kotlin.gradle.plugin.diagnostics.checkers.OverriddenKotlinNativeHomeChecker$StdlibExistenceCheckerValueSource$Companion: loaded 2 times (x 71B)
Class org.gradle.internal.classloader.VisitableURLClassLoader                         : loaded 2 times (x 117B)
Class kotlin.annotation.AnnotationTarget                                              : loaded 2 times (x 79B)
Class dagger.internal.codegen.binding.FrameworkTypeMapper$2                           : loaded 2 times (x 80B)
Class dagger.spi.internal.shaded.androidx.room3.compiler.codegen.kotlin.KotlinPropertySpec$Builder: loaded 2 times (x 77B)
Class kotlin.text.RegexKt                                                             : loaded 2 times (x 71B)
Class org.gradle.api.internal.DefaultClassPathRegistry                                : loaded 2 times (x 76B)
Class com.google.common.collect.AbstractMapBasedMultimap$WrappedCollection$WrappedIterator: loaded 2 times (x 84B)
Class com.google.common.cache.RemovalListener                                         : loaded 2 times (x 70B)
Class kotlin.coroutines.intrinsics.IntrinsicsKt__IntrinsicsKt                         : loaded 2 times (x 71B)
Class dagger.spi.internal.shaded.androidx.room3.compiler.codegen.impl.XParameterSpecImpl: loaded 2 times (x 79B)
Class dagger.internal.codegen.xprocessing.Accessibility                               : loaded 2 times (x 71B)
Class [Lkotlin.DeprecationLevel;                                                      : loaded 2 times (x 69B)
Class kotlin.sequences.GeneratorSequence                                              : loaded 2 times (x 75B)
Class kotlin.sequences.FlatteningSequence$iterator$1                                  : loaded 2 times (x 79B)
Class kotlin.collections.ArraysUtilJVM                                                : loaded 2 times (x 71B)
Class kotlin.jvm.functions.Function0                                                  : loaded 2 times (x 70B)
Class org.gradle.internal.Cast                                                        : loaded 2 times (x 71B)
Class org.gradle.api.Action                                                           : loaded 2 times (x 70B)
Class [Lkotlin.reflect.KAnnotatedElement;                                             : loaded 2 times (x 69B)
Class dagger.internal.codegen.binding.FrameworkTypeMapper$1                           : loaded 2 times (x 80B)
Class org.apache.commons.io.filefilter.IOFileFilter                                   : loaded 2 times (x 70B)
Class com.google.common.util.concurrent.AbstractFuture$Cancellation                   : loaded 2 times (x 72B)
Class kotlin.collections.IndexingIterator                                             : loaded 2 times (x 79B)
Class dagger.internal.codegen.binding.FrameworkTypeMapper                             : loaded 2 times (x 80B)
Class org.gradle.internal.classloader.ClasspathUtil                                   : loaded 2 times (x 71B)
Class jdk.internal.jimage.decompressor.ZipDecompressor                                : loaded 2 times (x 75B)
Class com.squareup.kotlinpoet.FunSpec                                                 : loaded 2 times (x 80B)
Class com.squareup.javapoet.FieldSpec                                                 : loaded 2 times (x 72B)
Class kotlin.properties.ReadWriteProperty                                             : loaded 2 times (x 70B)
Class kotlin.collections.AbstractMutableList                                          : loaded 2 times (x 206B)
Class kotlin.jvm.functions.Function1                                                  : loaded 2 times (x 70B)
Class com.google.common.base.Strings                                                  : loaded 2 times (x 71B)
Class com.google.common.base.Ticker                                                   : loaded 2 times (x 72B)
Class com.google.common.cache.Cache                                                   : loaded 2 times (x 70B)
Class com.google.common.cache.LocalCache$Strength                                     : loaded 2 times (x 81B)
Class com.google.common.base.Stopwatch                                                : loaded 2 times (x 72B)
Class kotlin.jvm.internal.PropertyReference                                           : loaded 2 times (x 115B)
Class kotlin.sequences.DistinctIterator                                               : loaded 2 times (x 83B)
Class jdk.internal.jimage.ImageHeader                                                 : loaded 2 times (x 71B)
Class com.google.common.cache.LocalCache$LocalManualCache$1                           : loaded 2 times (x 75B)
Class dagger.spi.internal.shaded.androidx.room3.compiler.codegen.impl.XPropertySpecImpl: loaded 2 times (x 79B)
Class kotlin.jvm.internal.markers.KMutableIterator                                    : loaded 2 times (x 70B)
Class kotlin.jvm.functions.Function2                                                  : loaded 2 times (x 70B)
Class kotlin.KotlinNothingValueException                                              : loaded 2 times (x 82B)
Class com.google.devtools.ksp.processing.KSPConfig                                    : loaded 2 times (x 72B)
Class [Lcom.google.common.cache.LocalCache$Segment;                                   : loaded 2 times (x 69B)
Class [Lcom.google.common.cache.LocalCache$Strength;                                  : loaded 2 times (x 69B)
Class com.google.common.cache.CacheBuilder$1                                          : loaded 2 times (x 85B)
Class org.gradle.internal.classpath.DefaultClassPath$ImmutableUniqueList$Builder      : loaded 2 times (x 75B)
Class com.google.common.base.Platform                                                 : loaded 2 times (x 71B)
Class kotlin.SynchronizedLazyImpl                                                     : loaded 2 times (x 76B)
Class org.gradle.api.internal.classpath.UnknownModuleException                        : loaded 2 times (x 82B)
Class org.jetbrains.kotlin.gradle.internal.IsInIdeaSyncValueSource                    : loaded 2 times (x 78B)
Class com.google.common.cache.Weigher                                                 : loaded 2 times (x 70B)
Class kotlin.internal.ProgressionUtilKt                                               : loaded 2 times (x 71B)
Class kotlin.io.FileAlreadyExistsException                                            : loaded 2 times (x 82B)
Class com.squareup.kotlinpoet.PropertySpec$Companion                                  : loaded 2 times (x 71B)
Class kotlin.jvm.functions.Function3                                                  : loaded 2 times (x 70B)
Class kotlin.io.FileTreeWalk$WalkState                                                : loaded 2 times (x 73B)
Class kotlin.collections.MapsKt___MapsJvmKt                                           : loaded 2 times (x 71B)
Class com.google.common.cache.LocalCache                                              : loaded 2 times (x 187B)
Class com.google.common.cache.CacheBuilder$2                                          : loaded 2 times (x 79B)
Class kotlin.reflect.KMutableProperty                                                 : loaded 2 times (x 70B)
Class kotlin.KotlinVersion                                                            : loaded 2 times (x 74B)
Class com.squareup.kotlinpoet.PropertySpec                                            : loaded 2 times (x 80B)
Class dagger.internal.codegen.xprocessing.XAnnotationValues                           : loaded 2 times (x 71B)
Class kotlin.text.StringsKt__RegexExtensionsKt                                        : loaded 2 times (x 71B)
Class com.google.common.collect.ImmutableSortedMap                                    : loaded 2 times (x 217B)
Class jdk.internal.jrtfs.JrtPath                                                      : loaded 2 times (x 118B)
Class dagger.internal.codegen.xprocessing.XParameterSpecs$Builder                     : loaded 2 times (x 79B)
Class kotlin.annotation.Target                                                        : loaded 2 times (x 70B)
Class kotlin.jvm.functions.Function4                                                  : loaded 2 times (x 70B)
Class kotlin.collections.EmptySet                                                     : loaded 2 times (x 122B)
Class kotlin.collections.CollectionsKt___CollectionsKt                                : loaded 2 times (x 71B)
Class [Lcom.google.common.collect.AbstractMapEntry;                                   : loaded 2 times (x 69B)
Class com.google.common.collect.ImmutableEntry                                        : loaded 2 times (x 82B)
Class com.google.common.cache.CacheBuilder$3                                          : loaded 2 times (x 72B)
Class org.gradle.api.GradleException                                                  : loaded 2 times (x 82B)
Class org.gradle.api.internal.classpath.Module                                        : loaded 2 times (x 70B)
Class kotlin.Function                                                                 : loaded 2 times (x 70B)
Class kotlin.collections.SetsKt__SetsJVMKt                                            : loaded 2 times (x 71B)
Class com.google.common.collect.ArrayListMultimapGwtSerializationDependencies         : loaded 2 times (x 172B)
Class kotlin.collections.ArraysKt__ArraysKt                                           : loaded 2 times (x 71B)
Class kotlin.Result$Failure                                                           : loaded 2 times (x 72B)
Class kotlin.collections.EmptyIterator                                                : loaded 2 times (x 89B)
Class jdk.internal.jimage.ImageStrings                                                : loaded 2 times (x 70B)
Class kotlin.annotation.Retention                                                     : loaded 2 times (x 70B)
Class kotlin.jvm.functions.Function5                                                  : loaded 2 times (x 70B)
Class kotlin.reflect.KDeclarationContainer                                            : loaded 2 times (x 70B)
Class kotlin.text.StringsKt___StringsJvmKt                                            : loaded 2 times (x 71B)
Class jdk.internal.jimage.ImageBufferCache                                            : loaded 2 times (x 71B)
Class kotlin.jvm.internal.SpreadBuilder                                               : loaded 2 times (x 76B)
Class com.google.common.primitives.Ints                                               : loaded 2 times (x 71B)
Class kotlin.ResultKt                                                                 : loaded 2 times (x 71B)
Class com.squareup.kotlinpoet.OriginatingElementsHolderKt                             : loaded 2 times (x 71B)
Class kotlin.text.StringsKt__StringNumberConversionsKt                                : loaded 2 times (x 71B)
Class kotlin.ranges.IntRange                                                          : loaded 2 times (x 93B)
Class org.gradle.api.internal.classpath.DefaultModuleRegistry$DefaultModule           : loaded 2 times (x 82B)
Class jdk.internal.jimage.decompressor.ResourceDecompressorRepository                 : loaded 2 times (x 71B)
Class kotlin.jvm.functions.Function6                                                  : loaded 2 times (x 70B)
Class kotlin.io.FilesKt                                                               : loaded 2 times (x 71B)
Class kotlin.collections.ArraysKt___ArraysKt                                          : loaded 2 times (x 71B)
Class kotlin.collections.MapsKt___MapsKt                                              : loaded 2 times (x 71B)
Class [Lcom.google.common.io.FileWriteMode;                                           : loaded 2 times (x 69B)
Class org.gradle.internal.service.ServiceLookupException                              : loaded 2 times (x 82B)
Class com.google.common.base.Objects                                                  : loaded 2 times (x 71B)
Class kotlin.collections.builders.ListBuilderKt                                       : loaded 2 times (x 71B)
Class dagger.internal.codegen.xprocessing.XPropertySpecs                              : loaded 2 times (x 71B)
Class dagger.internal.codegen.xprocessing.XFunSpecs                                   : loaded 2 times (x 71B)
Class jdk.internal.jimage.ImageBufferCache$2                                          : loaded 2 times (x 91B)
Class jdk.internal.jimage.ImageReader$Node                                            : loaded 2 times (x 84B)
Class kotlin.io.FilesKt__UtilsKt                                                      : loaded 2 times (x 71B)
Class kotlin.collections.CollectionsKt__CollectionsJVMKt                              : loaded 2 times (x 71B)
Class com.google.common.collect.AbstractMapBasedMultimap$KeySet$1                     : loaded 2 times (x 82B)
Class com.google.common.util.concurrent.Uninterruptibles                              : loaded 2 times (x 71B)
Class kotlin.jvm.functions.Function7                                                  : loaded 2 times (x 70B)
Class kotlin.collections.MapsKt__MapWithDefaultKt                                     : loaded 2 times (x 71B)
Class com.google.common.io.Files                                                      : loaded 2 times (x 71B)
Class com.google.common.cache.LocalCache$EntryFactory                                 : loaded 2 times (x 83B)
Class org.jetbrains.kotlin.gradle.plugin.internal.CustomPropertiesFileValueSource     : loaded 2 times (x 82B)
Class kotlin.collections.EmptyList                                                    : loaded 2 times (x 174B)
Class kotlin.collections.MapsKt__MapsJVMKt                                            : loaded 2 times (x 71B)
Class kotlin.jvm.JvmStatic                                                            : loaded 2 times (x 70B)
Class kotlin.collections.ArraysKt___ArraysKt$asSequence$$inlined$Sequence$1           : loaded 2 times (x 75B)
Class kotlin.sequences.SequencesKt___SequencesKt$sortedWith$1                         : loaded 2 times (x 75B)
Class [Lkotlin.annotation.AnnotationRetention;                                        : loaded 2 times (x 69B)
Class kotlin.jvm.functions.Function8                                                  : loaded 2 times (x 70B)
Class kotlin.collections.builders.MapBuilder$Companion                                : loaded 2 times (x 71B)
Class kotlin.text.StringsKt___StringsKt                                               : loaded 2 times (x 71B)
Class kotlin.collections.CollectionsKt__MutableCollectionsJVMKt                       : loaded 2 times (x 71B)
Class kotlin.enums.EnumEntriesKt                                                      : loaded 2 times (x 71B)
Class com.google.common.cache.LocalCache$AbstractReferenceEntry                       : loaded 2 times (x 107B)
Class org.gradle.internal.IoActions                                                   : loaded 2 times (x 71B)
Class kotlin.DeprecationLevel                                                         : loaded 2 times (x 79B)
Class jdk.internal.jimage.ImageBufferCache$1                                          : loaded 2 times (x 83B)
Class org.jetbrains.kotlin.gradle.plugin.diagnostics.IsAttachedToTerminalValueSource$Inject_: loaded 2 times (x 100B)
Class com.google.common.collect.ImmutableSortedMap$1EntrySet                          : loaded 2 times (x 155B)
Class com.google.common.util.concurrent.UncheckedExecutionException                   : loaded 2 times (x 82B)
Class com.google.common.collect.Lists$StringAsImmutableList                           : loaded 2 times (x 207B)
Class com.google.common.io.ByteSink$AsCharSink                                        : loaded 2 times (x 80B)
Class kotlin.coroutines.ContinuationInterceptor$Key                                   : loaded 2 times (x 71B)
Class jdk.internal.jimage.ImageLocation                                               : loaded 2 times (x 90B)
Class [Lkotlin.sequences.Sequence;                                                    : loaded 2 times (x 69B)
Class kotlin.jvm.internal.MutablePropertyReference1Impl                               : loaded 2 times (x 137B)
Class com.google.common.util.concurrent.AbstractFuture$Trusted                        : loaded 2 times (x 70B)
Class kotlin.text.CharsKt                                                             : loaded 2 times (x 71B)
Class com.google.common.collect.Multimaps$CustomSetMultimap                           : loaded 2 times (x 178B)
Class dagger.spi.internal.shaded.androidx.room3.compiler.codegen.java.JavaFunSpecKt   : loaded 2 times (x 71B)
Class kotlin.annotation.MustBeDocumented                                              : loaded 2 times (x 70B)
Class kotlin.jvm.functions.Function10                                                 : loaded 2 times (x 70B)
Class kotlin.jvm.functions.Function9                                                  : loaded 2 times (x 70B)
Class [Lkotlin.reflect.KClassifier;                                                   : loaded 2 times (x 69B)
Class [Lkotlin.LazyThreadSafetyMode;                                                  : loaded 2 times (x 69B)
Class com.google.common.cache.CacheLoader$InvalidCacheLoadException                   : loaded 2 times (x 82B)
Class kotlin.collections.AbstractIterator                                             : loaded 2 times (x 83B)
Class com.squareup.kotlinpoet.OriginatingElements                                     : loaded 2 times (x 75B)
Class org.jetbrains.kotlin.gradle.plugin.diagnostics.KotlinGradleProjectChecker       : loaded 2 times (x 70B)
Class [Lcom.google.common.cache.LocalCache$EntryFactory;                              : loaded 2 times (x 69B)
Class org.jetbrains.kotlin.gradle.internal.IsInIdeaEnvironmentValueSource$Inject_     : loaded 2 times (x 100B)
Class kotlin.coroutines.CoroutineContext$Element                                      : loaded 2 times (x 70B)
Class kotlin.reflect.KCallable                                                        : loaded 2 times (x 70B)
Class kotlin.io.FilesKt__FilePathComponentsKt                                         : loaded 2 times (x 71B)
Class kotlin.io.TerminateException                                                    : loaded 2 times (x 82B)
Class org.gradle.api.internal.classpath.DefaultModuleRegistry                         : loaded 2 times (x 84B)
Class jdk.internal.jimage.BasicImageReader$1                                          : loaded 2 times (x 77B)
Class org.jetbrains.kotlin.gradle.plugin.diagnostics.checkers.OverriddenKotlinNativeHomeChecker$StdlibExistenceCheckerValueSource$Inject_: loaded 2 times (x 109B)
Class dagger.internal.codegen.binding.FrameworkField                                  : loaded 2 times (x 72B)
Class kotlin.jvm.functions.Function11                                                 : loaded 2 times (x 70B)
Class kotlin.jvm.internal.PropertyReference0Impl                                      : loaded 2 times (x 127B)
Class kotlin.reflect.KAnnotatedElement                                                : loaded 2 times (x 70B)
Class kotlin.jvm.internal.markers.KMutableCollection                                  : loaded 2 times (x 70B)
Class kotlin.coroutines.intrinsics.IntrinsicsKt                                       : loaded 2 times (x 71B)
Class kotlin.ranges.IntRange$Companion                                                : loaded 2 times (x 71B)
Class kotlin.collections.EmptyMap                                                     : loaded 2 times (x 108B)
Class kotlin.jvm.internal.Intrinsics                                                  : loaded 2 times (x 71B)
Class com.google.common.cache.LocalCache$StrongEntry                                  : loaded 2 times (x 108B)
Class com.google.common.util.concurrent.AbstractFuture$TrustedFuture                  : loaded 2 times (x 114B)
Class com.google.common.cache.LoadingCache                                            : loaded 2 times (x 70B)
Class com.google.common.cache.LocalCache$2                                            : loaded 2 times (x 142B)
Class kotlin.io.CloseableKt                                                           : loaded 2 times (x 71B)
Class kotlin.collections.CollectionsKt__MutableCollectionsKt                          : loaded 2 times (x 71B)
Class kotlin.reflect.KProperty2                                                       : loaded 2 times (x 70B)
Class kotlin.sequences.GeneratorSequence$iterator$1                                   : loaded 2 times (x 79B)
Class dagger.spi.internal.shaded.androidx.room3.compiler.codegen.java.JavaFunSpec$Builder: loaded 2 times (x 91B)
Class com.google.common.cache.LocalCache$LoadingValueReference                        : loaded 2 times (x 96B)
Class kotlin.LazyThreadSafetyMode                                                     : loaded 2 times (x 79B)
Class kotlin.jvm.internal.ArrayIterator                                               : loaded 2 times (x 79B)
Class com.google.common.cache.LocalCache$1                                            : loaded 2 times (x 89B)
Class com.google.common.collect.ImmutableSortedMap$Builder                            : loaded 2 times (x 90B)
Class kotlin.Pair                                                                     : loaded 2 times (x 72B)
Class jdk.internal.jrtfs.JrtFileSystem                                                : loaded 2 times (x 102B)
Class dagger.internal.codegen.xprocessing.NullableTypeNames                           : loaded 2 times (x 71B)
Class kotlin.jvm.functions.Function12                                                 : loaded 2 times (x 70B)
Class kotlin.coroutines.intrinsics.CoroutineSingletons                                : loaded 2 times (x 79B)
Class kotlin.collections.MapsKt                                                       : loaded 2 times (x 71B)
Class kotlin.collections.CollectionsKt__IterablesKt                                   : loaded 2 times (x 71B)
Class [Lcom.google.common.cache.Weigher;                                              : loaded 2 times (x 69B)
Class kotlin.sequences.TransformingSequence$iterator$1                                : loaded 2 times (x 79B)
Class kotlin.reflect.KClass                                                           : loaded 2 times (x 70B)
Class kotlin.reflect.KProperty1                                                       : loaded 2 times (x 70B)
Class dagger.internal.codegen.binding.FrameworkType                                   : loaded 2 times (x 84B)
Class jdk.internal.jrtfs.JrtFileSystemProvider                                        : loaded 2 times (x 101B)
Class dagger.internal.codegen.xprocessing.XParameterSpecs                             : loaded 2 times (x 71B)
Class org.gradle.internal.service.ServiceLocator                                      : loaded 2 times (x 70B)
Class kotlin.collections.IndexedValue                                                 : loaded 2 times (x 72B)
Class jdk.internal.jimage.decompressor.CompressedResourceHeader                       : loaded 2 times (x 71B)
Class kotlin.text.Charsets                                                            : loaded 2 times (x 71B)
Class kotlin.jvm.functions.Function13                                                 : loaded 2 times (x 70B)
Class kotlin.sequences.SequenceBuilderIterator                                        : loaded 2 times (x 85B)
Class kotlin.ranges.OpenEndRange                                                      : loaded 2 times (x 70B)
Class kotlin.KotlinNullPointerException                                               : loaded 2 times (x 83B)
Class org.jetbrains.kotlin.gradle.plugin.diagnostics.checkers.OverriddenKotlinNativeHomeChecker$StdlibExistenceCheckerValueSource: loaded 2 times (x 78B)
Class kotlin.Result                                                                   : loaded 2 times (x 72B)
Class kotlin.reflect.KProperty0                                                       : loaded 2 times (x 70B)
Class kotlin.KotlinVersionCurrentValue                                                : loaded 2 times (x 71B)
Class kotlin.collections.builders.MapBuilder$Itr                                      : loaded 2 times (x 72B)
Class com.google.common.base.MoreObjects                                              : loaded 2 times (x 71B)
Class kotlin.collections.CollectionsKt__IteratorsJVMKt                                : loaded 2 times (x 71B)
Class kotlin.comparisons.ComparisonsKt___ComparisonsJvmKt                             : loaded 2 times (x 71B)
Class com.google.common.cache.CacheLoader$FunctionToCacheLoader                       : loaded 2 times (x 75B)
Class kotlin.enums.EnumEntriesList                                                    : loaded 2 times (x 223B)
Class kotlin.jvm.internal.FunctionBase                                                : loaded 2 times (x 70B)
Class [Lkotlin.coroutines.intrinsics.CoroutineSingletons;                             : loaded 2 times (x 69B)
Class kotlin.jvm.internal.FunctionReference                                           : loaded 2 times (x 122B)
Class kotlin.jvm.functions.Function14                                                 : loaded 2 times (x 70B)
Class kotlin.ranges.RangesKt___RangesKt                                               : loaded 2 times (x 71B)
Class com.google.common.cache.LocalCache$ValueReference                               : loaded 2 times (x 70B)
Class [Lkotlin.annotation.AnnotationTarget;                                           : loaded 2 times (x 69B)
Class dagger.spi.internal.shaded.androidx.room3.compiler.codegen.java.JavaParameterSpec$Builder: loaded 2 times (x 78B)
Class org.gradle.internal.classloader.ClassLoaderFactory                              : loaded 2 times (x 70B)
Class org.gradle.internal.classloader.InstrumentingClassLoader                        : loaded 2 times (x 70B)
Class org.gradle.internal.classpath.TransformedClassPath                              : loaded 2 times (x 96B)
Class com.google.common.cache.CacheBuilder$NullListener                               : loaded 2 times (x 82B)
Class kotlin._Assertions                                                              : loaded 2 times (x 71B)
Class kotlin.text.Regex$Companion                                                     : loaded 2 times (x 71B)
Class com.google.common.cache.LocalCache$Strength$3                                   : loaded 2 times (x 81B)
Class kotlin.collections.CollectionsKt__CollectionsKt                                 : loaded 2 times (x 71B)
Class kotlin.sequences.SequencesKt                                                    : loaded 2 times (x 71B)
Class kotlin.coroutines.jvm.internal.Boxing                                           : loaded 2 times (x 71B)
Class kotlin.collections.ArrayDeque$Companion                                         : loaded 2 times (x 71B)
Class kotlin.jvm.functions.Function15                                                 : loaded 2 times (x 70B)
Class kotlin.text.CharsKt__CharKt                                                     : loaded 2 times (x 71B)
Class kotlin.collections.ArraysKt                                                     : loaded 2 times (x 71B)
Class com.google.common.util.concurrent.AbstractFuture$Failure                        : loaded 2 times (x 72B)
Class com.google.common.base.PatternCompiler                                          : loaded 2 times (x 70B)
Class kotlin.collections.ArraysKt___ArraysJvmKt                                       : loaded 2 times (x 71B)
Class kotlin.text.StringsKt__RegexExtensionsJVMKt                                     : loaded 2 times (x 71B)
Class kotlin.reflect.KTypeParameter                                                   : loaded 2 times (x 70B)
Class com.google.common.cache.CacheBuilder$OneWeigher                                 : loaded 2 times (x 82B)
Class com.google.common.cache.LocalCache$Strength$2                                   : loaded 2 times (x 81B)
Class com.google.common.util.concurrent.SettableFuture                                : loaded 2 times (x 114B)
Class kotlin.coroutines.jvm.internal.ContinuationImpl                                 : loaded 2 times (x 87B)
Class kotlin.coroutines.jvm.internal.SuspendLambda                                    : loaded 2 times (x 91B)
Class kotlin.collections.MapWithDefault                                               : loaded 2 times (x 70B)
Class kotlin.jvm.functions.Function22                                                 : loaded 2 times (x 70B)
Class kotlin.annotation.AnnotationRetention                                           : loaded 2 times (x 79B)
Class org.apache.commons.io.file.PathFilter                                           : loaded 2 times (x 70B)
Class [Lcom.google.common.collect.ImmutableEntry;                                     : loaded 2 times (x 69B)
Class kotlin.LazyKt__LazyJVMKt$WhenMappings                                           : loaded 2 times (x 71B)
Class kotlin.jvm.functions.Function16                                                 : loaded 2 times (x 70B)
Class kotlin.coroutines.EmptyCoroutineContext                                         : loaded 2 times (x 77B)
Class kotlin.collections.SetsKt__SetsKt                                               : loaded 2 times (x 71B)
Class kotlin.LazyKt                                                                   : loaded 2 times (x 71B)
Class com.google.common.io.CharSink                                                   : loaded 2 times (x 79B)
Class [Lcom.squareup.kotlinpoet.KModifier$Target;                                     : loaded 2 times (x 69B)
Class kotlin.UnsafeLazyImpl                                                           : loaded 2 times (x 76B)
Class com.google.common.cache.LocalCache$LocalManualCache                             : loaded 2 times (x 99B)
Class org.jetbrains.kotlin.gradle.tasks.KotlinCompile$ScriptFilterSpec                : loaded 2 times (x 75B)
Class com.google.common.cache.LocalCache$Strength$1                                   : loaded 2 times (x 81B)
Class kotlin.jvm.functions.Function21                                                 : loaded 2 times (x 70B)
Class kotlin.jvm.internal.MutablePropertyReference                                    : loaded 2 times (x 119B)
Class dagger.internal.codegen.binding.DependencyVariableNamer                         : loaded 2 times (x 71B)
Class kotlin.InitializedLazyImpl                                                      : loaded 2 times (x 76B)
Class kotlin.jvm.functions.Function17                                                 : loaded 2 times (x 70B)
Class kotlin.collections.ArraysKt__ArraysJVMKt                                        : loaded 2 times (x 71B)
Class com.google.common.collect.Table                                                 : loaded 2 times (x 70B)
Class com.google.common.cache.LocalCache$EntryFactory$1                               : loaded 2 times (x 83B)
Class [Lcom.google.common.cache.RemovalListener;                                      : loaded 2 times (x 69B)
Class org.gradle.internal.service.CachingServiceLocator                               : loaded 2 times (x 82B)
Class kotlin.collections.CollectionsKt__IteratorsKt                                   : loaded 2 times (x 71B)
Class com.google.common.util.concurrent.ListenableFuture                              : loaded 2 times (x 70B)
Class org.gradle.internal.service.UnknownServiceException                             : loaded 2 times (x 83B)
Class dagger.spi.internal.shaded.androidx.room3.compiler.codegen.impl.XPropertySpecImpl$Builder: loaded 2 times (x 77B)
Class kotlin.jvm.functions.Function18                                                 : loaded 2 times (x 70B)
Class kotlin.jvm.internal.CallableReference$NoReceiver                                : loaded 2 times (x 71B)
Class kotlin.text.StringsKt__StringBuilderKt                                          : loaded 2 times (x 71B)
Class com.google.common.cache.LocalCache$EntryFactory$2                               : loaded 2 times (x 83B)
Class com.google.common.cache.LocalCache$LocalLoadingCache                            : loaded 2 times (x 134B)
Class kotlin.collections.CollectionsKt___CollectionsKt$asSequence$$inlined$Sequence$1 : loaded 2 times (x 75B)
Class kotlin.jvm.functions.Function20                                                 : loaded 2 times (x 70B)
Class dagger.spi.internal.shaded.androidx.room3.compiler.codegen.kotlin.KotlinFunSpecKt$WhenMappings: loaded 2 times (x 71B)
Class dagger.spi.internal.shaded.androidx.room3.compiler.codegen.java.JavaPropertySpec: loaded 2 times (x 78B)
Class com.google.common.collect.Lists                                                 : loaded 2 times (x 71B)
Class org.gradle.api.internal.ClassPathProvider                                       : loaded 2 times (x 70B)
Class [Lorg.gradle.api.internal.ClassPathProvider;                                    : loaded 2 times (x 69B)
Class kotlin.sequences.Sequence                                                       : loaded 2 times (x 70B)
Class kotlin.text.StringsKt__StringNumberConversionsJVMKt                             : loaded 2 times (x 71B)
Class kotlin.sequences.SequenceScope                                                  : loaded 2 times (x 73B)
Class dagger.spi.internal.shaded.androidx.room3.compiler.codegen.XFunSpec$Companion   : loaded 2 times (x 71B)
Class com.squareup.kotlinpoet.ParameterSpec$Builder                                   : loaded 2 times (x 77B)
Class kotlin.reflect.KMutableProperty$Setter                                          : loaded 2 times (x 70B)
Class kotlin.jvm.functions.Function19                                                 : loaded 2 times (x 70B)
Class kotlin.Lazy                                                                     : loaded 2 times (x 70B)
Class kotlin.NoWhenBranchMatchedException                                             : loaded 2 times (x 82B)
Class com.google.common.cache.LocalCache$EntryFactory$3                               : loaded 2 times (x 83B)
Class com.google.common.base.Ticker$1                                                 : loaded 2 times (x 72B)
Class com.google.common.collect.Multimaps                                             : loaded 2 times (x 71B)
Class com.google.common.cache.ReferenceEntry                                          : loaded 2 times (x 70B)
Class kotlin.enums.EnumEntries                                                        : loaded 2 times (x 70B)
Class org.gradle.api.internal.DefaultClassPathProvider                                : loaded 2 times (x 76B)
Class com.google.common.collect.ImmutableSet$SerializedForm                           : loaded 2 times (x 73B)
Class kotlin.jvm.internal.AdaptedFunctionReference                                    : loaded 2 times (x 77B)
Class [Lkotlin.reflect.KCallable;                                                     : loaded 2 times (x 69B)
Class kotlin.reflect.KProperty$Accessor                                               : loaded 2 times (x 70B)
Class kotlin.jvm.internal.ArrayIteratorKt                                             : loaded 2 times (x 71B)
Class dagger.internal.codegen.base.UniqueNameSet                                      : loaded 2 times (x 72B)
Class dagger.internal.codegen.binding.FrameworkType$2                                 : loaded 2 times (x 84B)
Class kotlin.jvm.internal.CallableReference                                           : loaded 2 times (x 106B)
Class kotlin.text.StringsKt__AppendableKt                                             : loaded 2 times (x 71B)
Class com.squareup.javapoet.FieldSpec$Builder                                         : loaded 2 times (x 72B)
Class kotlin.jvm.internal.markers.KMutableSet                                         : loaded 2 times (x 70B)
Class com.squareup.kotlinpoet.ParameterSpec$Companion                                 : loaded 2 times (x 71B)
Class com.google.common.cache.LocalCache$EntryFactory$4                               : loaded 2 times (x 83B)
Class org.jetbrains.kotlin.gradle.plugin.diagnostics.IsAttachedToTerminalValueSource  : loaded 2 times (x 80B)
Class kotlin.coroutines.ContinuationInterceptor                                       : loaded 2 times (x 70B)
Class [Ldagger.internal.codegen.binding.FrameworkTypeMapper;                          : loaded 2 times (x 69B)
Class dagger.internal.codegen.binding.FrameworkType$1                                 : loaded 2 times (x 84B)
Class kotlin.jvm.internal.PropertyReference0                                          : loaded 2 times (x 127B)
Class kotlin.collections.AbstractList$IteratorImpl                                    : loaded 2 times (x 82B)
Class com.squareup.kotlinpoet.ParameterSpecKt                                         : loaded 2 times (x 71B)
Class dagger.spi.internal.shaded.androidx.room3.compiler.codegen.XParameterSpec$Companion: loaded 2 times (x 71B)
Class com.google.common.cache.LocalCache$EntryFactory$5                               : loaded 2 times (x 83B)
Class com.google.common.collect.AbstractMapBasedMultimap$KeySet                       : loaded 2 times (x 137B)
Class org.gradle.api.specs.Spec                                                       : loaded 2 times (x 70B)
Class com.google.common.collect.AbstractMapBasedMultimap$WrappedSet                   : loaded 2 times (x 142B)
Class com.google.common.util.concurrent.LazyLogger                                    : loaded 2 times (x 72B)
Class kotlin.io.FileTreeWalk$FileTreeWalkIterator                                     : loaded 2 times (x 83B)
Class kotlin.jvm.internal.PropertyReference1                                          : loaded 2 times (x 127B)
Class [Lcom.squareup.kotlinpoet.KModifier;                                            : loaded 2 times (x 69B)
Class com.squareup.kotlinpoet.KModifier                                               : loaded 2 times (x 79B)
Class [Lkotlin.reflect.KProperty;                                                     : loaded 2 times (x 69B)
Class kotlin.jvm.internal.markers.KMappedMarker                                       : loaded 2 times (x 70B)
Class com.google.common.cache.LocalCache$EntryFactory$6                               : loaded 2 times (x 83B)
Class org.jetbrains.kotlin.gradle.plugin.internal.CustomPropertiesFileValueSource$Parameters: loaded 2 times (x 70B)
Class org.gradle.internal.installation.CurrentGradleInstallationLocator               : loaded 2 times (x 71B)
Class org.jetbrains.kotlin.gradle.plugin.diagnostics.checkers.OverriddenKotlinNativeHomeChecker$StdlibExistenceCheckerValueSource$Params_Decorated: loaded 2 times (x 130B)
Class kotlin.sequences.SequencesKt___SequencesKt$flatMap$2                            : loaded 2 times (x 125B)
Class dagger.internal.codegen.xprocessing.XPropertySpecs$1                            : loaded 2 times (x 71B)
Class [Ldagger.internal.codegen.xprocessing.XFunSpecs$Builder$Kind;                   : loaded 2 times (x 69B)
Class kotlin.sequences.DistinctSequence                                               : loaded 2 times (x 75B)
Class org.jetbrains.kotlin.gradle.internal.IsInIdeaSyncValueSource$Inject_            : loaded 2 times (x 109B)
Class kotlin.jvm.internal.DefaultConstructorMarker                                    : loaded 2 times (x 71B)
Class kotlin.collections.AbstractList$Companion                                       : loaded 2 times (x 71B)
Class kotlin.sequences.SequencesKt___SequencesKt                                      : loaded 2 times (x 71B)
Class kotlin.text.StringsKt                                                           : loaded 2 times (x 71B)
Class [Ldagger.internal.codegen.binding.FrameworkType;                                : loaded 2 times (x 69B)
Class kotlin.coroutines.jvm.internal.SpillingKt                                       : loaded 2 times (x 71B)
Class [Lkotlin.io.FileWalkDirection;                                                  : loaded 2 times (x 69B)
Class com.google.common.collect.Maps$KeySet                                           : loaded 2 times (x 137B)
Class com.google.common.cache.LocalCache$EntryFactory$7                               : loaded 2 times (x 83B)
Class org.gradle.internal.service.DefaultServiceLocator                               : loaded 2 times (x 83B)
Class kotlin.KotlinVersion$Companion                                                  : loaded 2 times (x 71B)
Class kotlin.sequences.SequencesKt___SequencesKt$flatMap$1                            : loaded 2 times (x 125B)
Class com.google.common.util.concurrent.AbstractFuture                                : loaded 2 times (x 106B)
Class kotlin.properties.ReadOnlyProperty                                              : loaded 2 times (x 70B)
Class kotlin.sequences.EmptySequence                                                  : loaded 2 times (x 78B)
Class kotlin.jvm.internal.markers.KMutableMap                                         : loaded 2 times (x 70B)
Class org.gradle.internal.classloader.DefaultClassLoaderFactory                       : loaded 2 times (x 82B)
Class [Lcom.google.common.cache.CacheBuilder$OneWeigher;                              : loaded 2 times (x 69B)
Class com.google.common.base.Platform$JdkPatternCompiler                              : loaded 2 times (x 75B)
Class [Lkotlin.reflect.KClass;                                                        : loaded 2 times (x 69B)
Class com.squareup.kotlinpoet.ParameterSpec                                           : loaded 2 times (x 77B)
Class dagger.internal.codegen.writing.FactoryGenerator$FactoryFields                  : loaded 2 times (x 72B)
Class kotlin.reflect.KMutableProperty0                                                : loaded 2 times (x 70B)
Class kotlin.reflect.KClassifier                                                      : loaded 2 times (x 70B)
Class kotlin.io.FileTreeWalk                                                          : loaded 2 times (x 75B)
Class kotlin.coroutines.jvm.internal.SuspendFunction                                  : loaded 2 times (x 70B)
Class com.google.common.cache.LocalCache$EntryFactory$8                               : loaded 2 times (x 83B)
Class org.gradle.internal.installation.CurrentGradleInstallation                      : loaded 2 times (x 73B)
Class dagger.internal.codegen.xprocessing.XFunSpecs$Builder                           : loaded 2 times (x 115B)
Class kotlin.coroutines.jvm.internal.RestrictedContinuationImpl                       : loaded 2 times (x 87B)
Class org.objectweb.asm.ClassVisitor                                                  : loaded 2 times (x 88B)
Class com.google.common.collect.TransformedListIterator                               : loaded 2 times (x 93B)
Class kotlin.sequences.TransformingSequence                                           : loaded 2 times (x 75B)
Class jdk.internal.jimage.decompressor.StringSharingDecompressorFactory               : loaded 2 times (x 74B)
Class kotlin.ranges.IntProgression$Companion                                          : loaded 2 times (x 71B)
Class kotlin.coroutines.CoroutineContext$Key                                          : loaded 2 times (x 70B)
Class dagger.spi.internal.shaded.androidx.room3.compiler.codegen.java.JavaFunSpecKt$WhenMappings: loaded 2 times (x 71B)
Class kotlin.jvm.internal.Ref$BooleanRef                                              : loaded 2 times (x 71B)
Class kotlin.jvm.internal.StringCompanionObject                                       : loaded 2 times (x 71B)
Class kotlin.reflect.KMutableProperty1                                                : loaded 2 times (x 70B)
Class kotlin.coroutines.intrinsics.IntrinsicsKt__IntrinsicsJvmKt                      : loaded 2 times (x 71B)
Class kotlin.coroutines.jvm.internal.CoroutineStackFrame                              : loaded 2 times (x 70B)
Class com.google.common.collect.ForwardingObject                                      : loaded 2 times (x 72B)
Class com.google.common.cache.CacheLoader$1                                           : loaded 2 times (x 75B)
Class org.gradle.util.internal.GUtil                                                  : loaded 2 times (x 71B)
Class kotlin.collections.builders.MapBuilder                                          : loaded 2 times (x 112B)
Class kotlin.LazyKt__LazyJVMKt                                                        : loaded 2 times (x 71B)
Class com.google.common.cache.CacheLoader$SupplierToCacheLoader                       : loaded 2 times (x 75B)
Class org.jetbrains.kotlin.gradle.utils.ConfigurationCacheOpaqueValueSource           : loaded 2 times (x 79B)
Class com.google.common.util.concurrent.ExecutionError                                : loaded 2 times (x 82B)
Class kotlin.reflect.KMutableProperty2                                                : loaded 2 times (x 70B)
Class kotlin.io.NoSuchFileException                                                   : loaded 2 times (x 82B)
Class kotlin.collections.CollectionsKt                                                : loaded 2 times (x 71B)
Class com.google.common.io.ByteSource                                                 : loaded 2 times (x 84B)
Class com.google.common.cache.AbstractCache$StatsCounter                              : loaded 2 times (x 70B)
Class kotlin.SafePublicationLazyImpl$Companion                                        : loaded 2 times (x 71B)
Class kotlin.jvm.internal.PropertyReference1Impl                                      : loaded 2 times (x 127B)
Class kotlin.jvm.internal.MutablePropertyReference1                                   : loaded 2 times (x 137B)
Class org.jetbrains.kotlin.gradle.internal.IsInIdeaEnvironmentValueSource             : loaded 2 times (x 80B)
Class kotlin.io.FileSystemException                                                   : loaded 2 times (x 82B)
Class org.gradle.internal.classloader.ClassLoaderHierarchy                            : loaded 2 times (x 70B)
Class com.google.common.collect.SortedSetMultimap                                     : loaded 2 times (x 70B)
Class com.google.common.io.FileWriteMode                                              : loaded 2 times (x 79B)
Class kotlin.collections.CollectionsKt__ReversedViewsKt                               : loaded 2 times (x 71B)
Class kotlin.sequences.SequencesKt__SequenceBuilderKt                                 : loaded 2 times (x 71B)
Class kotlin.ranges.IntProgressionIterator                                            : loaded 2 times (x 82B)
Class kotlin.coroutines.jvm.internal.DebugProbesKt                                    : loaded 2 times (x 71B)
Class kotlin.coroutines.CoroutineContext                                              : loaded 2 times (x 70B)
Class org.gradle.internal.installation.GradleInstallation                             : loaded 2 times (x 75B)
Class kotlin.sequences.FilteringSequence$iterator$1                                   : loaded 2 times (x 79B)
Class kotlin.jvm.internal.CollectionToArray                                           : loaded 2 times (x 71B)
Class kotlin.io.FilesKt__FileTreeWalkKt                                               : loaded 2 times (x 71B)
Class dagger.spi.internal.shaded.androidx.room3.compiler.codegen.XPropertySpec$Companion: loaded 2 times (x 71B)
Class com.squareup.kotlinpoet.OriginatingElementsHolder$Builder                       : loaded 2 times (x 70B)
Class jdk.internal.jimage.BasicImageReader                                            : loaded 2 times (x 95B)
Class com.google.common.cache.CacheLoader$UnsupportedLoadingOperationException        : loaded 2 times (x 82B)
Class org.gradle.internal.classloader.FilteringClassLoader                            : loaded 2 times (x 105B)
Class org.jetbrains.kotlin.gradle.plugin.internal.CustomPropertiesFileValueSource$Inject_: loaded 2 times (x 113B)
Class kotlin.NotImplementedError                                                      : loaded 2 times (x 82B)
Class kotlin.collections.IndexingIterable                                             : loaded 2 times (x 79B)
Class jdk.internal.jimage.decompressor.ResourceDecompressor$StringsProvider           : loaded 2 times (x 70B)
Class kotlin.text.StringsKt__StringsKt                                                : loaded 2 times (x 71B)
Class kotlin.coroutines.jvm.internal.CompletedContinuation                            : loaded 2 times (x 75B)
Class kotlin.sequences.DropTakeSequence                                               : loaded 2 times (x 70B)
Class kotlin.sequences.FlatteningSequence                                             : loaded 2 times (x 75B)
Class dagger.spi.internal.shaded.androidx.room3.compiler.codegen.kotlin.KotlinPropertySpec: loaded 2 times (x 78B)
Class kotlin.io.FileWalkDirection                                                     : loaded 2 times (x 79B)
Class kotlin.jvm.KotlinReflectionNotSupportedError                                    : loaded 2 times (x 82B)
Class kotlin.ranges.IntProgression                                                    : loaded 2 times (x 81B)
Class org.jetbrains.kotlin.gradle.plugin.diagnostics.checkers.OverriddenKotlinNativeHomeChecker: loaded 2 times (x 74B)

---------------  S Y S T E M  ---------------

OS:
 Windows 11 , 64 bit Build 26100 (10.0.26100.7653)
OS uptime: 0 days 12:34 hours
Hyper-V role detected

CPU: total 12 (initial active 12) (6 cores per cpu, 2 threads per core) family 6 model 154 stepping 3 microcode 0x41c, cx8, cmov, fxsr, ht, mmx, 3dnowpref, sse, sse2, sse3, ssse3, sse4.1, sse4.2, popcnt, lzcnt, tsc, tscinvbit, avx, avx2, aes, erms, clmul, bmi1, bmi2, adx, sha, fma, vzeroupper, clflush, clflushopt, clwb, hv, serialize, rdtscp, rdpid, fsrm, f16c, cet_ibt, cet_ss
Processor Information for processor 0
  Max Mhz: 2000, Current Mhz: 2000, Mhz Limit: 2000
Processor Information for processor 1
  Max Mhz: 2000, Current Mhz: 2000, Mhz Limit: 2000
Processor Information for processor 2
  Max Mhz: 2000, Current Mhz: 2000, Mhz Limit: 2000
Processor Information for processor 3
  Max Mhz: 2000, Current Mhz: 2000, Mhz Limit: 2000
Processor Information for processor 4
  Max Mhz: 2000, Current Mhz: 2000, Mhz Limit: 2000
Processor Information for processor 5
  Max Mhz: 2000, Current Mhz: 2000, Mhz Limit: 2000
Processor Information for processor 6
  Max Mhz: 2000, Current Mhz: 2000, Mhz Limit: 2000
Processor Information for processor 7
  Max Mhz: 2000, Current Mhz: 2000, Mhz Limit: 2000
Processor Information for processor 8
  Max Mhz: 2000, Current Mhz: 1500, Mhz Limit: 1500
Processor Information for processor 9
  Max Mhz: 2000, Current Mhz: 1500, Mhz Limit: 1500
Processor Information for processor 10
  Max Mhz: 2000, Current Mhz: 1500, Mhz Limit: 1500
Processor Information for processor 11
  Max Mhz: 2000, Current Mhz: 1500, Mhz Limit: 1500

Memory: 4k page, system-wide physical 16005M (1445M free)
TotalPageFile size 28677M (AvailPageFile size 9M)
current process WorkingSet (physical memory assigned to process): 2680M, peak: 2680M
current process commit charge ("private bytes"): 2723M, peak: 2724M

vm_info: OpenJDK 64-Bit Server VM (21.0.10+-14961533-b1163.108) for windows-amd64 JRE (21.0.10+-14961533-b1163.108), built on 2026-03-02T19:58:50Z by "builder" with MS VC++ 16.10 / 16.11 (VS2019)

END.
