#
# There is insufficient memory for the Java Runtime Environment to continue.
# Native memory allocation (malloc) failed to allocate 991072 bytes. Error detail: Chunk::new
# Possible reasons:
#   The system is out of physical RAM or swap space
#   This process is running with CompressedOops enabled, and the Java Heap may be blocking the growth of the native heap
# Possible solutions:
#   Reduce memory load on the system
#   Increase physical memory or swap space
#   Check if swap backing store is full
#   Decrease Java heap size (-Xmx/-Xms)
#   Decrease number of Java threads
#   Decrease Java thread stack sizes (-Xss)
#   Set larger code cache with -XX:ReservedCodeCacheSize=
#   JVM is running with Unscaled Compressed Oops mode in which the Java heap is
#     placed in the first 4GB address space. The Java Heap base address is the
#     maximum limit for the native heap growth. Please use -XX:HeapBaseMinAddress
#     to set the Java Heap base and to place the Java Heap above 4GB virtual address.
# This output file may be truncated or incomplete.
#
#  Out of Memory Error (arena.cpp:168), pid=20496, tid=13596
#
# JRE version: OpenJDK Runtime Environment (21.0.10) (build 21.0.10+-14961533-b1163.108)
# Java VM: OpenJDK 64-Bit Server VM (21.0.10+-14961533-b1163.108, mixed mode, tiered, compressed oops, compressed class ptrs, g1 gc, windows-amd64)
# No core dump will be written. Minidumps are not enabled by default on client versions of Windows
#

---------------  S U M M A R Y ------------

Command Line: --add-opens=java.base/java.lang=ALL-UNNAMED --add-opens=java.base/java.lang.invoke=ALL-UNNAMED --add-opens=java.base/java.util=ALL-UNNAMED --add-opens=java.prefs/java.util.prefs=ALL-UNNAMED --add-exports=jdk.compiler/com.sun.tools.javac.api=ALL-UNNAMED --add-exports=jdk.compiler/com.sun.tools.javac.util=ALL-UNNAMED --add-opens=java.base/java.util=ALL-UNNAMED --add-opens=java.prefs/java.util.prefs=ALL-UNNAMED --add-opens=java.base/java.nio.charset=ALL-UNNAMED --add-opens=java.base/java.net=ALL-UNNAMED --add-opens=java.base/java.util.concurrent=ALL-UNNAMED --add-opens=java.base/java.util.concurrent.atomic=ALL-UNNAMED --add-opens=java.xml/javax.xml.namespace=ALL-UNNAMED --add-opens=java.base/java.time=ALL-UNNAMED -Xmx2048m -Dfile.encoding=UTF-8 -Duser.country=US -Duser.language=en -Duser.variant -javaagent:C:\Users\Hazem\.gradle\wrapper\dists\gradle-9.4.1-bin\arn2x92ynaizyzdaamcbpbhtj\gradle-9.4.1\lib\agents\gradle-instrumentation-agent-9.4.1.jar org.gradle.launcher.daemon.bootstrap.GradleDaemon 9.4.1

Host: 12th Gen Intel(R) Core(TM) i5-12450H, 12 cores, 15G,  Windows 11 , 64 bit Build 26100 (10.0.26100.7653)
Time: Tue Jun 30 22:55:38 2026 Egypt Daylight Time elapsed time: 45.085455 seconds (0d 0h 0m 45s)

---------------  T H R E A D  ---------------

Current thread (0x0000022f41863e20):  JavaThread "C2 CompilerThread1" daemon [_thread_in_native, id=13596, stack(0x000000bfc6300000,0x000000bfc6400000) (1024K)]


Current CompileTask:
C2:45085 26297       4       com.android.tools.r8.internal.ji1::remove (1719 bytes)

Stack: [0x000000bfc6300000,0x000000bfc6400000]
Native frames: (J=compiled Java code, j=interpreted, Vv=VM code, C=native code)
V  [jvm.dll+0x6d78a9]
V  [jvm.dll+0x8665b3]
V  [jvm.dll+0x868bde]
V  [jvm.dll+0x8692c3]
V  [jvm.dll+0x280ee6]
V  [jvm.dll+0xc07cd]
V  [jvm.dll+0xc0d03]
V  [jvm.dll+0x3ba0cb]
V  [jvm.dll+0x1e0052]
V  [jvm.dll+0x249d24]
V  [jvm.dll+0x2491a1]
V  [jvm.dll+0x1c76e4]
V  [jvm.dll+0x25891e]
V  [jvm.dll+0x256e66]
V  [jvm.dll+0x3f513e]
V  [jvm.dll+0x80fd28]
V  [jvm.dll+0x6d60fd]
C  [ucrtbase.dll+0x37b0]
C  [KERNEL32.DLL+0x2e8d7]
C  [ntdll.dll+0x8c40c]


---------------  P R O C E S S  ---------------

Threads class SMR info:
_java_thread_list=0x0000022f49766710, length=107, elements={
0x0000022f1e9b0980, 0x0000022f365e7790, 0x0000022f36613660, 0x0000022f36617040,
0x0000022f366309a0, 0x0000022f36631400, 0x0000022f365fad50, 0x0000022f365fc7c0,
0x0000022f365fd550, 0x0000022f36639e70, 0x0000022f3b0e2670, 0x0000022f3c1354c0,
0x0000022f3bea7060, 0x0000022f3ce94010, 0x0000022f3d019660, 0x0000022f3d57b8c0,
0x0000022f3cefbf60, 0x0000022f3d3c48e0, 0x0000022f3d3c7040, 0x0000022f3d3c5c90,
0x0000022f3d3c6320, 0x0000022f3d3c76d0, 0x0000022f3d3c69b0, 0x0000022f3d3c4f70,
0x0000022f3c9b1ec0, 0x0000022f3c9b3900, 0x0000022f3c9b2550, 0x0000022f3c9b1830,
0x0000022f3c9b0b10, 0x0000022f3c9b3270, 0x0000022f3c9b4620, 0x0000022f3c9b11a0,
0x0000022f3c9b5340, 0x0000022f3c9b59d0, 0x0000022f3c9b6060, 0x0000022f3c9b7aa0,
0x0000022f3c9b66f0, 0x0000022f3c9b6d80, 0x0000022f40486160, 0x0000022f40485440,
0x0000022f40485ad0, 0x0000022f40484720, 0x0000022f40484090, 0x0000022f404867f0,
0x0000022f40488230, 0x0000022f40487510, 0x0000022f40487ba0, 0x0000022f40484db0,
0x0000022f4048a990, 0x0000022f40489c70, 0x0000022f404888c0, 0x0000022f4048a300,
0x0000022f40488f50, 0x0000022f4048b020, 0x0000022f4048b6b0, 0x0000022f3c9b7410,
0x0000022f4162c750, 0x0000022f3f57a4c0, 0x0000022f3f5797a0, 0x0000022f3f033040,
0x0000022f3f031600, 0x0000022f3f02fbc0, 0x0000022f3f02f530, 0x0000022f41811630,
0x0000022f41812350, 0x0000022f4162ad10, 0x0000022f3f5783f0, 0x0000022f3f57ab50,
0x0000022f3f57cc20, 0x0000022f3e646990, 0x0000022f3f030f70, 0x0000022f3f0357a0,
0x0000022f4a060700, 0x0000022f4a060d90, 0x0000022f4a05dfa0, 0x0000022f4162db00,
0x0000022f3f034a80, 0x0000022f41ef7830, 0x0000022f41ef8550, 0x0000022f41ef9900,
0x0000022f4180fbf0, 0x0000022f418164f0, 0x0000022f41813d90, 0x0000022f41815e60,
0x0000022f41813070, 0x0000022f41815140, 0x0000022f41813700, 0x0000022f41814420,
0x0000022f41814ab0, 0x0000022f3e6455e0, 0x0000022f3e644230, 0x0000022f3e645c70,
0x0000022f3e6427f0, 0x0000022f3e646300, 0x0000022f3e647d40, 0x0000022f3e644f50,
0x0000022f3e6483d0, 0x0000022f3e647020, 0x0000022f3e6476b0, 0x0000022f3e648a60,
0x0000022f4a05e630, 0x0000022f41e12130, 0x0000022f41863e20, 0x0000022f43863350,
0x0000022f43864070, 0x0000022f43864d90, 0x0000022f43862cc0
}

Java Threads: ( => current thread )
  0x0000022f1e9b0980 JavaThread "main"                              [_thread_blocked, id=18556, stack(0x000000bfc0100000,0x000000bfc0200000) (1024K)]
  0x0000022f365e7790 JavaThread "Common-Cleaner"             daemon [_thread_blocked, id=17968, stack(0x000000bfc0900000,0x000000bfc0a00000) (1024K)]
  0x0000022f36613660 JavaThread "Reference Handler"          daemon [_thread_blocked, id=23496, stack(0x000000bfc0a00000,0x000000bfc0b00000) (1024K)]
  0x0000022f36617040 JavaThread "Finalizer"                  daemon [_thread_blocked, id=9924, stack(0x000000bfc0b00000,0x000000bfc0c00000) (1024K)]
  0x0000022f366309a0 JavaThread "Signal Dispatcher"          daemon [_thread_blocked, id=2212, stack(0x000000bfc0c00000,0x000000bfc0d00000) (1024K)]
  0x0000022f36631400 JavaThread "Attach Listener"            daemon [_thread_blocked, id=19944, stack(0x000000bfc0d00000,0x000000bfc0e00000) (1024K)]
  0x0000022f365fad50 JavaThread "Service Thread"             daemon [_thread_blocked, id=11292, stack(0x000000bfc0e00000,0x000000bfc0f00000) (1024K)]
  0x0000022f365fc7c0 JavaThread "Monitor Deflation Thread"   daemon [_thread_blocked, id=33000, stack(0x000000bfc0f00000,0x000000bfc1000000) (1024K)]
  0x0000022f365fd550 JavaThread "C2 CompilerThread0"         daemon [_thread_in_native, id=8628, stack(0x000000bfc1000000,0x000000bfc1100000) (1024K)]
  0x0000022f36639e70 JavaThread "C1 CompilerThread0"         daemon [_thread_blocked, id=26528, stack(0x000000bfc1100000,0x000000bfc1200000) (1024K)]
  0x0000022f3b0e2670 JavaThread "Notification Thread"        daemon [_thread_blocked, id=22716, stack(0x000000bfc1200000,0x000000bfc1300000) (1024K)]
  0x0000022f3c1354c0 JavaThread "Daemon health stats"               [_thread_blocked, id=24996, stack(0x000000bfc1300000,0x000000bfc1400000) (1024K)]
  0x0000022f3bea7060 JavaThread "Incoming local TCP Connector on port 63309"        [_thread_in_native, id=7980, stack(0x000000bfc1900000,0x000000bfc1a00000) (1024K)]
  0x0000022f3ce94010 JavaThread "Daemon periodic checks"            [_thread_blocked, id=18796, stack(0x000000bfc1a00000,0x000000bfc1b00000) (1024K)]
  0x0000022f3d019660 JavaThread "Daemon"                            [_thread_blocked, id=4780, stack(0x000000bfc1b00000,0x000000bfc1c00000) (1024K)]
  0x0000022f3d57b8c0 JavaThread "Handler for socket connection from /127.0.0.1:63309 to /127.0.0.1:63310"        [_thread_in_native, id=31076, stack(0x000000bfc1c00000,0x000000bfc1d00000) (1024K)]
  0x0000022f3cefbf60 JavaThread "Cancel handler"                    [_thread_blocked, id=8856, stack(0x000000bfc1d00000,0x000000bfc1e00000) (1024K)]
  0x0000022f3d3c48e0 JavaThread "Daemon worker"                     [_thread_blocked, id=22364, stack(0x000000bfc2400000,0x000000bfc2500000) (1024K)]
  0x0000022f3d3c7040 JavaThread "Asynchronous log dispatcher for DefaultDaemonConnection: socket connection from /127.0.0.1:63309 to /127.0.0.1:63310"        [_thread_blocked, id=7040, stack(0x000000bfc2500000,0x000000bfc2600000) (1024K)]
  0x0000022f3d3c5c90 JavaThread "Stdin handler"                     [_thread_blocked, id=4492, stack(0x000000bfc2600000,0x000000bfc2700000) (1024K)]
  0x0000022f3d3c6320 JavaThread "Daemon client event forwarder"        [_thread_blocked, id=11708, stack(0x000000bfc2700000,0x000000bfc2800000) (1024K)]
  0x0000022f3d3c76d0 JavaThread "Cache worker for journal cache (C:\Users\Hazem\.gradle\caches\journal-1)"        [_thread_blocked, id=12236, stack(0x000000bfc2800000,0x000000bfc2900000) (1024K)]
  0x0000022f3d3c69b0 JavaThread "File lock request listener"        [_thread_in_native, id=28972, stack(0x000000bfc2900000,0x000000bfc2a00000) (1024K)]
  0x0000022f3d3c4f70 JavaThread "Cache worker for file hash cache (C:\Users\Hazem\.gradle\caches\9.4.1\fileHashes)"        [_thread_blocked, id=20004, stack(0x000000bfc2a00000,0x000000bfc2b00000) (1024K)]
  0x0000022f3c9b1ec0 JavaThread "Cache worker for file hash cache (D:\iti\Dukkan\.gradle\9.4.1\fileHashes)"        [_thread_blocked, id=12608, stack(0x000000bfc2c00000,0x000000bfc2d00000) (1024K)]
  0x0000022f3c9b3900 JavaThread "Cache worker for checksums cache (D:\iti\Dukkan\.gradle\9.4.1\checksums)"        [_thread_blocked, id=33564, stack(0x000000bfc2d00000,0x000000bfc2e00000) (1024K)]
  0x0000022f3c9b2550 JavaThread "Cache worker for Build Output Cleanup Cache (D:\iti\Dukkan\.gradle\buildOutputCleanup)"        [_thread_blocked, id=14308, stack(0x000000bfc2e00000,0x000000bfc2f00000) (1024K)]
  0x0000022f3c9b1830 JavaThread "Cache worker for file content cache (C:\Users\Hazem\.gradle\caches\9.4.1\fileContent)"        [_thread_blocked, id=31628, stack(0x000000bfc2f00000,0x000000bfc3000000) (1024K)]
  0x0000022f3c9b0b10 JavaThread "File watcher server"        daemon [_thread_in_native, id=2136, stack(0x000000bfc2b00000,0x000000bfc2c00000) (1024K)]
  0x0000022f3c9b3270 JavaThread "File watcher consumer"      daemon [_thread_blocked, id=14304, stack(0x000000bfc3000000,0x000000bfc3100000) (1024K)]
  0x0000022f3c9b4620 JavaThread "Cache worker for cache directory md-supplier (C:\Users\Hazem\.gradle\caches\9.4.1\md-supplier)"        [_thread_blocked, id=32100, stack(0x000000bfc3200000,0x000000bfc3300000) (1024K)]
  0x0000022f3c9b11a0 JavaThread "Cache worker for cache directory md-rule (C:\Users\Hazem\.gradle\caches\9.4.1\md-rule)"        [_thread_blocked, id=5616, stack(0x000000bfc3300000,0x000000bfc3400000) (1024K)]
  0x0000022f3c9b5340 JavaThread "build event listener"              [_thread_blocked, id=15636, stack(0x000000bfc3500000,0x000000bfc3600000) (1024K)]
  0x0000022f3c9b59d0 JavaThread "Build operations"                  [_thread_blocked, id=11320, stack(0x000000bfc3600000,0x000000bfc3700000) (1024K)]
  0x0000022f3c9b6060 JavaThread "Build operations Thread 2"         [_thread_blocked, id=5980, stack(0x000000bfc3700000,0x000000bfc3800000) (1024K)]
  0x0000022f3c9b7aa0 JavaThread "Build operations Thread 3"         [_thread_blocked, id=13988, stack(0x000000bfc3800000,0x000000bfc3900000) (1024K)]
  0x0000022f3c9b66f0 JavaThread "Build operations Thread 4"         [_thread_blocked, id=27996, stack(0x000000bfc3900000,0x000000bfc3a00000) (1024K)]
  0x0000022f3c9b6d80 JavaThread "Build operations Thread 5"         [_thread_blocked, id=33624, stack(0x000000bfc3a00000,0x000000bfc3b00000) (1024K)]
  0x0000022f40486160 JavaThread "Build operations Thread 6"         [_thread_blocked, id=9056, stack(0x000000bfc3b00000,0x000000bfc3c00000) (1024K)]
  0x0000022f40485440 JavaThread "Build operations Thread 7"         [_thread_blocked, id=16600, stack(0x000000bfc3c00000,0x000000bfc3d00000) (1024K)]
  0x0000022f40485ad0 JavaThread "Build operations Thread 8"         [_thread_blocked, id=30532, stack(0x000000bfc3d00000,0x000000bfc3e00000) (1024K)]
  0x0000022f40484720 JavaThread "Build operations Thread 9"         [_thread_blocked, id=33116, stack(0x000000bfc3e00000,0x000000bfc3f00000) (1024K)]
  0x0000022f40484090 JavaThread "Build operations Thread 10"        [_thread_blocked, id=18608, stack(0x000000bfc3f00000,0x000000bfc4000000) (1024K)]
  0x0000022f404867f0 JavaThread "Memory manager"                    [_thread_blocked, id=6004, stack(0x000000bfc3400000,0x000000bfc3500000) (1024K)]
  0x0000022f40488230 JavaThread "included builds"                   [_thread_in_Java, id=24108, stack(0x000000bfc4100000,0x000000bfc4200000) (1024K)]
  0x0000022f40487510 JavaThread "Execution worker"                  [_thread_blocked, id=21872, stack(0x000000bfc4200000,0x000000bfc4300000) (1024K)]
  0x0000022f40487ba0 JavaThread "Execution worker Thread 2"         [_thread_blocked, id=17064, stack(0x000000bfc4300000,0x000000bfc4400000) (1024K)]
  0x0000022f40484db0 JavaThread "Execution worker Thread 3"         [_thread_blocked, id=11736, stack(0x000000bfc4400000,0x000000bfc4500000) (1024K)]
  0x0000022f4048a990 JavaThread "Execution worker Thread 4"         [_thread_in_native, id=31524, stack(0x000000bfc4500000,0x000000bfc4600000) (1024K)]
  0x0000022f40489c70 JavaThread "Execution worker Thread 5"         [_thread_blocked, id=27916, stack(0x000000bfc4600000,0x000000bfc4700000) (1024K)]
  0x0000022f404888c0 JavaThread "Execution worker Thread 6"         [_thread_blocked, id=20540, stack(0x000000bfc4700000,0x000000bfc4800000) (1024K)]
  0x0000022f4048a300 JavaThread "Execution worker Thread 7"         [_thread_blocked, id=26596, stack(0x000000bfc4800000,0x000000bfc4900000) (1024K)]
  0x0000022f40488f50 JavaThread "Execution worker Thread 8"         [_thread_blocked, id=12632, stack(0x000000bfc4900000,0x000000bfc4a00000) (1024K)]
  0x0000022f4048b020 JavaThread "Execution worker Thread 9"         [_thread_blocked, id=32536, stack(0x000000bfc4a00000,0x000000bfc4b00000) (1024K)]
  0x0000022f4048b6b0 JavaThread "Execution worker Thread 10"        [_thread_blocked, id=10508, stack(0x000000bfc4b00000,0x000000bfc4c00000) (1024K)]
  0x0000022f3c9b7410 JavaThread "Execution worker Thread 11"        [_thread_blocked, id=19488, stack(0x000000bfc4c00000,0x000000bfc4d00000) (1024K)]
  0x0000022f4162c750 JavaThread "Cache worker for execution history cache (D:\iti\Dukkan\.gradle\9.4.1\executionHistory)"        [_thread_blocked, id=10448, stack(0x000000bfc4d00000,0x000000bfc4e00000) (1024K)]
  0x0000022f3f57a4c0 JavaThread "Build operations Thread 11"        [_thread_blocked, id=33656, stack(0x000000bfc4e00000,0x000000bfc4f00000) (1024K)]
  0x0000022f3f5797a0 JavaThread "Build operations Thread 12"        [_thread_blocked, id=12088, stack(0x000000bfc4f00000,0x000000bfc5000000) (1024K)]
  0x0000022f3f033040 JavaThread "WorkerExecutor Queue"              [_thread_blocked, id=20012, stack(0x000000bfc5000000,0x000000bfc5100000) (1024K)]
  0x0000022f3f031600 JavaThread "WorkerExecutor Queue Thread 2"        [_thread_blocked, id=30160, stack(0x000000bfc5100000,0x000000bfc5200000) (1024K)]
  0x0000022f3f02fbc0 JavaThread "WorkerExecutor Queue Thread 4"        [_thread_blocked, id=22168, stack(0x000000bfc5300000,0x000000bfc5400000) (1024K)]
  0x0000022f3f02f530 JavaThread "WorkerExecutor Queue Thread 5"        [_thread_blocked, id=29460, stack(0x000000bfc5400000,0x000000bfc5500000) (1024K)]
  0x0000022f41811630 JavaThread "WorkerExecutor Queue Thread 6"        [_thread_blocked, id=31184, stack(0x000000bfc5500000,0x000000bfc5600000) (1024K)]
  0x0000022f41812350 JavaThread "WorkerExecutor Queue Thread 7"        [_thread_blocked, id=25264, stack(0x000000bfc5600000,0x000000bfc5700000) (1024K)]
  0x0000022f4162ad10 JavaThread "Cache worker for Java compile cache (C:\Users\Hazem\.gradle\caches\9.4.1\javaCompile)"        [_thread_blocked, id=27096, stack(0x000000bfc5700000,0x000000bfc5800000) (1024K)]
  0x0000022f3f5783f0 JavaThread "WorkerExecutor Queue Thread 9"        [_thread_blocked, id=11640, stack(0x000000bfc5900000,0x000000bfc5a00000) (1024K)]
  0x0000022f3f57ab50 JavaThread "WorkerExecutor Queue Thread 10"        [_thread_blocked, id=14216, stack(0x000000bfc5a00000,0x000000bfc5b00000) (1024K)]
  0x0000022f3f57cc20 JavaThread "WorkerExecutor Queue Thread 11"        [_thread_blocked, id=24144, stack(0x000000bfc5b00000,0x000000bfc5c00000) (1024K)]
  0x0000022f3e646990 JavaThread "WorkerExecutor Queue Thread 12"        [_thread_blocked, id=14436, stack(0x000000bfc5c00000,0x000000bfc5d00000) (1024K)]
  0x0000022f3f030f70 JavaThread "WorkerExecutor Queue Thread 13"        [_thread_in_Java, id=15532, stack(0x000000bfc5d00000,0x000000bfc5e00000) (1024K)]
  0x0000022f3f0357a0 JavaThread "WorkerExecutor Queue Thread 14"        [_thread_blocked, id=14284, stack(0x000000bfc5e00000,0x000000bfc5f00000) (1024K)]
  0x0000022f4a060700 JavaThread "pool-2-thread-1"                   [_thread_blocked, id=15568, stack(0x000000bfc5f00000,0x000000bfc6000000) (1024K)]
  0x0000022f4a060d90 JavaThread "stderr"                            [_thread_in_native, id=31224, stack(0x000000bfc6000000,0x000000bfc6100000) (1024K)]
  0x0000022f4a05dfa0 JavaThread "stdout"                            [_thread_in_native, id=12644, stack(0x000000bfc6100000,0x000000bfc6200000) (1024K)]
  0x0000022f4162db00 JavaThread "Periodic tasks thread"      daemon [_thread_blocked, id=33560, stack(0x000000bfc3100000,0x000000bfc3200000) (1024K)]
  0x0000022f3f034a80 JavaThread "ApplicationImpl pooled thread 1" daemon [_thread_blocked, id=21548, stack(0x000000bfc4000000,0x000000bfc4100000) (1024K)]
  0x0000022f41ef7830 JavaThread "ForkJoinPool.commonPool-worker-1" daemon [_thread_blocked, id=12124, stack(0x000000bfc5800000,0x000000bfc5900000) (1024K)]
  0x0000022f41ef8550 JavaThread "Java2D Disposer"            daemon [_thread_blocked, id=12292, stack(0x000000bfc6200000,0x000000bfc6300000) (1024K)]
  0x0000022f41ef9900 JavaThread "AWT-Windows"                daemon [_thread_in_native, id=30824, stack(0x000000bfc6400000,0x000000bfc6500000) (1024K)]
  0x0000022f4180fbf0 JavaThread "ForkJoinPool.commonPool-worker-2" daemon [_thread_blocked, id=32120, stack(0x000000bfc5200000,0x000000bfc5300000) (1024K)]
  0x0000022f418164f0 JavaThread "RMI Scheduler(0)"           daemon [_thread_blocked, id=33192, stack(0x000000bfc6700000,0x000000bfc6800000) (1024K)]
  0x0000022f41813d90 JavaThread "RMI GC Daemon"              daemon [_thread_blocked, id=16596, stack(0x000000bfc6900000,0x000000bfc6a00000) (1024K)]
  0x0000022f41815e60 JavaThread "Exec process"                      [_thread_blocked, id=16784, stack(0x000000bfc6a00000,0x000000bfc6b00000) (1024K)]
  0x0000022f41813070 JavaThread "Exec process Thread 4"             [_thread_blocked, id=28004, stack(0x000000bfc6b00000,0x000000bfc6c00000) (1024K)]
  0x0000022f41815140 JavaThread "Exec process Thread 2"             [_thread_blocked, id=4444, stack(0x000000bfc6c00000,0x000000bfc6d00000) (1024K)]
  0x0000022f41813700 JavaThread "Exec process Thread 3"             [_thread_in_native, id=14224, stack(0x000000bfc6d00000,0x000000bfc6e00000) (1024K)]
  0x0000022f41814420 JavaThread "Exec process Thread 5"             [_thread_in_native, id=32504, stack(0x000000bfc6e00000,0x000000bfc6f00000) (1024K)]
  0x0000022f41814ab0 JavaThread "Exec process Thread 6"             [_thread_blocked, id=31736, stack(0x000000bfc6f00000,0x000000bfc7000000) (1024K)]
  0x0000022f3e6455e0 JavaThread "Exec process Thread 7"             [_thread_blocked, id=13204, stack(0x000000bfc7000000,0x000000bfc7100000) (1024K)]
  0x0000022f3e644230 JavaThread "Exec process Thread 8"             [_thread_blocked, id=21848, stack(0x000000bfc7100000,0x000000bfc7200000) (1024K)]
  0x0000022f3e645c70 JavaThread "Exec process Thread 9"             [_thread_blocked, id=17912, stack(0x000000bfc7200000,0x000000bfc7300000) (1024K)]
  0x0000022f3e6427f0 JavaThread "Exec process Thread 10"            [_thread_blocked, id=21116, stack(0x000000bfc7300000,0x000000bfc7400000) (1024K)]
  0x0000022f3e646300 JavaThread "Exec process Thread 11"            [_thread_blocked, id=30088, stack(0x000000bfc7400000,0x000000bfc7500000) (1024K)]
  0x0000022f3e647d40 JavaThread "Exec process Thread 12"            [_thread_in_native, id=496, stack(0x000000bfc7500000,0x000000bfc7600000) (1024K)]
  0x0000022f3e644f50 JavaThread "RMI RenewClean-[127.0.0.1:17137,org.jetbrains.kotlin.daemon.common.LoopbackNetworkInterface$ClientLoopbackSocketFactory@409945e9]" daemon [_thread_blocked, id=9188, stack(0x000000bfc7600000,0x000000bfc7700000) (1024K)]
  0x0000022f3e6483d0 JavaThread "RMI TCP Accept-0"           daemon [_thread_in_native, id=17668, stack(0x000000bfc7700000,0x000000bfc7800000) (1024K)]
  0x0000022f3e647020 JavaThread "RMI Reaper"                        [_thread_blocked, id=27768, stack(0x000000bfc7800000,0x000000bfc7900000) (1024K)]
  0x0000022f3e6476b0 JavaThread "RMI TCP Connection(1)-127.0.0.1" daemon [_thread_in_native, id=4040, stack(0x000000bfc7900000,0x000000bfc7a00000) (1024K)]
  0x0000022f3e648a60 JavaThread "RMI TCP Connection(2)-127.0.0.1" daemon [_thread_in_native, id=4888, stack(0x000000bfc7a00000,0x000000bfc7b00000) (1024K)]
  0x0000022f4a05e630 JavaThread "RMI TCP Connection(3)-127.0.0.1" daemon [_thread_in_native, id=11804, stack(0x000000bfc7c00000,0x000000bfc7d00000) (1024K)]
  0x0000022f41e12130 JavaThread "RMI TCP Connection(4)-127.0.0.1" daemon [_thread_in_native, id=31780, stack(0x000000bfc6600000,0x000000bfc6700000) (1024K)]
=>0x0000022f41863e20 JavaThread "C2 CompilerThread1"         daemon [_thread_in_native, id=13596, stack(0x000000bfc6300000,0x000000bfc6400000) (1024K)]
  0x0000022f43863350 JavaThread "Incoming local TCP Connector on port 59693"        [_thread_in_native, id=25156, stack(0x000000bfc6500000,0x000000bfc6600000) (1024K)]
  0x0000022f43864070 JavaThread "Exec process"                      [_thread_blocked, id=17948, stack(0x000000bfc6800000,0x000000bfc6900000) (1024K)]
  0x0000022f43864d90 JavaThread "Exec process Thread 2"             [_thread_blocked, id=22588, stack(0x000000bfc7b00000,0x000000bfc7c00000) (1024K)]
  0x0000022f43862cc0 JavaThread "Exec process Thread 3"             [_thread_blocked, id=19496, stack(0x000000bfc7d00000,0x000000bfc7e00000) (1024K)]
Total: 107

Other Threads:
  0x0000022f364fb080 VMThread "VM Thread"                           [id=28388, stack(0x000000bfc0800000,0x000000bfc0900000) (1024K)]
  0x0000022f365819e0 WatcherThread "VM Periodic Task Thread"        [id=25576, stack(0x000000bfc0700000,0x000000bfc0800000) (1024K)]
  0x0000022f1ea09b60 WorkerThread "GC Thread#0"                     [id=26080, stack(0x000000bfc0200000,0x000000bfc0300000) (1024K)]
  0x0000022f3bd005f0 WorkerThread "GC Thread#1"                     [id=8984, stack(0x000000bfc1400000,0x000000bfc1500000) (1024K)]
  0x0000022f3bd009a0 WorkerThread "GC Thread#2"                     [id=7332, stack(0x000000bfc1500000,0x000000bfc1600000) (1024K)]
  0x0000022f3bc074b0 WorkerThread "GC Thread#3"                     [id=4724, stack(0x000000bfc1600000,0x000000bfc1700000) (1024K)]
  0x0000022f3bc07860 WorkerThread "GC Thread#4"                     [id=27884, stack(0x000000bfc1700000,0x000000bfc1800000) (1024K)]
  0x0000022f3bc07c10 WorkerThread "GC Thread#5"                     [id=2640, stack(0x000000bfc1800000,0x000000bfc1900000) (1024K)]
  0x0000022f3caa27e0 WorkerThread "GC Thread#6"                     [id=9836, stack(0x000000bfc1e00000,0x000000bfc1f00000) (1024K)]
  0x0000022f3caa2b90 WorkerThread "GC Thread#7"                     [id=12032, stack(0x000000bfc1f00000,0x000000bfc2000000) (1024K)]
  0x0000022f3bf09800 WorkerThread "GC Thread#8"                     [id=12036, stack(0x000000bfc2000000,0x000000bfc2100000) (1024K)]
  0x0000022f3bf0a310 WorkerThread "GC Thread#9"                     [id=22280, stack(0x000000bfc2100000,0x000000bfc2200000) (1024K)]
  0x0000022f1ea1aa60 ConcurrentGCThread "G1 Main Marker"            [id=12252, stack(0x000000bfc0300000,0x000000bfc0400000) (1024K)]
  0x0000022f1ea1bc90 WorkerThread "G1 Conc#0"                       [id=14316, stack(0x000000bfc0400000,0x000000bfc0500000) (1024K)]
  0x0000022f3bf09f60 WorkerThread "G1 Conc#1"                       [id=28456, stack(0x000000bfc2200000,0x000000bfc2300000) (1024K)]
  0x0000022f3bf090a0 WorkerThread "G1 Conc#2"                       [id=15308, stack(0x000000bfc2300000,0x000000bfc2400000) (1024K)]
  0x0000022f363dd530 ConcurrentGCThread "G1 Refine#0"               [id=33032, stack(0x000000bfc0500000,0x000000bfc0600000) (1024K)]
  0x0000022f363ddd60 ConcurrentGCThread "G1 Service"                [id=29204, stack(0x000000bfc0600000,0x000000bfc0700000) (1024K)]
Total: 18

Threads with active compile tasks:
C2 CompilerThread0  45117 26275       4       com.android.tools.r8.ir.optimize.d0::a (555 bytes)
C2 CompilerThread1  45117 26297       4       com.android.tools.r8.internal.ji1::remove (1719 bytes)
Total: 2

VM state: not at safepoint (normal execution)

VM Mutex/Monitor currently owned by a thread: None

Heap address: 0x0000000080000000, size: 2048 MB, Compressed Oops mode: 32-bit

CDS archive(s) not mapped
Compressed class space mapped at: 0x0000000100000000-0x0000000140000000, reserved size: 1073741824
Narrow klass base: 0x0000000000000000, Narrow klass shift: 3, Narrow klass range: 0x140000000

GC Precious Log:
 CardTable entry size: 512
 Card Set container configuration: InlinePtr #cards 5 size 8 Array Of Cards #cards 12 size 40 Howl #buckets 4 coarsen threshold 1843 Howl Bitmap #cards 512 size 80 coarsen threshold 460 Card regions per heap region 1 cards per card region 2048
 CPUs: 12 total, 12 available
 Memory: 16005M
 Large Page Support: Disabled
 NUMA Support: Disabled
 Compressed Oops: Enabled (32-bit)
 Heap Region Size: 1M
 Heap Min Capacity: 8M
 Heap Initial Capacity: 252M
 Heap Max Capacity: 2G
 Pre-touch: Disabled
 Parallel Workers: 10
 Concurrent Workers: 3
 Concurrent Refinement Workers: 10
 Periodic GC: Disabled

Heap:
 garbage-first heap   total 400384K, used 259330K [0x0000000080000000, 0x0000000100000000)
  region size 1024K, 47 young (48128K), 11 survivors (11264K)
 Metaspace       used 191433K, committed 193984K, reserved 1245184K
  class space    used 25105K, committed 26368K, reserved 1048576K

Heap Regions: E=young(eden), S=young(survivor), O=old, HS=humongous(starts), HC=humongous(continues), CS=collection set, F=free, TAMS=top-at-mark-start, PB=parsable bottom
|   0|0x0000000080000000, 0x0000000080100000, 0x0000000080100000|100%|HS|  |TAMS 0x0000000080000000| PB 0x0000000080000000| Complete 
|   1|0x0000000080100000, 0x0000000080200000, 0x0000000080200000|100%|HC|  |TAMS 0x0000000080100000| PB 0x0000000080100000| Complete 
|   2|0x0000000080200000, 0x0000000080300000, 0x0000000080300000|100%|HC|  |TAMS 0x0000000080200000| PB 0x0000000080200000| Complete 
|   3|0x0000000080300000, 0x0000000080400000, 0x0000000080400000|100%|HC|  |TAMS 0x0000000080300000| PB 0x0000000080300000| Complete 
|   4|0x0000000080400000, 0x0000000080500000, 0x0000000080500000|100%| O|  |TAMS 0x0000000080400000| PB 0x0000000080400000| Untracked 
|   5|0x0000000080500000, 0x0000000080600000, 0x0000000080600000|100%| O|  |TAMS 0x0000000080500000| PB 0x0000000080500000| Untracked 
|   6|0x0000000080600000, 0x0000000080700000, 0x0000000080700000|100%| O|  |TAMS 0x0000000080600000| PB 0x0000000080600000| Untracked 
|   7|0x0000000080700000, 0x0000000080800000, 0x0000000080800000|100%| O|  |TAMS 0x0000000080700000| PB 0x0000000080700000| Untracked 
|   8|0x0000000080800000, 0x0000000080900000, 0x0000000080900000|100%| O|  |TAMS 0x0000000080800000| PB 0x0000000080800000| Untracked 
|   9|0x0000000080900000, 0x0000000080a00000, 0x0000000080a00000|100%| O|  |TAMS 0x0000000080900000| PB 0x0000000080900000| Untracked 
|  10|0x0000000080a00000, 0x0000000080b00000, 0x0000000080b00000|100%| O|  |TAMS 0x0000000080a00000| PB 0x0000000080a00000| Untracked 
|  11|0x0000000080b00000, 0x0000000080c00000, 0x0000000080c00000|100%|HS|  |TAMS 0x0000000080b00000| PB 0x0000000080b00000| Complete 
|  12|0x0000000080c00000, 0x0000000080d00000, 0x0000000080d00000|100%| O|  |TAMS 0x0000000080c00000| PB 0x0000000080c00000| Untracked 
|  13|0x0000000080d00000, 0x0000000080e00000, 0x0000000080e00000|100%| O|  |TAMS 0x0000000080d00000| PB 0x0000000080d00000| Untracked 
|  14|0x0000000080e00000, 0x0000000080f00000, 0x0000000080f00000|100%| O|  |TAMS 0x0000000080e00000| PB 0x0000000080e00000| Untracked 
|  15|0x0000000080f00000, 0x0000000081000000, 0x0000000081000000|100%| O|  |TAMS 0x0000000080f00000| PB 0x0000000080f00000| Untracked 
|  16|0x0000000081000000, 0x0000000081100000, 0x0000000081100000|100%| O|  |TAMS 0x0000000081000000| PB 0x0000000081000000| Untracked 
|  17|0x0000000081100000, 0x0000000081200000, 0x0000000081200000|100%| O|  |TAMS 0x0000000081100000| PB 0x0000000081100000| Untracked 
|  18|0x0000000081200000, 0x0000000081300000, 0x0000000081300000|100%| O|  |TAMS 0x0000000081200000| PB 0x0000000081200000| Untracked 
|  19|0x0000000081300000, 0x0000000081400000, 0x0000000081400000|100%| O|  |TAMS 0x0000000081300000| PB 0x0000000081300000| Untracked 
|  20|0x0000000081400000, 0x0000000081500000, 0x0000000081500000|100%| O|  |TAMS 0x0000000081400000| PB 0x0000000081400000| Untracked 
|  21|0x0000000081500000, 0x0000000081600000, 0x0000000081600000|100%| O|  |TAMS 0x0000000081500000| PB 0x0000000081500000| Untracked 
|  22|0x0000000081600000, 0x0000000081700000, 0x0000000081700000|100%| O|  |TAMS 0x0000000081600000| PB 0x0000000081600000| Untracked 
|  23|0x0000000081700000, 0x0000000081800000, 0x0000000081800000|100%| O|  |TAMS 0x0000000081700000| PB 0x0000000081700000| Untracked 
|  24|0x0000000081800000, 0x0000000081900000, 0x0000000081900000|100%|HS|  |TAMS 0x0000000081800000| PB 0x0000000081800000| Complete 
|  25|0x0000000081900000, 0x0000000081a00000, 0x0000000081a00000|100%|HC|  |TAMS 0x0000000081900000| PB 0x0000000081900000| Complete 
|  26|0x0000000081a00000, 0x0000000081b00000, 0x0000000081b00000|100%|HS|  |TAMS 0x0000000081a00000| PB 0x0000000081a00000| Complete 
|  27|0x0000000081b00000, 0x0000000081c00000, 0x0000000081c00000|100%|HC|  |TAMS 0x0000000081b00000| PB 0x0000000081b00000| Complete 
|  28|0x0000000081c00000, 0x0000000081d00000, 0x0000000081d00000|100%|HS|  |TAMS 0x0000000081c00000| PB 0x0000000081c00000| Complete 
|  29|0x0000000081d00000, 0x0000000081e00000, 0x0000000081e00000|100%|HS|  |TAMS 0x0000000081d00000| PB 0x0000000081d00000| Complete 
|  30|0x0000000081e00000, 0x0000000081f00000, 0x0000000081f00000|100%|HS|  |TAMS 0x0000000081e00000| PB 0x0000000081e00000| Complete 
|  31|0x0000000081f00000, 0x0000000082000000, 0x0000000082000000|100%|HS|  |TAMS 0x0000000081f00000| PB 0x0000000081f00000| Complete 
|  32|0x0000000082000000, 0x0000000082100000, 0x0000000082100000|100%|HS|  |TAMS 0x0000000082000000| PB 0x0000000082000000| Complete 
|  33|0x0000000082100000, 0x0000000082200000, 0x0000000082200000|100%|HC|  |TAMS 0x0000000082100000| PB 0x0000000082100000| Complete 
|  34|0x0000000082200000, 0x0000000082300000, 0x0000000082300000|100%| O|  |TAMS 0x0000000082200000| PB 0x0000000082200000| Untracked 
|  35|0x0000000082300000, 0x0000000082400000, 0x0000000082400000|100%| O|  |TAMS 0x0000000082300000| PB 0x0000000082300000| Untracked 
|  36|0x0000000082400000, 0x0000000082500000, 0x0000000082500000|100%| O|  |TAMS 0x0000000082400000| PB 0x0000000082400000| Untracked 
|  37|0x0000000082500000, 0x0000000082600000, 0x0000000082600000|100%|HS|  |TAMS 0x0000000082500000| PB 0x0000000082500000| Complete 
|  38|0x0000000082600000, 0x0000000082700000, 0x0000000082700000|100%|HC|  |TAMS 0x0000000082600000| PB 0x0000000082600000| Complete 
|  39|0x0000000082700000, 0x0000000082800000, 0x0000000082800000|100%| O|  |TAMS 0x0000000082700000| PB 0x0000000082700000| Untracked 
|  40|0x0000000082800000, 0x0000000082900000, 0x0000000082900000|100%| O|  |TAMS 0x0000000082800000| PB 0x0000000082800000| Untracked 
|  41|0x0000000082900000, 0x0000000082a00000, 0x0000000082a00000|100%| O|  |TAMS 0x0000000082900000| PB 0x0000000082900000| Untracked 
|  42|0x0000000082a00000, 0x0000000082b00000, 0x0000000082b00000|100%| O|  |TAMS 0x0000000082a00000| PB 0x0000000082a00000| Untracked 
|  43|0x0000000082b00000, 0x0000000082c00000, 0x0000000082c00000|100%|HS|  |TAMS 0x0000000082b00000| PB 0x0000000082b00000| Complete 
|  44|0x0000000082c00000, 0x0000000082d00000, 0x0000000082d00000|100%| O|  |TAMS 0x0000000082c00000| PB 0x0000000082c00000| Untracked 
|  45|0x0000000082d00000, 0x0000000082e00000, 0x0000000082e00000|100%| O|  |TAMS 0x0000000082d00000| PB 0x0000000082d00000| Untracked 
|  46|0x0000000082e00000, 0x0000000082f00000, 0x0000000082f00000|100%| O|  |TAMS 0x0000000082e00000| PB 0x0000000082e00000| Untracked 
|  47|0x0000000082f00000, 0x0000000083000000, 0x0000000083000000|100%| O|  |TAMS 0x0000000082f00000| PB 0x0000000082f00000| Untracked 
|  48|0x0000000083000000, 0x0000000083100000, 0x0000000083100000|100%| O|  |TAMS 0x0000000083000000| PB 0x0000000083000000| Untracked 
|  49|0x0000000083100000, 0x0000000083200000, 0x0000000083200000|100%|HS|  |TAMS 0x0000000083100000| PB 0x0000000083100000| Complete 
|  50|0x0000000083200000, 0x0000000083300000, 0x0000000083300000|100%| O|  |TAMS 0x0000000083200000| PB 0x0000000083200000| Untracked 
|  51|0x0000000083300000, 0x0000000083400000, 0x0000000083400000|100%| O|  |TAMS 0x0000000083300000| PB 0x0000000083300000| Untracked 
|  52|0x0000000083400000, 0x0000000083500000, 0x0000000083500000|100%| O|  |TAMS 0x0000000083400000| PB 0x0000000083400000| Untracked 
|  53|0x0000000083500000, 0x0000000083600000, 0x0000000083600000|100%| O|  |TAMS 0x0000000083500000| PB 0x0000000083500000| Untracked 
|  54|0x0000000083600000, 0x0000000083700000, 0x0000000083700000|100%| O|  |TAMS 0x0000000083600000| PB 0x0000000083600000| Untracked 
|  55|0x0000000083700000, 0x0000000083800000, 0x0000000083800000|100%| O|  |TAMS 0x0000000083700000| PB 0x0000000083700000| Untracked 
|  56|0x0000000083800000, 0x0000000083900000, 0x0000000083900000|100%| O|  |TAMS 0x0000000083800000| PB 0x0000000083800000| Untracked 
|  57|0x0000000083900000, 0x0000000083a00000, 0x0000000083a00000|100%| O|  |TAMS 0x0000000083900000| PB 0x0000000083900000| Untracked 
|  58|0x0000000083a00000, 0x0000000083b00000, 0x0000000083b00000|100%| O|  |TAMS 0x0000000083a00000| PB 0x0000000083a00000| Untracked 
|  59|0x0000000083b00000, 0x0000000083c00000, 0x0000000083c00000|100%| O|  |TAMS 0x0000000083b00000| PB 0x0000000083b00000| Untracked 
|  60|0x0000000083c00000, 0x0000000083d00000, 0x0000000083d00000|100%| O|  |TAMS 0x0000000083c00000| PB 0x0000000083c00000| Untracked 
|  61|0x0000000083d00000, 0x0000000083e00000, 0x0000000083e00000|100%| O|  |TAMS 0x0000000083d00000| PB 0x0000000083d00000| Untracked 
|  62|0x0000000083e00000, 0x0000000083f00000, 0x0000000083f00000|100%| O|  |TAMS 0x0000000083e00000| PB 0x0000000083e00000| Untracked 
|  63|0x0000000083f00000, 0x0000000084000000, 0x0000000084000000|100%| O|  |TAMS 0x0000000083f00000| PB 0x0000000083f00000| Untracked 
|  64|0x0000000084000000, 0x0000000084100000, 0x0000000084100000|100%| O|  |TAMS 0x0000000084000000| PB 0x0000000084000000| Untracked 
|  65|0x0000000084100000, 0x0000000084200000, 0x0000000084200000|100%| O|  |TAMS 0x0000000084100000| PB 0x0000000084100000| Untracked 
|  66|0x0000000084200000, 0x0000000084300000, 0x0000000084300000|100%| O|  |TAMS 0x0000000084200000| PB 0x0000000084200000| Untracked 
|  67|0x0000000084300000, 0x0000000084400000, 0x0000000084400000|100%| O|  |TAMS 0x0000000084300000| PB 0x0000000084300000| Untracked 
|  68|0x0000000084400000, 0x0000000084500000, 0x0000000084500000|100%| O|  |TAMS 0x0000000084400000| PB 0x0000000084400000| Untracked 
|  69|0x0000000084500000, 0x0000000084600000, 0x0000000084600000|100%| O|  |TAMS 0x0000000084500000| PB 0x0000000084500000| Untracked 
|  70|0x0000000084600000, 0x0000000084700000, 0x0000000084700000|100%| O|  |TAMS 0x0000000084600000| PB 0x0000000084600000| Untracked 
|  71|0x0000000084700000, 0x0000000084800000, 0x0000000084800000|100%| O|  |TAMS 0x0000000084700000| PB 0x0000000084700000| Untracked 
|  72|0x0000000084800000, 0x0000000084900000, 0x0000000084900000|100%| O|  |TAMS 0x0000000084800000| PB 0x0000000084800000| Untracked 
|  73|0x0000000084900000, 0x0000000084a00000, 0x0000000084a00000|100%| O|  |TAMS 0x0000000084900000| PB 0x0000000084900000| Untracked 
|  74|0x0000000084a00000, 0x0000000084b00000, 0x0000000084b00000|100%| O|  |TAMS 0x0000000084a00000| PB 0x0000000084a00000| Untracked 
|  75|0x0000000084b00000, 0x0000000084c00000, 0x0000000084c00000|100%| O|  |TAMS 0x0000000084b00000| PB 0x0000000084b00000| Untracked 
|  76|0x0000000084c00000, 0x0000000084d00000, 0x0000000084d00000|100%| O|  |TAMS 0x0000000084c00000| PB 0x0000000084c00000| Untracked 
|  77|0x0000000084d00000, 0x0000000084e00000, 0x0000000084e00000|100%| O|  |TAMS 0x0000000084d00000| PB 0x0000000084d00000| Untracked 
|  78|0x0000000084e00000, 0x0000000084f00000, 0x0000000084f00000|100%| O|  |TAMS 0x0000000084e00000| PB 0x0000000084e00000| Untracked 
|  79|0x0000000084f00000, 0x0000000085000000, 0x0000000085000000|100%| O|  |TAMS 0x0000000084f00000| PB 0x0000000084f00000| Untracked 
|  80|0x0000000085000000, 0x0000000085100000, 0x0000000085100000|100%| O|  |TAMS 0x0000000085000000| PB 0x0000000085000000| Untracked 
|  81|0x0000000085100000, 0x0000000085200000, 0x0000000085200000|100%| O|  |TAMS 0x0000000085100000| PB 0x0000000085100000| Untracked 
|  82|0x0000000085200000, 0x0000000085300000, 0x0000000085300000|100%| O|  |TAMS 0x0000000085200000| PB 0x0000000085200000| Untracked 
|  83|0x0000000085300000, 0x0000000085400000, 0x0000000085400000|100%| O|  |TAMS 0x0000000085300000| PB 0x0000000085300000| Untracked 
|  84|0x0000000085400000, 0x0000000085500000, 0x0000000085500000|100%| O|  |TAMS 0x0000000085400000| PB 0x0000000085400000| Untracked 
|  85|0x0000000085500000, 0x0000000085600000, 0x0000000085600000|100%| O|  |TAMS 0x0000000085500000| PB 0x0000000085500000| Untracked 
|  86|0x0000000085600000, 0x0000000085700000, 0x0000000085700000|100%| O|  |TAMS 0x0000000085600000| PB 0x0000000085600000| Untracked 
|  87|0x0000000085700000, 0x0000000085800000, 0x0000000085800000|100%| O|  |TAMS 0x0000000085700000| PB 0x0000000085700000| Untracked 
|  88|0x0000000085800000, 0x0000000085900000, 0x0000000085900000|100%| O|  |TAMS 0x0000000085800000| PB 0x0000000085800000| Untracked 
|  89|0x0000000085900000, 0x0000000085a00000, 0x0000000085a00000|100%| O|  |TAMS 0x0000000085900000| PB 0x0000000085900000| Untracked 
|  90|0x0000000085a00000, 0x0000000085b00000, 0x0000000085b00000|100%| O|  |TAMS 0x0000000085a00000| PB 0x0000000085a00000| Untracked 
|  91|0x0000000085b00000, 0x0000000085c00000, 0x0000000085c00000|100%| O|  |TAMS 0x0000000085b00000| PB 0x0000000085b00000| Untracked 
|  92|0x0000000085c00000, 0x0000000085d00000, 0x0000000085d00000|100%|HS|  |TAMS 0x0000000085c00000| PB 0x0000000085c00000| Complete 
|  93|0x0000000085d00000, 0x0000000085e00000, 0x0000000085e00000|100%|HC|  |TAMS 0x0000000085d00000| PB 0x0000000085d00000| Complete 
|  94|0x0000000085e00000, 0x0000000085f00000, 0x0000000085f00000|100%|HC|  |TAMS 0x0000000085e00000| PB 0x0000000085e00000| Complete 
|  95|0x0000000085f00000, 0x0000000086000000, 0x0000000086000000|100%|HC|  |TAMS 0x0000000085f00000| PB 0x0000000085f00000| Complete 
|  96|0x0000000086000000, 0x0000000086100000, 0x0000000086100000|100%| O|  |TAMS 0x0000000086000000| PB 0x0000000086000000| Untracked 
|  97|0x0000000086100000, 0x0000000086200000, 0x0000000086200000|100%| O|  |TAMS 0x0000000086100000| PB 0x0000000086100000| Untracked 
|  98|0x0000000086200000, 0x0000000086300000, 0x0000000086300000|100%| O|  |TAMS 0x0000000086200000| PB 0x0000000086200000| Untracked 
|  99|0x0000000086300000, 0x0000000086400000, 0x0000000086400000|100%| O|  |TAMS 0x0000000086300000| PB 0x0000000086300000| Untracked 
| 100|0x0000000086400000, 0x0000000086500000, 0x0000000086500000|100%| O|  |TAMS 0x0000000086400000| PB 0x0000000086400000| Untracked 
| 101|0x0000000086500000, 0x0000000086600000, 0x0000000086600000|100%| O|  |TAMS 0x0000000086500000| PB 0x0000000086500000| Untracked 
| 102|0x0000000086600000, 0x0000000086700000, 0x0000000086700000|100%| O|  |TAMS 0x0000000086600000| PB 0x0000000086600000| Untracked 
| 103|0x0000000086700000, 0x0000000086800000, 0x0000000086800000|100%| O|  |TAMS 0x0000000086700000| PB 0x0000000086700000| Untracked 
| 104|0x0000000086800000, 0x0000000086900000, 0x0000000086900000|100%| O|  |TAMS 0x0000000086800000| PB 0x0000000086800000| Untracked 
| 105|0x0000000086900000, 0x0000000086a00000, 0x0000000086a00000|100%| O|  |TAMS 0x0000000086900000| PB 0x0000000086900000| Untracked 
| 106|0x0000000086a00000, 0x0000000086a00000, 0x0000000086b00000|  0%| F|  |TAMS 0x0000000086a00000| PB 0x0000000086a00000| Untracked 
| 107|0x0000000086b00000, 0x0000000086c00000, 0x0000000086c00000|100%| O|  |TAMS 0x0000000086b00000| PB 0x0000000086b00000| Untracked 
| 108|0x0000000086c00000, 0x0000000086d00000, 0x0000000086d00000|100%| O|  |TAMS 0x0000000086c00000| PB 0x0000000086c00000| Untracked 
| 109|0x0000000086d00000, 0x0000000086e00000, 0x0000000086e00000|100%| O|  |TAMS 0x0000000086d00000| PB 0x0000000086d00000| Untracked 
| 110|0x0000000086e00000, 0x0000000086f00000, 0x0000000086f00000|100%| O|  |TAMS 0x0000000086e00000| PB 0x0000000086e00000| Untracked 
| 111|0x0000000086f00000, 0x0000000087000000, 0x0000000087000000|100%| O|  |TAMS 0x0000000086f00000| PB 0x0000000086f00000| Untracked 
| 112|0x0000000087000000, 0x0000000087100000, 0x0000000087100000|100%| O|  |TAMS 0x0000000087000000| PB 0x0000000087000000| Untracked 
| 113|0x0000000087100000, 0x0000000087200000, 0x0000000087200000|100%| O|  |TAMS 0x0000000087100000| PB 0x0000000087100000| Untracked 
| 114|0x0000000087200000, 0x0000000087300000, 0x0000000087300000|100%| O|  |TAMS 0x0000000087200000| PB 0x0000000087200000| Untracked 
| 115|0x0000000087300000, 0x0000000087400000, 0x0000000087400000|100%|HS|  |TAMS 0x0000000087300000| PB 0x0000000087300000| Complete 
| 116|0x0000000087400000, 0x0000000087500000, 0x0000000087500000|100%|HC|  |TAMS 0x0000000087400000| PB 0x0000000087400000| Complete 
| 117|0x0000000087500000, 0x0000000087600000, 0x0000000087600000|100%|HC|  |TAMS 0x0000000087500000| PB 0x0000000087500000| Complete 
| 118|0x0000000087600000, 0x0000000087600000, 0x0000000087700000|  0%| F|  |TAMS 0x0000000087600000| PB 0x0000000087600000| Untracked 
| 119|0x0000000087700000, 0x0000000087800000, 0x0000000087800000|100%| O|  |TAMS 0x0000000087700000| PB 0x0000000087700000| Untracked 
| 120|0x0000000087800000, 0x0000000087900000, 0x0000000087900000|100%| O|  |TAMS 0x0000000087800000| PB 0x0000000087800000| Untracked 
| 121|0x0000000087900000, 0x0000000087a00000, 0x0000000087a00000|100%| O|  |TAMS 0x0000000087900000| PB 0x0000000087900000| Untracked 
| 122|0x0000000087a00000, 0x0000000087b00000, 0x0000000087b00000|100%| O|  |TAMS 0x0000000087a00000| PB 0x0000000087a00000| Untracked 
| 123|0x0000000087b00000, 0x0000000087c00000, 0x0000000087c00000|100%| O|  |TAMS 0x0000000087b00000| PB 0x0000000087b00000| Untracked 
| 124|0x0000000087c00000, 0x0000000087d00000, 0x0000000087d00000|100%|HS|  |TAMS 0x0000000087c00000| PB 0x0000000087c00000| Complete 
| 125|0x0000000087d00000, 0x0000000087e00000, 0x0000000087e00000|100%|HC|  |TAMS 0x0000000087d00000| PB 0x0000000087d00000| Complete 
| 126|0x0000000087e00000, 0x0000000087e00000, 0x0000000087f00000|  0%| F|  |TAMS 0x0000000087e00000| PB 0x0000000087e00000| Untracked 
| 127|0x0000000087f00000, 0x0000000088000000, 0x0000000088000000|100%| O|  |TAMS 0x0000000087f00000| PB 0x0000000087f00000| Untracked 
| 128|0x0000000088000000, 0x0000000088100000, 0x0000000088100000|100%| O|  |TAMS 0x0000000088000000| PB 0x0000000088000000| Untracked 
| 129|0x0000000088100000, 0x0000000088200000, 0x0000000088200000|100%| O|  |TAMS 0x0000000088100000| PB 0x0000000088100000| Untracked 
| 130|0x0000000088200000, 0x0000000088300000, 0x0000000088300000|100%| O|  |TAMS 0x0000000088200000| PB 0x0000000088200000| Untracked 
| 131|0x0000000088300000, 0x0000000088400000, 0x0000000088400000|100%| O|  |TAMS 0x0000000088300000| PB 0x0000000088300000| Untracked 
| 132|0x0000000088400000, 0x0000000088500000, 0x0000000088500000|100%| O|  |TAMS 0x0000000088400000| PB 0x0000000088400000| Untracked 
| 133|0x0000000088500000, 0x0000000088600000, 0x0000000088600000|100%| O|  |TAMS 0x0000000088500000| PB 0x0000000088500000| Untracked 
| 134|0x0000000088600000, 0x0000000088700000, 0x0000000088700000|100%| O|  |TAMS 0x0000000088600000| PB 0x0000000088600000| Untracked 
| 135|0x0000000088700000, 0x0000000088800000, 0x0000000088800000|100%| O|  |TAMS 0x0000000088700000| PB 0x0000000088700000| Untracked 
| 136|0x0000000088800000, 0x0000000088900000, 0x0000000088900000|100%| O|  |TAMS 0x0000000088800000| PB 0x0000000088800000| Untracked 
| 137|0x0000000088900000, 0x0000000088a00000, 0x0000000088a00000|100%| O|  |TAMS 0x0000000088900000| PB 0x0000000088900000| Untracked 
| 138|0x0000000088a00000, 0x0000000088b00000, 0x0000000088b00000|100%| O|  |TAMS 0x0000000088a00000| PB 0x0000000088a00000| Untracked 
| 139|0x0000000088b00000, 0x0000000088c00000, 0x0000000088c00000|100%| O|  |TAMS 0x0000000088b00000| PB 0x0000000088b00000| Untracked 
| 140|0x0000000088c00000, 0x0000000088c00000, 0x0000000088d00000|  0%| F|  |TAMS 0x0000000088c00000| PB 0x0000000088c00000| Untracked 
| 141|0x0000000088d00000, 0x0000000088e00000, 0x0000000088e00000|100%| O|  |TAMS 0x0000000088d00000| PB 0x0000000088d00000| Untracked 
| 142|0x0000000088e00000, 0x0000000088f00000, 0x0000000088f00000|100%| O|  |TAMS 0x0000000088e00000| PB 0x0000000088e00000| Untracked 
| 143|0x0000000088f00000, 0x0000000089000000, 0x0000000089000000|100%| O|  |TAMS 0x0000000088f00000| PB 0x0000000088f00000| Untracked 
| 144|0x0000000089000000, 0x0000000089000000, 0x0000000089100000|  0%| F|  |TAMS 0x0000000089000000| PB 0x0000000089000000| Untracked 
| 145|0x0000000089100000, 0x0000000089200000, 0x0000000089200000|100%| O|  |TAMS 0x0000000089100000| PB 0x0000000089100000| Untracked 
| 146|0x0000000089200000, 0x0000000089300000, 0x0000000089300000|100%| O|  |TAMS 0x0000000089200000| PB 0x0000000089200000| Untracked 
| 147|0x0000000089300000, 0x0000000089400000, 0x0000000089400000|100%| O|  |TAMS 0x0000000089300000| PB 0x0000000089300000| Untracked 
| 148|0x0000000089400000, 0x0000000089500000, 0x0000000089500000|100%| O|  |TAMS 0x0000000089400000| PB 0x0000000089400000| Untracked 
| 149|0x0000000089500000, 0x0000000089600000, 0x0000000089600000|100%| O|  |TAMS 0x0000000089500000| PB 0x0000000089500000| Untracked 
| 150|0x0000000089600000, 0x0000000089700000, 0x0000000089700000|100%| O|  |TAMS 0x0000000089600000| PB 0x0000000089600000| Untracked 
| 151|0x0000000089700000, 0x0000000089800000, 0x0000000089800000|100%| O|  |TAMS 0x0000000089700000| PB 0x0000000089700000| Untracked 
| 152|0x0000000089800000, 0x0000000089900000, 0x0000000089900000|100%| O|  |TAMS 0x0000000089800000| PB 0x0000000089800000| Untracked 
| 153|0x0000000089900000, 0x0000000089a00000, 0x0000000089a00000|100%| O|  |TAMS 0x0000000089900000| PB 0x0000000089900000| Untracked 
| 154|0x0000000089a00000, 0x0000000089b00000, 0x0000000089b00000|100%| O|  |TAMS 0x0000000089a00000| PB 0x0000000089a00000| Untracked 
| 155|0x0000000089b00000, 0x0000000089b00000, 0x0000000089c00000|  0%| F|  |TAMS 0x0000000089b00000| PB 0x0000000089b00000| Untracked 
| 156|0x0000000089c00000, 0x0000000089d00000, 0x0000000089d00000|100%| O|  |TAMS 0x0000000089c00000| PB 0x0000000089c00000| Untracked 
| 157|0x0000000089d00000, 0x0000000089e00000, 0x0000000089e00000|100%| O|  |TAMS 0x0000000089d00000| PB 0x0000000089d00000| Untracked 
| 158|0x0000000089e00000, 0x0000000089f00000, 0x0000000089f00000|100%| O|  |TAMS 0x0000000089e00000| PB 0x0000000089e00000| Untracked 
| 159|0x0000000089f00000, 0x000000008a000000, 0x000000008a000000|100%|HS|  |TAMS 0x0000000089f00000| PB 0x0000000089f00000| Complete 
| 160|0x000000008a000000, 0x000000008a100000, 0x000000008a100000|100%|HC|  |TAMS 0x000000008a000000| PB 0x000000008a000000| Complete 
| 161|0x000000008a100000, 0x000000008a200000, 0x000000008a200000|100%| O|  |TAMS 0x000000008a100000| PB 0x000000008a100000| Untracked 
| 162|0x000000008a200000, 0x000000008a300000, 0x000000008a300000|100%| O|  |TAMS 0x000000008a200000| PB 0x000000008a200000| Untracked 
| 163|0x000000008a300000, 0x000000008a400000, 0x000000008a400000|100%| O|  |TAMS 0x000000008a300000| PB 0x000000008a300000| Untracked 
| 164|0x000000008a400000, 0x000000008a500000, 0x000000008a500000|100%| O|  |TAMS 0x000000008a400000| PB 0x000000008a400000| Untracked 
| 165|0x000000008a500000, 0x000000008a600000, 0x000000008a600000|100%| O|  |TAMS 0x000000008a500000| PB 0x000000008a500000| Untracked 
| 166|0x000000008a600000, 0x000000008a700000, 0x000000008a700000|100%| O|  |TAMS 0x000000008a600000| PB 0x000000008a600000| Untracked 
| 167|0x000000008a700000, 0x000000008a800000, 0x000000008a800000|100%| O|  |TAMS 0x000000008a700000| PB 0x000000008a700000| Untracked 
| 168|0x000000008a800000, 0x000000008a900000, 0x000000008a900000|100%| O|  |TAMS 0x000000008a800000| PB 0x000000008a800000| Untracked 
| 169|0x000000008a900000, 0x000000008aa00000, 0x000000008aa00000|100%| O|  |TAMS 0x000000008a900000| PB 0x000000008a900000| Untracked 
| 170|0x000000008aa00000, 0x000000008ab00000, 0x000000008ab00000|100%| O|  |TAMS 0x000000008aa00000| PB 0x000000008aa00000| Untracked 
| 171|0x000000008ab00000, 0x000000008ac00000, 0x000000008ac00000|100%| O|  |TAMS 0x000000008ab00000| PB 0x000000008ab00000| Untracked 
| 172|0x000000008ac00000, 0x000000008ad00000, 0x000000008ad00000|100%| O|  |TAMS 0x000000008ac00000| PB 0x000000008ac00000| Untracked 
| 173|0x000000008ad00000, 0x000000008ae00000, 0x000000008ae00000|100%| O|  |TAMS 0x000000008ad00000| PB 0x000000008ad00000| Untracked 
| 174|0x000000008ae00000, 0x000000008af00000, 0x000000008af00000|100%| O|  |TAMS 0x000000008ae00000| PB 0x000000008ae00000| Untracked 
| 175|0x000000008af00000, 0x000000008b000000, 0x000000008b000000|100%|HS|  |TAMS 0x000000008af00000| PB 0x000000008af00000| Complete 
| 176|0x000000008b000000, 0x000000008b100000, 0x000000008b100000|100%|HC|  |TAMS 0x000000008b000000| PB 0x000000008b000000| Complete 
| 177|0x000000008b100000, 0x000000008b200000, 0x000000008b200000|100%|HS|  |TAMS 0x000000008b100000| PB 0x000000008b100000| Complete 
| 178|0x000000008b200000, 0x000000008b300000, 0x000000008b300000|100%|HC|  |TAMS 0x000000008b200000| PB 0x000000008b200000| Complete 
| 179|0x000000008b300000, 0x000000008b400000, 0x000000008b400000|100%| O|  |TAMS 0x000000008b300000| PB 0x000000008b300000| Untracked 
| 180|0x000000008b400000, 0x000000008b500000, 0x000000008b500000|100%| O|  |TAMS 0x000000008b400000| PB 0x000000008b400000| Untracked 
| 181|0x000000008b500000, 0x000000008b500000, 0x000000008b600000|  0%| F|  |TAMS 0x000000008b500000| PB 0x000000008b500000| Untracked 
| 182|0x000000008b600000, 0x000000008b600000, 0x000000008b700000|  0%| F|  |TAMS 0x000000008b600000| PB 0x000000008b600000| Untracked 
| 183|0x000000008b700000, 0x000000008b800000, 0x000000008b800000|100%| O|  |TAMS 0x000000008b700000| PB 0x000000008b700000| Untracked 
| 184|0x000000008b800000, 0x000000008b900000, 0x000000008b900000|100%| O|  |TAMS 0x000000008b800000| PB 0x000000008b800000| Untracked 
| 185|0x000000008b900000, 0x000000008ba00000, 0x000000008ba00000|100%| O|  |TAMS 0x000000008b900000| PB 0x000000008b900000| Untracked 
| 186|0x000000008ba00000, 0x000000008bb00000, 0x000000008bb00000|100%| O|  |TAMS 0x000000008ba00000| PB 0x000000008ba00000| Untracked 
| 187|0x000000008bb00000, 0x000000008bc00000, 0x000000008bc00000|100%| O|  |TAMS 0x000000008bb00000| PB 0x000000008bb00000| Untracked 
| 188|0x000000008bc00000, 0x000000008bd00000, 0x000000008bd00000|100%| O|  |TAMS 0x000000008bc00000| PB 0x000000008bc00000| Untracked 
| 189|0x000000008bd00000, 0x000000008be00000, 0x000000008be00000|100%| O|  |TAMS 0x000000008bd00000| PB 0x000000008bd00000| Untracked 
| 190|0x000000008be00000, 0x000000008be79590, 0x000000008bf00000| 47%| O|  |TAMS 0x000000008be00000| PB 0x000000008be00000| Untracked 
| 191|0x000000008bf00000, 0x000000008c000000, 0x000000008c000000|100%| O|  |TAMS 0x000000008bf00000| PB 0x000000008bf00000| Untracked 
| 192|0x000000008c000000, 0x000000008c100000, 0x000000008c100000|100%| O|  |TAMS 0x000000008c000000| PB 0x000000008c000000| Untracked 
| 193|0x000000008c100000, 0x000000008c200000, 0x000000008c200000|100%| O|  |TAMS 0x000000008c100000| PB 0x000000008c100000| Untracked 
| 194|0x000000008c200000, 0x000000008c300000, 0x000000008c300000|100%| O|  |TAMS 0x000000008c200000| PB 0x000000008c200000| Untracked 
| 195|0x000000008c300000, 0x000000008c400000, 0x000000008c400000|100%| O|  |TAMS 0x000000008c300000| PB 0x000000008c300000| Untracked 
| 196|0x000000008c400000, 0x000000008c500000, 0x000000008c500000|100%| O|  |TAMS 0x000000008c400000| PB 0x000000008c400000| Untracked 
| 197|0x000000008c500000, 0x000000008c500000, 0x000000008c600000|  0%| F|  |TAMS 0x000000008c500000| PB 0x000000008c500000| Untracked 
| 198|0x000000008c600000, 0x000000008c600000, 0x000000008c700000|  0%| F|  |TAMS 0x000000008c600000| PB 0x000000008c600000| Untracked 
| 199|0x000000008c700000, 0x000000008c700000, 0x000000008c800000|  0%| F|  |TAMS 0x000000008c700000| PB 0x000000008c700000| Untracked 
| 200|0x000000008c800000, 0x000000008c800000, 0x000000008c900000|  0%| F|  |TAMS 0x000000008c800000| PB 0x000000008c800000| Untracked 
| 201|0x000000008c900000, 0x000000008c900000, 0x000000008ca00000|  0%| F|  |TAMS 0x000000008c900000| PB 0x000000008c900000| Untracked 
| 202|0x000000008ca00000, 0x000000008ca00000, 0x000000008cb00000|  0%| F|  |TAMS 0x000000008ca00000| PB 0x000000008ca00000| Untracked 
| 203|0x000000008cb00000, 0x000000008cb00000, 0x000000008cc00000|  0%| F|  |TAMS 0x000000008cb00000| PB 0x000000008cb00000| Untracked 
| 204|0x000000008cc00000, 0x000000008cd00000, 0x000000008cd00000|100%| O|  |TAMS 0x000000008cc00000| PB 0x000000008cc00000| Untracked 
| 205|0x000000008cd00000, 0x000000008ce00000, 0x000000008ce00000|100%| O|  |TAMS 0x000000008cd00000| PB 0x000000008cd00000| Untracked 
| 206|0x000000008ce00000, 0x000000008cf00000, 0x000000008cf00000|100%| O|  |TAMS 0x000000008ce00000| PB 0x000000008ce00000| Untracked 
| 207|0x000000008cf00000, 0x000000008d000000, 0x000000008d000000|100%| O|  |TAMS 0x000000008cf00000| PB 0x000000008cf00000| Untracked 
| 208|0x000000008d000000, 0x000000008d000000, 0x000000008d100000|  0%| F|  |TAMS 0x000000008d000000| PB 0x000000008d000000| Untracked 
| 209|0x000000008d100000, 0x000000008d100000, 0x000000008d200000|  0%| F|  |TAMS 0x000000008d100000| PB 0x000000008d100000| Untracked 
| 210|0x000000008d200000, 0x000000008d200000, 0x000000008d300000|  0%| F|  |TAMS 0x000000008d200000| PB 0x000000008d200000| Untracked 
| 211|0x000000008d300000, 0x000000008d300000, 0x000000008d400000|  0%| F|  |TAMS 0x000000008d300000| PB 0x000000008d300000| Untracked 
| 212|0x000000008d400000, 0x000000008d400000, 0x000000008d500000|  0%| F|  |TAMS 0x000000008d400000| PB 0x000000008d400000| Untracked 
| 213|0x000000008d500000, 0x000000008d5c7340, 0x000000008d600000| 77%| S|CS|TAMS 0x000000008d500000| PB 0x000000008d500000| Complete 
| 214|0x000000008d600000, 0x000000008d700000, 0x000000008d700000|100%| S|CS|TAMS 0x000000008d600000| PB 0x000000008d600000| Complete 
| 215|0x000000008d700000, 0x000000008d800000, 0x000000008d800000|100%| S|CS|TAMS 0x000000008d700000| PB 0x000000008d700000| Complete 
| 216|0x000000008d800000, 0x000000008d800000, 0x000000008d900000|  0%| F|  |TAMS 0x000000008d800000| PB 0x000000008d800000| Untracked 
| 217|0x000000008d900000, 0x000000008d900000, 0x000000008da00000|  0%| F|  |TAMS 0x000000008d900000| PB 0x000000008d900000| Untracked 
| 218|0x000000008da00000, 0x000000008da00000, 0x000000008db00000|  0%| F|  |TAMS 0x000000008da00000| PB 0x000000008da00000| Untracked 
| 219|0x000000008db00000, 0x000000008db00000, 0x000000008dc00000|  0%| F|  |TAMS 0x000000008db00000| PB 0x000000008db00000| Untracked 
| 220|0x000000008dc00000, 0x000000008dc00000, 0x000000008dd00000|  0%| F|  |TAMS 0x000000008dc00000| PB 0x000000008dc00000| Untracked 
| 221|0x000000008dd00000, 0x000000008dd00000, 0x000000008de00000|  0%| F|  |TAMS 0x000000008dd00000| PB 0x000000008dd00000| Untracked 
| 222|0x000000008de00000, 0x000000008de00000, 0x000000008df00000|  0%| F|  |TAMS 0x000000008de00000| PB 0x000000008de00000| Untracked 
| 223|0x000000008df00000, 0x000000008df00000, 0x000000008e000000|  0%| F|  |TAMS 0x000000008df00000| PB 0x000000008df00000| Untracked 
| 224|0x000000008e000000, 0x000000008e100000, 0x000000008e100000|100%| S|CS|TAMS 0x000000008e000000| PB 0x000000008e000000| Complete 
| 225|0x000000008e100000, 0x000000008e200000, 0x000000008e200000|100%| S|CS|TAMS 0x000000008e100000| PB 0x000000008e100000| Complete 
| 226|0x000000008e200000, 0x000000008e300000, 0x000000008e300000|100%| S|CS|TAMS 0x000000008e200000| PB 0x000000008e200000| Complete 
| 227|0x000000008e300000, 0x000000008e400000, 0x000000008e400000|100%| S|CS|TAMS 0x000000008e300000| PB 0x000000008e300000| Complete 
| 228|0x000000008e400000, 0x000000008e500000, 0x000000008e500000|100%| S|CS|TAMS 0x000000008e400000| PB 0x000000008e400000| Complete 
| 229|0x000000008e500000, 0x000000008e600000, 0x000000008e600000|100%| S|CS|TAMS 0x000000008e500000| PB 0x000000008e500000| Complete 
| 230|0x000000008e600000, 0x000000008e700000, 0x000000008e700000|100%| S|CS|TAMS 0x000000008e600000| PB 0x000000008e600000| Complete 
| 231|0x000000008e700000, 0x000000008e800000, 0x000000008e800000|100%| S|CS|TAMS 0x000000008e700000| PB 0x000000008e700000| Complete 
| 232|0x000000008e800000, 0x000000008e800000, 0x000000008e900000|  0%| F|  |TAMS 0x000000008e800000| PB 0x000000008e800000| Untracked 
| 233|0x000000008e900000, 0x000000008e900000, 0x000000008ea00000|  0%| F|  |TAMS 0x000000008e900000| PB 0x000000008e900000| Untracked 
| 234|0x000000008ea00000, 0x000000008ea00000, 0x000000008eb00000|  0%| F|  |TAMS 0x000000008ea00000| PB 0x000000008ea00000| Untracked 
| 235|0x000000008eb00000, 0x000000008eb00000, 0x000000008ec00000|  0%| F|  |TAMS 0x000000008eb00000| PB 0x000000008eb00000| Untracked 
| 236|0x000000008ec00000, 0x000000008ec00000, 0x000000008ed00000|  0%| F|  |TAMS 0x000000008ec00000| PB 0x000000008ec00000| Untracked 
| 237|0x000000008ed00000, 0x000000008ed00000, 0x000000008ee00000|  0%| F|  |TAMS 0x000000008ed00000| PB 0x000000008ed00000| Untracked 
| 238|0x000000008ee00000, 0x000000008ee00000, 0x000000008ef00000|  0%| F|  |TAMS 0x000000008ee00000| PB 0x000000008ee00000| Untracked 
| 239|0x000000008ef00000, 0x000000008ef00000, 0x000000008f000000|  0%| F|  |TAMS 0x000000008ef00000| PB 0x000000008ef00000| Untracked 
| 240|0x000000008f000000, 0x000000008f000000, 0x000000008f100000|  0%| F|  |TAMS 0x000000008f000000| PB 0x000000008f000000| Untracked 
| 241|0x000000008f100000, 0x000000008f100000, 0x000000008f200000|  0%| F|  |TAMS 0x000000008f100000| PB 0x000000008f100000| Untracked 
| 242|0x000000008f200000, 0x000000008f200000, 0x000000008f300000|  0%| F|  |TAMS 0x000000008f200000| PB 0x000000008f200000| Untracked 
| 243|0x000000008f300000, 0x000000008f300000, 0x000000008f400000|  0%| F|  |TAMS 0x000000008f300000| PB 0x000000008f300000| Untracked 
| 244|0x000000008f400000, 0x000000008f400000, 0x000000008f500000|  0%| F|  |TAMS 0x000000008f400000| PB 0x000000008f400000| Untracked 
| 245|0x000000008f500000, 0x000000008f500000, 0x000000008f600000|  0%| F|  |TAMS 0x000000008f500000| PB 0x000000008f500000| Untracked 
| 246|0x000000008f600000, 0x000000008f600000, 0x000000008f700000|  0%| F|  |TAMS 0x000000008f600000| PB 0x000000008f600000| Untracked 
| 247|0x000000008f700000, 0x000000008f700000, 0x000000008f800000|  0%| F|  |TAMS 0x000000008f700000| PB 0x000000008f700000| Untracked 
| 248|0x000000008f800000, 0x000000008f800000, 0x000000008f900000|  0%| F|  |TAMS 0x000000008f800000| PB 0x000000008f800000| Untracked 
| 249|0x000000008f900000, 0x000000008f900000, 0x000000008fa00000|  0%| F|  |TAMS 0x000000008f900000| PB 0x000000008f900000| Untracked 
| 250|0x000000008fa00000, 0x000000008fa00000, 0x000000008fb00000|  0%| F|  |TAMS 0x000000008fa00000| PB 0x000000008fa00000| Untracked 
| 251|0x000000008fb00000, 0x000000008fb00000, 0x000000008fc00000|  0%| F|  |TAMS 0x000000008fb00000| PB 0x000000008fb00000| Untracked 
| 252|0x000000008fc00000, 0x000000008fc00000, 0x000000008fd00000|  0%| F|  |TAMS 0x000000008fc00000| PB 0x000000008fc00000| Untracked 
| 253|0x000000008fd00000, 0x000000008fd00000, 0x000000008fe00000|  0%| F|  |TAMS 0x000000008fd00000| PB 0x000000008fd00000| Untracked 
| 254|0x000000008fe00000, 0x000000008fe00000, 0x000000008ff00000|  0%| F|  |TAMS 0x000000008fe00000| PB 0x000000008fe00000| Untracked 
| 255|0x000000008ff00000, 0x000000008ff00000, 0x0000000090000000|  0%| F|  |TAMS 0x000000008ff00000| PB 0x000000008ff00000| Untracked 
| 256|0x0000000090000000, 0x0000000090000000, 0x0000000090100000|  0%| F|  |TAMS 0x0000000090000000| PB 0x0000000090000000| Untracked 
| 257|0x0000000090100000, 0x0000000090100000, 0x0000000090200000|  0%| F|  |TAMS 0x0000000090100000| PB 0x0000000090100000| Untracked 
| 258|0x0000000090200000, 0x0000000090200000, 0x0000000090300000|  0%| F|  |TAMS 0x0000000090200000| PB 0x0000000090200000| Untracked 
| 259|0x0000000090300000, 0x0000000090300000, 0x0000000090400000|  0%| F|  |TAMS 0x0000000090300000| PB 0x0000000090300000| Untracked 
| 260|0x0000000090400000, 0x0000000090400000, 0x0000000090500000|  0%| F|  |TAMS 0x0000000090400000| PB 0x0000000090400000| Untracked 
| 261|0x0000000090500000, 0x0000000090500000, 0x0000000090600000|  0%| F|  |TAMS 0x0000000090500000| PB 0x0000000090500000| Untracked 
| 262|0x0000000090600000, 0x0000000090600000, 0x0000000090700000|  0%| F|  |TAMS 0x0000000090600000| PB 0x0000000090600000| Untracked 
| 263|0x0000000090700000, 0x0000000090700000, 0x0000000090800000|  0%| F|  |TAMS 0x0000000090700000| PB 0x0000000090700000| Untracked 
| 264|0x0000000090800000, 0x0000000090800000, 0x0000000090900000|  0%| F|  |TAMS 0x0000000090800000| PB 0x0000000090800000| Untracked 
| 265|0x0000000090900000, 0x0000000090900000, 0x0000000090a00000|  0%| F|  |TAMS 0x0000000090900000| PB 0x0000000090900000| Untracked 
| 266|0x0000000090a00000, 0x0000000090a00000, 0x0000000090b00000|  0%| F|  |TAMS 0x0000000090a00000| PB 0x0000000090a00000| Untracked 
| 267|0x0000000090b00000, 0x0000000090b00000, 0x0000000090c00000|  0%| F|  |TAMS 0x0000000090b00000| PB 0x0000000090b00000| Untracked 
| 268|0x0000000090c00000, 0x0000000090c00000, 0x0000000090d00000|  0%| F|  |TAMS 0x0000000090c00000| PB 0x0000000090c00000| Untracked 
| 269|0x0000000090d00000, 0x0000000090d00000, 0x0000000090e00000|  0%| F|  |TAMS 0x0000000090d00000| PB 0x0000000090d00000| Untracked 
| 270|0x0000000090e00000, 0x0000000090e00000, 0x0000000090f00000|  0%| F|  |TAMS 0x0000000090e00000| PB 0x0000000090e00000| Untracked 
| 271|0x0000000090f00000, 0x0000000090f00000, 0x0000000091000000|  0%| F|  |TAMS 0x0000000090f00000| PB 0x0000000090f00000| Untracked 
| 272|0x0000000091000000, 0x0000000091000000, 0x0000000091100000|  0%| F|  |TAMS 0x0000000091000000| PB 0x0000000091000000| Untracked 
| 273|0x0000000091100000, 0x0000000091100000, 0x0000000091200000|  0%| F|  |TAMS 0x0000000091100000| PB 0x0000000091100000| Untracked 
| 274|0x0000000091200000, 0x0000000091200000, 0x0000000091300000|  0%| F|  |TAMS 0x0000000091200000| PB 0x0000000091200000| Untracked 
| 275|0x0000000091300000, 0x0000000091300000, 0x0000000091400000|  0%| F|  |TAMS 0x0000000091300000| PB 0x0000000091300000| Untracked 
| 276|0x0000000091400000, 0x0000000091400000, 0x0000000091500000|  0%| F|  |TAMS 0x0000000091400000| PB 0x0000000091400000| Untracked 
| 277|0x0000000091500000, 0x0000000091500000, 0x0000000091600000|  0%| F|  |TAMS 0x0000000091500000| PB 0x0000000091500000| Untracked 
| 278|0x0000000091600000, 0x0000000091600000, 0x0000000091700000|  0%| F|  |TAMS 0x0000000091600000| PB 0x0000000091600000| Untracked 
| 279|0x0000000091700000, 0x0000000091700000, 0x0000000091800000|  0%| F|  |TAMS 0x0000000091700000| PB 0x0000000091700000| Untracked 
| 280|0x0000000091800000, 0x0000000091800000, 0x0000000091900000|  0%| F|  |TAMS 0x0000000091800000| PB 0x0000000091800000| Untracked 
| 281|0x0000000091900000, 0x0000000091900000, 0x0000000091a00000|  0%| F|  |TAMS 0x0000000091900000| PB 0x0000000091900000| Untracked 
| 282|0x0000000091a00000, 0x0000000091a00000, 0x0000000091b00000|  0%| F|  |TAMS 0x0000000091a00000| PB 0x0000000091a00000| Untracked 
| 283|0x0000000091b00000, 0x0000000091b00000, 0x0000000091c00000|  0%| F|  |TAMS 0x0000000091b00000| PB 0x0000000091b00000| Untracked 
| 284|0x0000000091c00000, 0x0000000091c00000, 0x0000000091d00000|  0%| F|  |TAMS 0x0000000091c00000| PB 0x0000000091c00000| Untracked 
| 285|0x0000000091d00000, 0x0000000091d00000, 0x0000000091e00000|  0%| F|  |TAMS 0x0000000091d00000| PB 0x0000000091d00000| Untracked 
| 286|0x0000000091e00000, 0x0000000091e00000, 0x0000000091f00000|  0%| F|  |TAMS 0x0000000091e00000| PB 0x0000000091e00000| Untracked 
| 287|0x0000000091f00000, 0x0000000091f00000, 0x0000000092000000|  0%| F|  |TAMS 0x0000000091f00000| PB 0x0000000091f00000| Untracked 
| 288|0x0000000092000000, 0x0000000092000000, 0x0000000092100000|  0%| F|  |TAMS 0x0000000092000000| PB 0x0000000092000000| Untracked 
| 289|0x0000000092100000, 0x0000000092100000, 0x0000000092200000|  0%| F|  |TAMS 0x0000000092100000| PB 0x0000000092100000| Untracked 
| 290|0x0000000092200000, 0x0000000092200000, 0x0000000092300000|  0%| F|  |TAMS 0x0000000092200000| PB 0x0000000092200000| Untracked 
| 291|0x0000000092300000, 0x0000000092300000, 0x0000000092400000|  0%| F|  |TAMS 0x0000000092300000| PB 0x0000000092300000| Untracked 
| 292|0x0000000092400000, 0x0000000092400000, 0x0000000092500000|  0%| F|  |TAMS 0x0000000092400000| PB 0x0000000092400000| Untracked 
| 293|0x0000000092500000, 0x0000000092500000, 0x0000000092600000|  0%| F|  |TAMS 0x0000000092500000| PB 0x0000000092500000| Untracked 
| 294|0x0000000092600000, 0x0000000092600000, 0x0000000092700000|  0%| F|  |TAMS 0x0000000092600000| PB 0x0000000092600000| Untracked 
| 295|0x0000000092700000, 0x0000000092700000, 0x0000000092800000|  0%| F|  |TAMS 0x0000000092700000| PB 0x0000000092700000| Untracked 
| 296|0x0000000092800000, 0x0000000092800000, 0x0000000092900000|  0%| F|  |TAMS 0x0000000092800000| PB 0x0000000092800000| Untracked 
| 297|0x0000000092900000, 0x0000000092900000, 0x0000000092a00000|  0%| F|  |TAMS 0x0000000092900000| PB 0x0000000092900000| Untracked 
| 298|0x0000000092a00000, 0x0000000092a00000, 0x0000000092b00000|  0%| F|  |TAMS 0x0000000092a00000| PB 0x0000000092a00000| Untracked 
| 299|0x0000000092b00000, 0x0000000092b00000, 0x0000000092c00000|  0%| F|  |TAMS 0x0000000092b00000| PB 0x0000000092b00000| Untracked 
| 300|0x0000000092c00000, 0x0000000092c00000, 0x0000000092d00000|  0%| F|  |TAMS 0x0000000092c00000| PB 0x0000000092c00000| Untracked 
| 301|0x0000000092d00000, 0x0000000092d00000, 0x0000000092e00000|  0%| F|  |TAMS 0x0000000092d00000| PB 0x0000000092d00000| Untracked 
| 302|0x0000000092e00000, 0x0000000092e00000, 0x0000000092f00000|  0%| F|  |TAMS 0x0000000092e00000| PB 0x0000000092e00000| Untracked 
| 303|0x0000000092f00000, 0x0000000092f00000, 0x0000000093000000|  0%| F|  |TAMS 0x0000000092f00000| PB 0x0000000092f00000| Untracked 
| 304|0x0000000093000000, 0x0000000093000000, 0x0000000093100000|  0%| F|  |TAMS 0x0000000093000000| PB 0x0000000093000000| Untracked 
| 305|0x0000000093100000, 0x0000000093100000, 0x0000000093200000|  0%| F|  |TAMS 0x0000000093100000| PB 0x0000000093100000| Untracked 
| 306|0x0000000093200000, 0x0000000093200000, 0x0000000093300000|  0%| F|  |TAMS 0x0000000093200000| PB 0x0000000093200000| Untracked 
| 307|0x0000000093300000, 0x0000000093300000, 0x0000000093400000|  0%| F|  |TAMS 0x0000000093300000| PB 0x0000000093300000| Untracked 
| 308|0x0000000093400000, 0x0000000093400000, 0x0000000093500000|  0%| F|  |TAMS 0x0000000093400000| PB 0x0000000093400000| Untracked 
| 309|0x0000000093500000, 0x0000000093500000, 0x0000000093600000|  0%| F|  |TAMS 0x0000000093500000| PB 0x0000000093500000| Untracked 
| 310|0x0000000093600000, 0x0000000093600000, 0x0000000093700000|  0%| F|  |TAMS 0x0000000093600000| PB 0x0000000093600000| Untracked 
| 311|0x0000000093700000, 0x0000000093700000, 0x0000000093800000|  0%| F|  |TAMS 0x0000000093700000| PB 0x0000000093700000| Untracked 
| 312|0x0000000093800000, 0x0000000093800000, 0x0000000093900000|  0%| F|  |TAMS 0x0000000093800000| PB 0x0000000093800000| Untracked 
| 313|0x0000000093900000, 0x0000000093900000, 0x0000000093a00000|  0%| F|  |TAMS 0x0000000093900000| PB 0x0000000093900000| Untracked 
| 314|0x0000000093a00000, 0x0000000093a00000, 0x0000000093b00000|  0%| F|  |TAMS 0x0000000093a00000| PB 0x0000000093a00000| Untracked 
| 315|0x0000000093b00000, 0x0000000093b00000, 0x0000000093c00000|  0%| F|  |TAMS 0x0000000093b00000| PB 0x0000000093b00000| Untracked 
| 316|0x0000000093c00000, 0x0000000093c00000, 0x0000000093d00000|  0%| F|  |TAMS 0x0000000093c00000| PB 0x0000000093c00000| Untracked 
| 317|0x0000000093d00000, 0x0000000093d00000, 0x0000000093e00000|  0%| F|  |TAMS 0x0000000093d00000| PB 0x0000000093d00000| Untracked 
| 318|0x0000000093e00000, 0x0000000093e00000, 0x0000000093f00000|  0%| F|  |TAMS 0x0000000093e00000| PB 0x0000000093e00000| Untracked 
| 319|0x0000000093f00000, 0x0000000093f00000, 0x0000000094000000|  0%| F|  |TAMS 0x0000000093f00000| PB 0x0000000093f00000| Untracked 
| 320|0x0000000094000000, 0x0000000094000000, 0x0000000094100000|  0%| F|  |TAMS 0x0000000094000000| PB 0x0000000094000000| Untracked 
| 321|0x0000000094100000, 0x0000000094100000, 0x0000000094200000|  0%| F|  |TAMS 0x0000000094100000| PB 0x0000000094100000| Untracked 
| 322|0x0000000094200000, 0x0000000094200000, 0x0000000094300000|  0%| F|  |TAMS 0x0000000094200000| PB 0x0000000094200000| Untracked 
| 323|0x0000000094300000, 0x0000000094300000, 0x0000000094400000|  0%| F|  |TAMS 0x0000000094300000| PB 0x0000000094300000| Untracked 
| 324|0x0000000094400000, 0x0000000094400000, 0x0000000094500000|  0%| F|  |TAMS 0x0000000094400000| PB 0x0000000094400000| Untracked 
| 325|0x0000000094500000, 0x0000000094500000, 0x0000000094600000|  0%| F|  |TAMS 0x0000000094500000| PB 0x0000000094500000| Untracked 
| 326|0x0000000094600000, 0x0000000094600000, 0x0000000094700000|  0%| F|  |TAMS 0x0000000094600000| PB 0x0000000094600000| Untracked 
| 327|0x0000000094700000, 0x0000000094700000, 0x0000000094800000|  0%| F|  |TAMS 0x0000000094700000| PB 0x0000000094700000| Untracked 
| 328|0x0000000094800000, 0x0000000094800000, 0x0000000094900000|  0%| F|  |TAMS 0x0000000094800000| PB 0x0000000094800000| Untracked 
| 329|0x0000000094900000, 0x0000000094900000, 0x0000000094a00000|  0%| F|  |TAMS 0x0000000094900000| PB 0x0000000094900000| Untracked 
| 330|0x0000000094a00000, 0x0000000094a00000, 0x0000000094b00000|  0%| F|  |TAMS 0x0000000094a00000| PB 0x0000000094a00000| Untracked 
| 331|0x0000000094b00000, 0x0000000094b00000, 0x0000000094c00000|  0%| F|  |TAMS 0x0000000094b00000| PB 0x0000000094b00000| Untracked 
| 332|0x0000000094c00000, 0x0000000094c00000, 0x0000000094d00000|  0%| F|  |TAMS 0x0000000094c00000| PB 0x0000000094c00000| Untracked 
| 333|0x0000000094d00000, 0x0000000094d00000, 0x0000000094e00000|  0%| F|  |TAMS 0x0000000094d00000| PB 0x0000000094d00000| Untracked 
| 334|0x0000000094e00000, 0x0000000094e00000, 0x0000000094f00000|  0%| F|  |TAMS 0x0000000094e00000| PB 0x0000000094e00000| Untracked 
| 335|0x0000000094f00000, 0x0000000094f00000, 0x0000000095000000|  0%| F|  |TAMS 0x0000000094f00000| PB 0x0000000094f00000| Untracked 
| 336|0x0000000095000000, 0x0000000095000000, 0x0000000095100000|  0%| F|  |TAMS 0x0000000095000000| PB 0x0000000095000000| Untracked 
| 337|0x0000000095100000, 0x0000000095100000, 0x0000000095200000|  0%| F|  |TAMS 0x0000000095100000| PB 0x0000000095100000| Untracked 
| 338|0x0000000095200000, 0x0000000095200000, 0x0000000095300000|  0%| F|  |TAMS 0x0000000095200000| PB 0x0000000095200000| Untracked 
| 339|0x0000000095300000, 0x00000000953c0da8, 0x0000000095400000| 75%| E|  |TAMS 0x0000000095300000| PB 0x0000000095300000| Complete 
| 340|0x0000000095400000, 0x0000000095500000, 0x0000000095500000|100%| E|  |TAMS 0x0000000095400000| PB 0x0000000095400000| Complete 
| 341|0x0000000095500000, 0x0000000095600000, 0x0000000095600000|100%| E|CS|TAMS 0x0000000095500000| PB 0x0000000095500000| Complete 
| 342|0x0000000095600000, 0x0000000095700000, 0x0000000095700000|100%| E|CS|TAMS 0x0000000095600000| PB 0x0000000095600000| Complete 
| 343|0x0000000095700000, 0x0000000095800000, 0x0000000095800000|100%| E|CS|TAMS 0x0000000095700000| PB 0x0000000095700000| Complete 
| 344|0x0000000095800000, 0x0000000095900000, 0x0000000095900000|100%| E|CS|TAMS 0x0000000095800000| PB 0x0000000095800000| Complete 
| 345|0x0000000095900000, 0x0000000095a00000, 0x0000000095a00000|100%| E|CS|TAMS 0x0000000095900000| PB 0x0000000095900000| Complete 
| 346|0x0000000095a00000, 0x0000000095b00000, 0x0000000095b00000|100%| E|CS|TAMS 0x0000000095a00000| PB 0x0000000095a00000| Complete 
| 347|0x0000000095b00000, 0x0000000095c00000, 0x0000000095c00000|100%| E|CS|TAMS 0x0000000095b00000| PB 0x0000000095b00000| Complete 
| 348|0x0000000095c00000, 0x0000000095d00000, 0x0000000095d00000|100%| E|CS|TAMS 0x0000000095c00000| PB 0x0000000095c00000| Complete 
| 349|0x0000000095d00000, 0x0000000095e00000, 0x0000000095e00000|100%| E|CS|TAMS 0x0000000095d00000| PB 0x0000000095d00000| Complete 
| 350|0x0000000095e00000, 0x0000000095f00000, 0x0000000095f00000|100%| E|CS|TAMS 0x0000000095e00000| PB 0x0000000095e00000| Complete 
| 351|0x0000000095f00000, 0x0000000096000000, 0x0000000096000000|100%| E|CS|TAMS 0x0000000095f00000| PB 0x0000000095f00000| Complete 
| 352|0x0000000096000000, 0x0000000096100000, 0x0000000096100000|100%| E|CS|TAMS 0x0000000096000000| PB 0x0000000096000000| Complete 
| 353|0x0000000096100000, 0x0000000096200000, 0x0000000096200000|100%| E|CS|TAMS 0x0000000096100000| PB 0x0000000096100000| Complete 
| 354|0x0000000096200000, 0x0000000096300000, 0x0000000096300000|100%| E|CS|TAMS 0x0000000096200000| PB 0x0000000096200000| Complete 
| 355|0x0000000096300000, 0x0000000096400000, 0x0000000096400000|100%| E|CS|TAMS 0x0000000096300000| PB 0x0000000096300000| Complete 
| 356|0x0000000096400000, 0x0000000096500000, 0x0000000096500000|100%| E|CS|TAMS 0x0000000096400000| PB 0x0000000096400000| Complete 
| 357|0x0000000096500000, 0x0000000096600000, 0x0000000096600000|100%| E|CS|TAMS 0x0000000096500000| PB 0x0000000096500000| Complete 
| 358|0x0000000096600000, 0x0000000096700000, 0x0000000096700000|100%| E|CS|TAMS 0x0000000096600000| PB 0x0000000096600000| Complete 
| 359|0x0000000096700000, 0x0000000096800000, 0x0000000096800000|100%| E|CS|TAMS 0x0000000096700000| PB 0x0000000096700000| Complete 
| 360|0x0000000096800000, 0x0000000096900000, 0x0000000096900000|100%| E|CS|TAMS 0x0000000096800000| PB 0x0000000096800000| Complete 
| 361|0x0000000096900000, 0x0000000096a00000, 0x0000000096a00000|100%| E|CS|TAMS 0x0000000096900000| PB 0x0000000096900000| Complete 
| 362|0x0000000096a00000, 0x0000000096b00000, 0x0000000096b00000|100%| E|CS|TAMS 0x0000000096a00000| PB 0x0000000096a00000| Complete 
| 363|0x0000000096b00000, 0x0000000096c00000, 0x0000000096c00000|100%| E|CS|TAMS 0x0000000096b00000| PB 0x0000000096b00000| Complete 
| 364|0x0000000096c00000, 0x0000000096d00000, 0x0000000096d00000|100%| E|CS|TAMS 0x0000000096c00000| PB 0x0000000096c00000| Complete 
| 365|0x0000000096d00000, 0x0000000096e00000, 0x0000000096e00000|100%| E|CS|TAMS 0x0000000096d00000| PB 0x0000000096d00000| Complete 
| 366|0x0000000096e00000, 0x0000000096f00000, 0x0000000096f00000|100%| E|CS|TAMS 0x0000000096e00000| PB 0x0000000096e00000| Complete 
| 367|0x0000000096f00000, 0x0000000097000000, 0x0000000097000000|100%| E|CS|TAMS 0x0000000096f00000| PB 0x0000000096f00000| Complete 
|2025|0x00000000fe900000, 0x00000000fea00000, 0x00000000fea00000|100%| O|  |TAMS 0x00000000fe900000| PB 0x00000000fe900000| Untracked 
|2026|0x00000000fea00000, 0x00000000feb00000, 0x00000000feb00000|100%| E|CS|TAMS 0x00000000fea00000| PB 0x00000000fea00000| Complete 
|2027|0x00000000feb00000, 0x00000000fec00000, 0x00000000fec00000|100%| E|CS|TAMS 0x00000000feb00000| PB 0x00000000feb00000| Complete 
|2028|0x00000000fec00000, 0x00000000fed00000, 0x00000000fed00000|100%| E|CS|TAMS 0x00000000fec00000| PB 0x00000000fec00000| Complete 
|2029|0x00000000fed00000, 0x00000000fee00000, 0x00000000fee00000|100%| E|CS|TAMS 0x00000000fed00000| PB 0x00000000fed00000| Complete 
|2030|0x00000000fee00000, 0x00000000fef00000, 0x00000000fef00000|100%| O|  |TAMS 0x00000000fee00000| PB 0x00000000fee00000| Untracked 
|2031|0x00000000fef00000, 0x00000000ff000000, 0x00000000ff000000|100%| O|  |TAMS 0x00000000fef00000| PB 0x00000000fef00000| Untracked 
|2032|0x00000000ff000000, 0x00000000ff100000, 0x00000000ff100000|100%| O|  |TAMS 0x00000000ff000000| PB 0x00000000ff000000| Untracked 
|2033|0x00000000ff100000, 0x00000000ff200000, 0x00000000ff200000|100%| O|  |TAMS 0x00000000ff100000| PB 0x00000000ff100000| Untracked 
|2034|0x00000000ff200000, 0x00000000ff300000, 0x00000000ff300000|100%| O|  |TAMS 0x00000000ff200000| PB 0x00000000ff200000| Untracked 
|2035|0x00000000ff300000, 0x00000000ff400000, 0x00000000ff400000|100%| O|  |TAMS 0x00000000ff300000| PB 0x00000000ff300000| Untracked 
|2036|0x00000000ff400000, 0x00000000ff500000, 0x00000000ff500000|100%| O|  |TAMS 0x00000000ff400000| PB 0x00000000ff400000| Untracked 
|2037|0x00000000ff500000, 0x00000000ff600000, 0x00000000ff600000|100%| O|  |TAMS 0x00000000ff500000| PB 0x00000000ff500000| Untracked 
|2038|0x00000000ff600000, 0x00000000ff700000, 0x00000000ff700000|100%| E|CS|TAMS 0x00000000ff600000| PB 0x00000000ff600000| Complete 
|2039|0x00000000ff700000, 0x00000000ff800000, 0x00000000ff800000|100%| E|CS|TAMS 0x00000000ff700000| PB 0x00000000ff700000| Complete 
|2040|0x00000000ff800000, 0x00000000ff900000, 0x00000000ff900000|100%| O|  |TAMS 0x00000000ff800000| PB 0x00000000ff800000| Untracked 
|2041|0x00000000ff900000, 0x00000000ffa00000, 0x00000000ffa00000|100%| E|CS|TAMS 0x00000000ff900000| PB 0x00000000ff900000| Complete 
|2042|0x00000000ffa00000, 0x00000000ffb00000, 0x00000000ffb00000|100%| O|  |TAMS 0x00000000ffa00000| PB 0x00000000ffa00000| Untracked 
|2043|0x00000000ffb00000, 0x00000000ffc00000, 0x00000000ffc00000|100%| O|  |TAMS 0x00000000ffb00000| PB 0x00000000ffb00000| Untracked 
|2044|0x00000000ffc00000, 0x00000000ffd00000, 0x00000000ffd00000|100%| O|  |TAMS 0x00000000ffc00000| PB 0x00000000ffc00000| Untracked 
|2045|0x00000000ffd00000, 0x00000000ffe00000, 0x00000000ffe00000|100%| O|  |TAMS 0x00000000ffd00000| PB 0x00000000ffd00000| Untracked 
|2046|0x00000000ffe00000, 0x00000000fff00000, 0x00000000fff00000|100%| O|  |TAMS 0x00000000ffe00000| PB 0x00000000ffe00000| Untracked 
|2047|0x00000000fff00000, 0x0000000100000000, 0x0000000100000000|100%| O|  |TAMS 0x00000000fff00000| PB 0x00000000fff00000| Untracked 

Card table byte_map: [0x0000022f31460000,0x0000022f31860000] _byte_map_base: 0x0000022f31060000

Marking Bits: (CMBitMap*) 0x0000022f1ea0a180
 Bits: [0x0000022f31860000, 0x0000022f33860000)

Polling page: 0x0000022f1c760000

Metaspace:

Usage:
  Non-class:    162.43 MB used.
      Class:     24.52 MB used.
       Both:    186.95 MB used.

Virtual space:
  Non-class space:      192.00 MB reserved,     163.69 MB ( 85%) committed,  3 nodes.
      Class space:        1.00 GB reserved,      25.75 MB (  3%) committed,  1 nodes.
             Both:        1.19 GB reserved,     189.44 MB ( 16%) committed. 

Chunk freelists:
   Non-Class:  11.45 MB
       Class:  6.25 MB
        Both:  17.70 MB

MaxMetaspaceSize: unlimited
CompressedClassSpaceSize: 1.00 GB
Initial GC threshold: 21.00 MB
Current GC threshold: 307.31 MB
CDS: off
 - commit_granule_bytes: 65536.
 - commit_granule_words: 8192.
 - virtual_space_node_default_size: 8388608.
 - enlarge_chunks_in_place: 1.
 - use_allocation_guard: 0.


Internal statistics:

num_allocs_failed_limit: 9.
num_arena_births: 5674.
num_arena_deaths: 370.
num_vsnodes_births: 4.
num_vsnodes_deaths: 0.
num_space_committed: 3061.
num_space_uncommitted: 17.
num_chunks_returned_to_freelist: 777.
num_chunks_taken_from_freelist: 16439.
num_chunk_merges: 145.
num_chunk_splits: 9426.
num_chunks_enlarged: 4562.
num_inconsistent_stats: 0.

CodeHeap 'non-profiled nmethods': size=120000Kb used=15948Kb max_used=15948Kb free=104051Kb
 bounds [0x0000022f295e0000, 0x0000022f2a580000, 0x0000022f30b10000]
CodeHeap 'profiled nmethods': size=120000Kb used=41014Kb max_used=41014Kb free=78985Kb
 bounds [0x0000022f21b10000, 0x0000022f24320000, 0x0000022f29040000]
CodeHeap 'non-nmethods': size=5760Kb used=2240Kb max_used=2307Kb free=3519Kb
 bounds [0x0000022f29040000, 0x0000022f292b0000, 0x0000022f295e0000]
CodeCache: size=245760Kb, used=59202Kb, max_used=59269Kb, free=186555Kb
 total_blobs=20724, nmethods=19631, adapters=994, full_count=0
Compilation: enabled, stopped_count=0, restarted_count=0

Compilation events (20 events):
Event: 45.050 Thread 0x0000022f36639e70 27296       2       com.android.tools.r8.internal.cf0::a (25 bytes)
Event: 45.050 Thread 0x0000022f36639e70 nmethod 27296 0x0000022f24310a90 code [0x0000022f24310c60, 0x0000022f24310e28]
Event: 45.053 Thread 0x0000022f36639e70 27298       2       com.android.tools.r8.graph.oa::h (12 bytes)
Event: 45.053 Thread 0x0000022f36639e70 nmethod 27298 0x0000022f24310f90 code [0x0000022f24311120, 0x0000022f24311240]
Event: 45.057 Thread 0x0000022f36639e70 27299       2       com.android.tools.r8.graph.o7$$Lambda/0x00000001019a6640::apply (8 bytes)
Event: 45.057 Thread 0x0000022f36639e70 nmethod 27299 0x0000022f24311310 code [0x0000022f243114c0, 0x0000022f24311680]
Event: 45.057 Thread 0x0000022f36639e70 27300       2       com.android.tools.r8.graph.o7::a (17 bytes)
Event: 45.058 Thread 0x0000022f36639e70 nmethod 27300 0x0000022f24311810 code [0x0000022f243119c0, 0x0000022f24311b28]
Event: 45.063 Thread 0x0000022f36639e70 27301       1       com.android.tools.r8.graph.y6::hashCode (3 bytes)
Event: 45.063 Thread 0x0000022f36639e70 nmethod 27301 0x0000022f2a572290 code [0x0000022f2a572420, 0x0000022f2a5724e8]
Event: 45.063 Thread 0x0000022f36639e70 27302       3       com.android.tools.r8.internal.kq2::containsKey (80 bytes)
Event: 45.063 Thread 0x0000022f36639e70 nmethod 27302 0x0000022f24311c90 code [0x0000022f24311ea0, 0x0000022f24312508]
Event: 45.065 Thread 0x0000022f36639e70 27303       2       com.android.tools.r8.internal.lg0::a (44 bytes)
Event: 45.065 Thread 0x0000022f36639e70 nmethod 27303 0x0000022f24312710 code [0x0000022f24312900, 0x0000022f24312bc0]
Event: 45.065 Thread 0x0000022f36639e70 27304       2       com.android.tools.r8.graph.pa::b (18 bytes)
Event: 45.065 Thread 0x0000022f36639e70 nmethod 27304 0x0000022f24312e10 code [0x0000022f24312fc0, 0x0000022f24313130]
Event: 45.067 Thread 0x0000022f36639e70 27305       2       com.android.tools.r8.internal.fq2::iterator (12 bytes)
Event: 45.067 Thread 0x0000022f36639e70 nmethod 27305 0x0000022f24313210 code [0x0000022f243133c0, 0x0000022f243135b0]
Event: 45.067 Thread 0x0000022f36639e70 27306       2       com.android.tools.r8.internal.eq2::<init> (11 bytes)
Event: 45.068 Thread 0x0000022f36639e70 nmethod 27306 0x0000022f24313690 code [0x0000022f24313840, 0x0000022f243139a8]

GC Heap History (20 events):
Event: 30.986 GC heap before
{Heap before GC invocations=71 (full 0):
 garbage-first heap   total 363520K, used 344336K [0x0000000080000000, 0x0000000100000000)
  region size 1024K, 182 young (186368K), 17 survivors (17408K)
 Metaspace       used 161487K, committed 164096K, reserved 1245184K
  class space    used 21215K, committed 22528K, reserved 1048576K
}
Event: 31.002 GC heap after
{Heap after GC invocations=72 (full 0):
 garbage-first heap   total 373760K, used 180923K [0x0000000080000000, 0x0000000100000000)
  region size 1024K, 21 young (21504K), 21 survivors (21504K)
 Metaspace       used 161487K, committed 164096K, reserved 1245184K
  class space    used 21215K, committed 22528K, reserved 1048576K
}
Event: 32.021 GC heap before
{Heap before GC invocations=72 (full 0):
 garbage-first heap   total 373760K, used 348859K [0x0000000080000000, 0x0000000100000000)
  region size 1024K, 186 young (190464K), 21 survivors (21504K)
 Metaspace       used 166304K, committed 168832K, reserved 1245184K
  class space    used 21713K, committed 22976K, reserved 1048576K
}
Event: 32.044 GC heap after
{Heap after GC invocations=73 (full 0):
 garbage-first heap   total 385024K, used 194209K [0x0000000080000000, 0x0000000100000000)
  region size 1024K, 23 young (23552K), 23 survivors (23552K)
 Metaspace       used 166304K, committed 168832K, reserved 1245184K
  class space    used 21713K, committed 22976K, reserved 1048576K
}
Event: 33.486 GC heap before
{Heap before GC invocations=74 (full 0):
 garbage-first heap   total 385024K, used 358049K [0x0000000080000000, 0x0000000100000000)
  region size 1024K, 182 young (186368K), 23 survivors (23552K)
 Metaspace       used 170977K, committed 173504K, reserved 1245184K
  class space    used 22327K, committed 23616K, reserved 1048576K
}
Event: 33.501 GC heap after
{Heap after GC invocations=75 (full 0):
 garbage-first heap   total 389120K, used 202752K [0x0000000080000000, 0x0000000100000000)
  region size 1024K, 7 young (7168K), 7 survivors (7168K)
 Metaspace       used 170977K, committed 173504K, reserved 1245184K
  class space    used 22327K, committed 23616K, reserved 1048576K
}
Event: 38.529 GC heap before
{Heap before GC invocations=75 (full 0):
 garbage-first heap   total 389120K, used 362495K [0x0000000080000000, 0x0000000100000000)
  region size 1024K, 165 young (168960K), 7 survivors (7168K)
 Metaspace       used 177623K, committed 180224K, reserved 1245184K
  class space    used 23228K, committed 24512K, reserved 1048576K
}
Event: 38.537 GC heap after
{Heap after GC invocations=76 (full 0):
 garbage-first heap   total 389120K, used 206153K [0x0000000080000000, 0x0000000100000000)
  region size 1024K, 13 young (13312K), 13 survivors (13312K)
 Metaspace       used 177623K, committed 180224K, reserved 1245184K
  class space    used 23228K, committed 24512K, reserved 1048576K
}
Event: 39.115 GC heap before
{Heap before GC invocations=76 (full 0):
 garbage-first heap   total 389120K, used 362825K [0x0000000080000000, 0x0000000100000000)
  region size 1024K, 168 young (172032K), 13 survivors (13312K)
 Metaspace       used 179035K, committed 181568K, reserved 1245184K
  class space    used 23432K, committed 24704K, reserved 1048576K
}
Event: 39.121 GC heap after
{Heap after GC invocations=77 (full 0):
 garbage-first heap   total 389120K, used 207118K [0x0000000080000000, 0x0000000100000000)
  region size 1024K, 9 young (9216K), 9 survivors (9216K)
 Metaspace       used 179035K, committed 181568K, reserved 1245184K
  class space    used 23432K, committed 24704K, reserved 1048576K
}
Event: 40.688 GC heap before
{Heap before GC invocations=78 (full 0):
 garbage-first heap   total 389120K, used 373006K [0x0000000080000000, 0x0000000100000000)
  region size 1024K, 166 young (169984K), 9 survivors (9216K)
 Metaspace       used 182007K, committed 184512K, reserved 1245184K
  class space    used 23856K, committed 25152K, reserved 1048576K
}
Event: 40.700 GC heap after
{Heap after GC invocations=79 (full 0):
 garbage-first heap   total 400384K, used 223375K [0x0000000080000000, 0x0000000100000000)
  region size 1024K, 21 young (21504K), 21 survivors (21504K)
 Metaspace       used 182007K, committed 184512K, reserved 1245184K
  class space    used 23856K, committed 25152K, reserved 1048576K
}
Event: 41.945 GC heap before
{Heap before GC invocations=79 (full 0):
 garbage-first heap   total 400384K, used 369807K [0x0000000080000000, 0x0000000100000000)
  region size 1024K, 163 young (166912K), 21 survivors (21504K)
 Metaspace       used 187150K, committed 189760K, reserved 1245184K
  class space    used 24596K, committed 25856K, reserved 1048576K
}
Event: 41.956 GC heap after
{Heap after GC invocations=80 (full 0):
 garbage-first heap   total 400384K, used 221880K [0x0000000080000000, 0x0000000100000000)
  region size 1024K, 13 young (13312K), 13 survivors (13312K)
 Metaspace       used 187150K, committed 189760K, reserved 1245184K
  class space    used 24596K, committed 25856K, reserved 1048576K
}
Event: 42.242 GC heap before
{Heap before GC invocations=80 (full 0):
 garbage-first heap   total 400384K, used 247480K [0x0000000080000000, 0x0000000100000000)
  region size 1024K, 39 young (39936K), 13 survivors (13312K)
 Metaspace       used 188291K, committed 190848K, reserved 1245184K
  class space    used 24755K, committed 26048K, reserved 1048576K
}
Event: 42.249 GC heap after
{Heap after GC invocations=81 (full 0):
 garbage-first heap   total 400384K, used 223340K [0x0000000080000000, 0x0000000100000000)
  region size 1024K, 3 young (3072K), 3 survivors (3072K)
 Metaspace       used 188291K, committed 190848K, reserved 1245184K
  class space    used 24755K, committed 26048K, reserved 1048576K
}
Event: 43.711 GC heap before
{Heap before GC invocations=82 (full 0):
 garbage-first heap   total 400384K, used 374892K [0x0000000080000000, 0x0000000100000000)
  region size 1024K, 148 young (151552K), 3 survivors (3072K)
 Metaspace       used 187984K, committed 190592K, reserved 1245184K
  class space    used 24620K, committed 25920K, reserved 1048576K
}
Event: 43.716 GC heap after
{Heap after GC invocations=83 (full 0):
 garbage-first heap   total 400384K, used 230274K [0x0000000080000000, 0x0000000100000000)
  region size 1024K, 8 young (8192K), 8 survivors (8192K)
 Metaspace       used 187984K, committed 190592K, reserved 1245184K
  class space    used 24620K, committed 25920K, reserved 1048576K
}
Event: 44.689 GC heap before
{Heap before GC invocations=83 (full 0):
 garbage-first heap   total 400384K, used 374658K [0x0000000080000000, 0x0000000100000000)
  region size 1024K, 148 young (151552K), 8 survivors (8192K)
 Metaspace       used 190803K, committed 193408K, reserved 1245184K
  class space    used 25026K, committed 26304K, reserved 1048576K
}
Event: 44.695 GC heap after
{Heap after GC invocations=84 (full 0):
 garbage-first heap   total 400384K, used 224514K [0x0000000080000000, 0x0000000100000000)
  region size 1024K, 11 young (11264K), 11 survivors (11264K)
 Metaspace       used 190803K, committed 193408K, reserved 1245184K
  class space    used 25026K, committed 26304K, reserved 1048576K
}

Dll operation events (3 events):
Event: 0.008 Loaded shared library D:\iti\Andriod studio\Files\jbr\bin\java.dll
Event: 0.014 Loaded shared library D:\iti\Andriod studio\Files\jbr\bin\zip.dll
Event: 0.646 Loaded shared library D:\iti\Andriod studio\Files\jbr\bin\verify.dll

Deoptimization events (20 events):
Event: 44.716 Thread 0x0000022f3e647d40 DEOPT PACKING pc=0x0000022f2a2c569c sp=0x000000bfc75feca0
Event: 44.716 Thread 0x0000022f3e647d40 DEOPT UNPACKING pc=0x0000022f290943a2 sp=0x000000bfc75febe0 mode 2
Event: 44.734 Thread 0x0000022f4048a990 Uncommon trap: trap_request=0xffffffde fr.pc=0x0000022f29628360 relative=0x00000000000000a0
Event: 44.734 Thread 0x0000022f4048a990 Uncommon trap: reason=class_check action=maybe_recompile pc=0x0000022f29628360 method=java.security.MessageDigest$Delegate.engineDigest([BII)I @ 7 c2
Event: 44.734 Thread 0x0000022f4048a990 DEOPT PACKING pc=0x0000022f29628360 sp=0x000000bfc45f9cf0
Event: 44.734 Thread 0x0000022f4048a990 DEOPT UNPACKING pc=0x0000022f290943a2 sp=0x000000bfc45f9c08 mode 2
Event: 44.761 Thread 0x0000022f40488230 DEOPT PACKING pc=0x0000022f24118219 sp=0x000000bfc41f8c60
Event: 44.761 Thread 0x0000022f40488230 DEOPT UNPACKING pc=0x0000022f29094b42 sp=0x000000bfc41f8170 mode 0
Event: 44.771 Thread 0x0000022f4048a990 Uncommon trap: trap_request=0xffffffde fr.pc=0x0000022f29628360 relative=0x00000000000000a0
Event: 44.771 Thread 0x0000022f4048a990 Uncommon trap: reason=class_check action=maybe_recompile pc=0x0000022f29628360 method=java.security.MessageDigest$Delegate.engineDigest([BII)I @ 7 c2
Event: 44.771 Thread 0x0000022f4048a990 DEOPT PACKING pc=0x0000022f29628360 sp=0x000000bfc45f9cf0
Event: 44.771 Thread 0x0000022f4048a990 DEOPT UNPACKING pc=0x0000022f290943a2 sp=0x000000bfc45f9c08 mode 2
Event: 44.773 Thread 0x0000022f4048a990 Uncommon trap: trap_request=0xffffffde fr.pc=0x0000022f29628360 relative=0x00000000000000a0
Event: 44.773 Thread 0x0000022f4048a990 Uncommon trap: reason=class_check action=maybe_recompile pc=0x0000022f29628360 method=java.security.MessageDigest$Delegate.engineDigest([BII)I @ 7 c2
Event: 44.773 Thread 0x0000022f4048a990 DEOPT PACKING pc=0x0000022f29628360 sp=0x000000bfc45f9cf0
Event: 44.773 Thread 0x0000022f4048a990 DEOPT UNPACKING pc=0x0000022f290943a2 sp=0x000000bfc45f9c08 mode 2
Event: 44.781 Thread 0x0000022f4048a990 Uncommon trap: trap_request=0xffffffde fr.pc=0x0000022f29628360 relative=0x00000000000000a0
Event: 44.781 Thread 0x0000022f4048a990 Uncommon trap: reason=class_check action=maybe_recompile pc=0x0000022f29628360 method=java.security.MessageDigest$Delegate.engineDigest([BII)I @ 7 c2
Event: 44.781 Thread 0x0000022f4048a990 DEOPT PACKING pc=0x0000022f29628360 sp=0x000000bfc45f9cf0
Event: 44.781 Thread 0x0000022f4048a990 DEOPT UNPACKING pc=0x0000022f290943a2 sp=0x000000bfc45f9c08 mode 2

Classes loaded (20 events):
Event: 41.529 Loading class java/util/IdentityHashMap$EntryIterator$Entry
Event: 41.529 Loading class java/util/IdentityHashMap$EntryIterator$Entry done
Event: 42.023 Loading class java/util/IdentityHashMap$EntrySpliterator
Event: 42.024 Loading class java/util/IdentityHashMap$IdentityHashMapSpliterator
Event: 42.024 Loading class java/util/IdentityHashMap$IdentityHashMapSpliterator done
Event: 42.024 Loading class java/util/IdentityHashMap$EntrySpliterator done
Event: 42.070 Loading class java/util/SortedSet$1
Event: 42.071 Loading class java/util/SortedSet$1 done
Event: 43.395 Loading class java/util/concurrent/ConcurrentHashMap$TreeNode
Event: 43.400 Loading class java/util/concurrent/ConcurrentHashMap$TreeNode done
Event: 43.400 Loading class java/util/concurrent/ConcurrentHashMap$TreeBin
Event: 43.401 Loading class java/util/concurrent/ConcurrentHashMap$TreeBin done
Event: 44.410 Loading class java/util/stream/SortedOps$SizedRefSortingSink
Event: 44.410 Loading class java/util/stream/SortedOps$SizedRefSortingSink done
Event: 44.671 Loading class java/nio/ShortBuffer
Event: 44.672 Loading class java/nio/ShortBuffer done
Event: 44.714 Loading class java/nio/ByteBufferAsShortBufferL
Event: 44.715 Loading class java/nio/ByteBufferAsShortBufferL done
Event: 44.735 Loading class java/util/zip/Adler32
Event: 44.735 Loading class java/util/zip/Adler32 done

Classes unloaded (20 events):
Event: 42.339 Thread 0x0000022f364fb080 Unloading class 0x000000010158c850 'dagger/hilt/processor/internal/BaseProcessingStep'
Event: 42.339 Thread 0x0000022f364fb080 Unloading class 0x0000000100c3cdc8 'dagger/spi/internal/shaded/androidx/room3/compiler/processing/XProcessingStep'
Event: 42.339 Thread 0x0000022f364fb080 Unloading class 0x000000010158c588 'dagger/hilt/processor/internal/uninstallmodules/KspUninstallModulesProcessor'
Event: 42.339 Thread 0x0000022f364fb080 Unloading class 0x000000010158c2c0 'dagger/hilt/processor/internal/KspBaseProcessingStepProcessor'
Event: 42.339 Thread 0x0000022f364fb080 Unloading class 0x000000010158c000 'dagger/spi/internal/shaded/androidx/room3/compiler/processing/ksp/KspBasicAnnotationProcessor'
Event: 42.339 Thread 0x0000022f364fb080 Unloading class 0x0000000100c3cb98 'dagger/spi/internal/shaded/androidx/room3/compiler/processing/XBasicAnnotationProcessor'
Event: 42.339 Thread 0x0000022f364fb080 Unloading class 0x0000000100c3c940 'dagger/internal/codegen/KspComponentProcessor$Provider'
Event: 42.339 Thread 0x0000022f364fb080 Unloading class 0x0000000100c3c6f0 'dagger/hilt/processor/internal/root/KspComponentTreeDepsProcessor$Provider'
Event: 42.339 Thread 0x0000022f364fb080 Unloading class 0x0000000100c3c4a0 'dagger/hilt/android/processor/internal/customtestapplication/KspCustomTestApplicationProcessor$Provider'
Event: 42.339 Thread 0x0000022f364fb080 Unloading class 0x0000000100c3c250 'dagger/hilt/android/processor/internal/androidentrypoint/KspAndroidEntryPointProcessor$Provider'
Event: 42.339 Thread 0x0000022f364fb080 Unloading class 0x0000000100c3c000 'dagger/hilt/processor/internal/root/KspRootProcessor$Provider'
Event: 42.339 Thread 0x0000022f364fb080 Unloading class 0x0000000100c3bb90 'dagger/hilt/processor/internal/definecomponent/KspDefineComponentProcessor$Provider'
Event: 42.339 Thread 0x0000022f364fb080 Unloading class 0x0000000100c3b940 'dagger/hilt/android/processor/internal/bindvalue/KspBindValueProcessor$Provider'
Event: 42.339 Thread 0x0000022f364fb080 Unloading class 0x0000000100c3b6f0 'dagger/hilt/processor/internal/aliasof/KspAliasOfProcessor$Provider'
Event: 42.339 Thread 0x0000022f364fb080 Unloading class 0x0000000100c3b4a0 'dagger/hilt/processor/internal/earlyentrypoint/KspEarlyEntryPointProcessor$Provider'
Event: 42.339 Thread 0x0000022f364fb080 Unloading class 0x0000000100c3b250 'dagger/hilt/processor/internal/originatingelement/KspOriginatingElementProcessor$Provider'
Event: 42.339 Thread 0x0000022f364fb080 Unloading class 0x0000000100c3b000 'dagger/hilt/android/processor/internal/viewmodel/KspViewModelProcessor$Provider'
Event: 42.339 Thread 0x0000022f364fb080 Unloading class 0x0000000100c3a4a0 'dagger/hilt/processor/internal/generatesrootinput/KspGeneratesRootInputProcessor$Provider'
Event: 42.339 Thread 0x0000022f364fb080 Unloading class 0x0000000100c3a250 'dagger/hilt/processor/internal/aggregateddeps/KspAggregatedDepsProcessor$Provider'
Event: 42.339 Thread 0x0000022f364fb080 Unloading class 0x0000000100c3a000 'dagger/hilt/processor/internal/uninstallmodules/KspUninstallModulesProcessor$Provider'

Classes redefined (0 events):
No events

Internal exceptions (20 events):
Event: 45.059 Thread 0x0000022f4048a990 Exception <a 'sun/nio/fs/WindowsException'{0x0000000095aa7e70}> (0x0000000095aa7e70) 
thrown [s\src\hotspot\share\prims\jni.cpp, line 537]
Event: 45.060 Thread 0x0000022f40488230 Exception <a 'sun/nio/fs/WindowsException'{0x0000000095886528}> (0x0000000095886528) 
thrown [s\src\hotspot\share\prims\jni.cpp, line 537]
Event: 45.060 Thread 0x0000022f4048a990 Exception <a 'sun/nio/fs/WindowsException'{0x0000000095aabfa0}> (0x0000000095aabfa0) 
thrown [s\src\hotspot\share\prims\jni.cpp, line 537]
Event: 45.061 Thread 0x0000022f4048a990 Exception <a 'sun/nio/fs/WindowsException'{0x0000000095aad490}> (0x0000000095aad490) 
thrown [s\src\hotspot\share\prims\jni.cpp, line 537]
Event: 45.061 Thread 0x0000022f40488230 Exception <a 'sun/nio/fs/WindowsException'{0x00000000958cdb00}> (0x00000000958cdb00) 
thrown [s\src\hotspot\share\prims\jni.cpp, line 537]
Event: 45.062 Thread 0x0000022f4048a990 Exception <a 'sun/nio/fs/WindowsException'{0x0000000095ab1298}> (0x0000000095ab1298) 
thrown [s\src\hotspot\share\prims\jni.cpp, line 537]
Event: 45.062 Thread 0x0000022f3f030f70 Exception <a 'sun/nio/fs/WindowsException'{0x0000000095703a80}> (0x0000000095703a80) 
thrown [s\src\hotspot\share\prims\jni.cpp, line 537]
Event: 45.062 Thread 0x0000022f4048a990 Exception <a 'sun/nio/fs/WindowsException'{0x0000000095ab4b50}> (0x0000000095ab4b50) 
thrown [s\src\hotspot\share\prims\jni.cpp, line 537]
Event: 45.063 Thread 0x0000022f4048a990 Exception <a 'sun/nio/fs/WindowsException'{0x0000000095ab8430}> (0x0000000095ab8430) 
thrown [s\src\hotspot\share\prims\jni.cpp, line 537]
Event: 45.063 Thread 0x0000022f40488230 Exception <a 'sun/nio/fs/WindowsException'{0x00000000958d51b8}> (0x00000000958d51b8) 
thrown [s\src\hotspot\share\prims\jni.cpp, line 537]
Event: 45.064 Thread 0x0000022f4048a990 Exception <a 'sun/nio/fs/WindowsException'{0x0000000095abc4d0}> (0x0000000095abc4d0) 
thrown [s\src\hotspot\share\prims\jni.cpp, line 537]
Event: 45.064 Thread 0x0000022f4048a990 Exception <a 'sun/nio/fs/WindowsException'{0x0000000095abd9a0}> (0x0000000095abd9a0) 
thrown [s\src\hotspot\share\prims\jni.cpp, line 537]
Event: 45.065 Thread 0x0000022f4048a990 Exception <a 'sun/nio/fs/WindowsException'{0x0000000095ac1748}> (0x0000000095ac1748) 
thrown [s\src\hotspot\share\prims\jni.cpp, line 537]
Event: 45.065 Thread 0x0000022f40488230 Exception <a 'sun/nio/fs/WindowsException'{0x00000000958dd000}> (0x00000000958dd000) 
thrown [s\src\hotspot\share\prims\jni.cpp, line 537]
Event: 45.066 Thread 0x0000022f4048a990 Exception <a 'sun/nio/fs/WindowsException'{0x0000000095ac4fc0}> (0x0000000095ac4fc0) 
thrown [s\src\hotspot\share\prims\jni.cpp, line 537]
Event: 45.066 Thread 0x0000022f40488230 Exception <a 'sun/nio/fs/WindowsException'{0x00000000958e3bd0}> (0x00000000958e3bd0) 
thrown [s\src\hotspot\share\prims\jni.cpp, line 537]
Event: 45.066 Thread 0x0000022f4048a990 Exception <a 'sun/nio/fs/WindowsException'{0x0000000095ac8fc8}> (0x0000000095ac8fc8) 
thrown [s\src\hotspot\share\prims\jni.cpp, line 537]
Event: 45.067 Thread 0x0000022f40488230 Exception <a 'sun/nio/fs/WindowsException'{0x00000000958ec840}> (0x00000000958ec840) 
thrown [s\src\hotspot\share\prims\jni.cpp, line 537]
Event: 45.068 Thread 0x0000022f4048a990 Exception <a 'sun/nio/fs/WindowsException'{0x0000000095acc370}> (0x0000000095acc370) 
thrown [s\src\hotspot\share\prims\jni.cpp, line 537]
Event: 45.068 Thread 0x0000022f4048a990 Exception <a 'sun/nio/fs/WindowsException'{0x0000000095acd458}> (0x0000000095acd458) 
thrown [s\src\hotspot\share\prims\jni.cpp, line 537]

ZGC Phase Switch (0 events):
No events

VM Operations (20 events):
Event: 44.251 Executing non-safepoint VM operation: HandshakeAllThreads (Deoptimize)
Event: 44.251 Executing non-safepoint VM operation: HandshakeAllThreads (Deoptimize) done
Event: 44.269 Executing safepoint VM operation: ICBufferFull
Event: 44.269 Executing safepoint VM operation: ICBufferFull done
Event: 44.295 Executing non-safepoint VM operation: HandshakeAllThreads (Deoptimize)
Event: 44.295 Executing non-safepoint VM operation: HandshakeAllThreads (Deoptimize) done
Event: 44.588 Executing safepoint VM operation: ICBufferFull
Event: 44.589 Executing safepoint VM operation: ICBufferFull done
Event: 44.605 Executing non-safepoint VM operation: HandshakeAllThreads (Deoptimize)
Event: 44.606 Executing non-safepoint VM operation: HandshakeAllThreads (Deoptimize) done
Event: 44.634 Executing non-safepoint VM operation: HandshakeAllThreads (Deoptimize)
Event: 44.642 Executing non-safepoint VM operation: HandshakeAllThreads (Deoptimize) done
Event: 44.686 Executing non-safepoint VM operation: HandshakeAllThreads (Deoptimize)
Event: 44.686 Executing non-safepoint VM operation: HandshakeAllThreads (Deoptimize) done
Event: 44.689 Executing safepoint VM operation: G1CollectForAllocation (G1 Evacuation Pause)
Event: 44.695 Executing safepoint VM operation: G1CollectForAllocation (G1 Evacuation Pause) done
Event: 44.739 Executing non-safepoint VM operation: HandshakeAllThreads (Deoptimize)
Event: 44.752 Executing non-safepoint VM operation: HandshakeAllThreads (Deoptimize) done
Event: 44.879 Executing safepoint VM operation: ICBufferFull
Event: 44.879 Executing safepoint VM operation: ICBufferFull done

Memory protections (0 events):
No events

Nmethod flushes (20 events):
Event: 42.354 Thread 0x0000022f364fb080 flushing  nmethod 0x0000022f22c10e10
Event: 42.354 Thread 0x0000022f364fb080 flushing  nmethod 0x0000022f22c13a90
Event: 42.354 Thread 0x0000022f364fb080 flushing  nmethod 0x0000022f22c13f90
Event: 42.354 Thread 0x0000022f364fb080 flushing  nmethod 0x0000022f22c49490
Event: 42.354 Thread 0x0000022f364fb080 flushing  nmethod 0x0000022f22c4da10
Event: 42.354 Thread 0x0000022f364fb080 flushing  nmethod 0x0000022f22c7e210
Event: 42.354 Thread 0x0000022f364fb080 flushing  nmethod 0x0000022f22c7fa10
Event: 42.354 Thread 0x0000022f364fb080 flushing  nmethod 0x0000022f22dbef90
Event: 42.354 Thread 0x0000022f364fb080 flushing  nmethod 0x0000022f22ea4410
Event: 42.354 Thread 0x0000022f364fb080 flushing  nmethod 0x0000022f22f50190
Event: 42.354 Thread 0x0000022f364fb080 flushing  nmethod 0x0000022f231da390
Event: 42.354 Thread 0x0000022f364fb080 flushing  nmethod 0x0000022f231da990
Event: 42.354 Thread 0x0000022f364fb080 flushing  nmethod 0x0000022f231e1810
Event: 42.354 Thread 0x0000022f364fb080 flushing  nmethod 0x0000022f23220010
Event: 42.354 Thread 0x0000022f364fb080 flushing  nmethod 0x0000022f232bd790
Event: 42.354 Thread 0x0000022f364fb080 flushing  nmethod 0x0000022f23563f10
Event: 42.354 Thread 0x0000022f364fb080 flushing  nmethod 0x0000022f23564b10
Event: 42.354 Thread 0x0000022f364fb080 flushing  nmethod 0x0000022f23c0c990
Event: 42.354 Thread 0x0000022f364fb080 flushing  nmethod 0x0000022f23c0d310
Event: 42.354 Thread 0x0000022f364fb080 flushing  nmethod 0x0000022f23c0dc10

Events (20 events):
Event: 34.236 Thread 0x0000022f43960520 Thread exited: 0x0000022f43960520
Event: 35.235 Thread 0x0000022f3e646990 Thread added: 0x0000022f41e0e620
Event: 35.259 Thread 0x0000022f3e6483d0 Thread added: 0x0000022f41e12130
Event: 38.543 Thread 0x0000022f41e0e620 Thread exited: 0x0000022f41e0e620
Event: 39.074 Thread 0x0000022f36639e70 Thread added: 0x0000022f4990fb60
Event: 39.226 Thread 0x0000022f4a061ab0 Thread exited: 0x0000022f4a061ab0
Event: 39.592 Thread 0x0000022f4990fb60 Thread exited: 0x0000022f4990fb60
Event: 40.007 Thread 0x0000022f365fd550 Thread added: 0x0000022f42206d10
Event: 40.033 Thread 0x0000022f4180f560 Thread exited: 0x0000022f4180f560
Event: 41.057 Thread 0x0000022f42206d10 Thread exited: 0x0000022f42206d10
Event: 41.188 Thread 0x0000022f36639e70 Thread added: 0x0000022f422073e0
Event: 42.117 Thread 0x0000022f422073e0 Thread exited: 0x0000022f422073e0
Event: 42.374 Thread 0x0000022f418157d0 Thread exited: 0x0000022f418157d0
Event: 42.555 Thread 0x0000022f36639e70 Thread added: 0x0000022f41863e20
Event: 44.321 Thread 0x0000022f3c9b7410 Thread added: 0x0000022f43863350
Event: 44.337 Thread 0x0000022f3c9b7410 Thread added: 0x0000022f43864070
Event: 44.349 Thread 0x0000022f43864070 Thread added: 0x0000022f43864d90
Event: 44.349 Thread 0x0000022f43864070 Thread added: 0x0000022f43862cc0
Event: 44.724 Thread 0x0000022f3e647d40 Thread added: 0x0000022f43865420
Event: 44.726 Thread 0x0000022f43865420 Thread exited: 0x0000022f43865420


Dynamic libraries:
0x00007ff7950f0000 - 0x00007ff7950fa000 	D:\iti\Andriod studio\Files\jbr\bin\java.exe
0x00007ff8c32a0000 - 0x00007ff8c3508000 	C:\WINDOWS\SYSTEM32\ntdll.dll
0x00007ff8c1990000 - 0x00007ff8c1a59000 	C:\WINDOWS\System32\KERNEL32.DLL
0x00007ff8c0960000 - 0x00007ff8c0d51000 	C:\WINDOWS\System32\KERNELBASE.dll
0x00007ff8bfc10000 - 0x00007ff8bfd5b000 	C:\WINDOWS\System32\ucrtbase.dll
0x00007ff8b42a0000 - 0x00007ff8b42bb000 	D:\iti\Andriod studio\Files\jbr\bin\VCRUNTIME140.dll
0x00007ff8b96e0000 - 0x00007ff8b96f8000 	D:\iti\Andriod studio\Files\jbr\bin\jli.dll
0x00007ff8c1630000 - 0x00007ff8c17f6000 	C:\WINDOWS\System32\USER32.dll
0x00007ff8c1010000 - 0x00007ff8c1037000 	C:\WINDOWS\System32\win32u.dll
0x00007ff8a8a80000 - 0x00007ff8a8d13000 	C:\WINDOWS\WinSxS\amd64_microsoft.windows.common-controls_6595b64144ccf1df_6.0.26100.7653_none_3e0b88a0e3318624\COMCTL32.dll
0x00007ff8c1a60000 - 0x00007ff8c1a8b000 	C:\WINDOWS\System32\GDI32.dll
0x00007ff8c1b00000 - 0x00007ff8c1ba9000 	C:\WINDOWS\System32\msvcrt.dll
0x00007ff8c0d60000 - 0x00007ff8c0e8b000 	C:\WINDOWS\System32\gdi32full.dll
0x00007ff8bfed0000 - 0x00007ff8bff73000 	C:\WINDOWS\System32\msvcp_win.dll
0x00007ff8c14a0000 - 0x00007ff8c14d1000 	C:\WINDOWS\System32\IMM32.DLL
0x00007ff8b9700000 - 0x00007ff8b970c000 	D:\iti\Andriod studio\Files\jbr\bin\vcruntime140_1.dll
0x00007ff816ce0000 - 0x00007ff816d6d000 	D:\iti\Andriod studio\Files\jbr\bin\msvcp140.dll
0x00007fffbd560000 - 0x00007fffbe1f6000 	D:\iti\Andriod studio\Files\jbr\bin\server\jvm.dll
0x00007ff8c1c60000 - 0x00007ff8c1d14000 	C:\WINDOWS\System32\ADVAPI32.dll
0x00007ff8c1bb0000 - 0x00007ff8c1c56000 	C:\WINDOWS\System32\sechost.dll
0x00007ff8c1370000 - 0x00007ff8c1488000 	C:\WINDOWS\System32\RPCRT4.dll
0x00007ff8c1040000 - 0x00007ff8c10b4000 	C:\WINDOWS\System32\WS2_32.dll
0x00007ff8be7a0000 - 0x00007ff8be7fe000 	C:\WINDOWS\SYSTEM32\POWRPROF.dll
0x00007ff8b4af0000 - 0x00007ff8b4b25000 	C:\WINDOWS\SYSTEM32\WINMM.dll
0x00007ff8ae810000 - 0x00007ff8ae81b000 	C:\WINDOWS\SYSTEM32\VERSION.dll
0x00007ff8be780000 - 0x00007ff8be794000 	C:\WINDOWS\SYSTEM32\UMPDC.dll
0x00007ff8bea50000 - 0x00007ff8bea6b000 	C:\WINDOWS\SYSTEM32\kernel.appcore.dll
0x00007ff8b4410000 - 0x00007ff8b441a000 	D:\iti\Andriod studio\Files\jbr\bin\jimage.dll
0x00007ff8bd9e0000 - 0x00007ff8bdc22000 	C:\WINDOWS\SYSTEM32\DBGHELP.DLL
0x00007ff8c2510000 - 0x00007ff8c2896000 	C:\WINDOWS\System32\combase.dll
0x00007ff8c18b0000 - 0x00007ff8c1987000 	C:\WINDOWS\System32\OLEAUT32.dll
0x00007ff89a9c0000 - 0x00007ff89a9fb000 	C:\WINDOWS\SYSTEM32\dbgcore.DLL
0x00007ff8c08b0000 - 0x00007ff8c0955000 	C:\WINDOWS\System32\bcryptPrimitives.dll
0x00007ff8b96c0000 - 0x00007ff8b96ce000 	D:\iti\Andriod studio\Files\jbr\bin\instrument.dll
0x00007ff8922d0000 - 0x00007ff8922f0000 	D:\iti\Andriod studio\Files\jbr\bin\java.dll
0x00007ff88c850000 - 0x00007ff88c868000 	D:\iti\Andriod studio\Files\jbr\bin\zip.dll
0x00007ff8c1db0000 - 0x00007ff8c2501000 	C:\WINDOWS\System32\SHELL32.dll
0x00007ff8bfd60000 - 0x00007ff8bfeca000 	C:\WINDOWS\System32\wintypes.dll
0x00007ff8c0040000 - 0x00007ff8c08a4000 	C:\WINDOWS\System32\windows.storage.dll
0x00007ff8c10c0000 - 0x00007ff8c11b6000 	C:\WINDOWS\System32\SHCORE.dll
0x00007ff8c1a90000 - 0x00007ff8c1af7000 	C:\WINDOWS\System32\shlwapi.dll
0x00007ff8bfaa0000 - 0x00007ff8bfac8000 	C:\WINDOWS\SYSTEM32\profapi.dll
0x00007ff8aa7e0000 - 0x00007ff8aa7f0000 	D:\iti\Andriod studio\Files\jbr\bin\net.dll
0x00007ff8b9380000 - 0x00007ff8b94a7000 	C:\WINDOWS\SYSTEM32\WINHTTP.dll
0x00007ff8befc0000 - 0x00007ff8bf02b000 	C:\WINDOWS\system32\mswsock.dll
0x00007ff88c780000 - 0x00007ff88c796000 	D:\iti\Andriod studio\Files\jbr\bin\nio.dll
0x00007ff892340000 - 0x00007ff892350000 	D:\iti\Andriod studio\Files\jbr\bin\verify.dll
0x00007ff88e680000 - 0x00007ff88e6a7000 	C:\Users\Hazem\.gradle\native\660c5614fbf4a5f2a75b1949f50a0caf5cd603558e7d8a26e50b933a0cfb79d1\windows-amd64\native-platform.dll
0x00007ff823100000 - 0x00007ff823177000 	C:\Users\Hazem\.gradle\native\0.2.8\x86_64-windows-gnu\gradle-fileevents.dll
0x00007ff891d50000 - 0x00007ff891d59000 	D:\iti\Andriod studio\Files\jbr\bin\management.dll
0x00007ff88e3b0000 - 0x00007ff88e3bb000 	D:\iti\Andriod studio\Files\jbr\bin\management_ext.dll
0x00007ff8c11d0000 - 0x00007ff8c11d8000 	C:\WINDOWS\System32\PSAPI.DLL
0x00007ff8be2f0000 - 0x00007ff8be324000 	C:\WINDOWS\SYSTEM32\IPHLPAPI.DLL
0x00007ff8c11c0000 - 0x00007ff8c11ca000 	C:\WINDOWS\System32\NSI.dll
0x00007ff892280000 - 0x00007ff892289000 	D:\iti\Andriod studio\Files\jbr\bin\extnet.dll
0x00007ff8bf280000 - 0x00007ff8bf29b000 	C:\WINDOWS\SYSTEM32\CRYPTSP.dll
0x00007ff8be9b0000 - 0x00007ff8be9e9000 	C:\WINDOWS\system32\rsaenh.dll
0x00007ff8bf070000 - 0x00007ff8bf09b000 	C:\WINDOWS\SYSTEM32\USERENV.dll
0x00007ff8bfa70000 - 0x00007ff8bfa9a000 	C:\WINDOWS\SYSTEM32\bcrypt.dll
0x00007ff8bf2a0000 - 0x00007ff8bf2ac000 	C:\WINDOWS\SYSTEM32\CRYPTBASE.dll
0x00007ff8a83a0000 - 0x00007ff8a83a8000 	C:\WINDOWS\system32\wshunix.dll
0x00007ff8bbc60000 - 0x00007ff8bbcfe000 	C:\WINDOWS\system32\apphelp.dll
0x00007ffff4da0000 - 0x00007ffff4f39000 	D:\iti\Andriod studio\Files\jbr\bin\awt.dll
0x00007ff87e7c0000 - 0x00007ff87e804000 	D:\iti\Andriod studio\Files\jbr\bin\nvdaControllerClient64.dll
0x00007ff8a8a00000 - 0x00007ff8a8a79000 	C:\WINDOWS\SYSTEM32\OLEACC.dll
0x00007ff8bd050000 - 0x00007ff8bd081000 	C:\WINDOWS\SYSTEM32\dwmapi.dll
0x00007ff8bcda0000 - 0x00007ff8bce4b000 	C:\WINDOWS\system32\uxtheme.dll
0x00007ff8c11e0000 - 0x00007ff8c133f000 	C:\WINDOWS\System32\MSCTF.dll
0x00007ff8c30c0000 - 0x00007ff8c3257000 	C:\WINDOWS\System32\ole32.dll
0x00007ff857110000 - 0x00007ff857128000 	C:\WINDOWS\system32\napinsp.dll
0x00007ff8be330000 - 0x00007ff8be45c000 	C:\WINDOWS\SYSTEM32\DNSAPI.dll
0x00007ff857080000 - 0x00007ff857092000 	C:\WINDOWS\System32\winrnr.dll
0x00007ff8ae120000 - 0x00007ff8ae142000 	C:\WINDOWS\system32\nlansp_c.dll
0x00007ff8b7c90000 - 0x00007ff8b7ca6000 	C:\WINDOWS\system32\wshbth.dll
0x00007ff8b9b20000 - 0x00007ff8b9b2b000 	C:\Windows\System32\rasadhlp.dll
0x00007ff8b9ee0000 - 0x00007ff8b9f66000 	C:\WINDOWS\System32\fwpuclnt.dll
0x00007ff8ad690000 - 0x00007ff8ad697000 	D:\iti\Andriod studio\Files\jbr\bin\rmi.dll
0x00007ff8beb70000 - 0x00007ff8beba6000 	C:\WINDOWS\SYSTEM32\ntmarta.dll

JVMTI agents:
C:\Users\Hazem\.gradle\wrapper\dists\gradle-9.4.1-bin\arn2x92ynaizyzdaamcbpbhtj\gradle-9.4.1\lib\agents\gradle-instrumentation-agent-9.4.1.jar path:D:\iti\Andriod studio\Files\jbr\bin\instrument.dll, loaded, initialized, instrumentlib options:none

dbghelp: loaded successfully - version: 4.0.5 - missing functions: none
symbol engine: initialized successfully - sym options: 0x614 - pdb path: .;D:\iti\Andriod studio\Files\jbr\bin;C:\WINDOWS\SYSTEM32;C:\WINDOWS\WinSxS\amd64_microsoft.windows.common-controls_6595b64144ccf1df_6.0.26100.7653_none_3e0b88a0e3318624;D:\iti\Andriod studio\Files\jbr\bin\server;C:\Users\Hazem\.gradle\native\660c5614fbf4a5f2a75b1949f50a0caf5cd603558e7d8a26e50b933a0cfb79d1\windows-amd64;C:\Users\Hazem\.gradle\native\0.2.8\x86_64-windows-gnu

VM Arguments:
jvm_args: --add-opens=java.base/java.lang=ALL-UNNAMED --add-opens=java.base/java.lang.invoke=ALL-UNNAMED --add-opens=java.base/java.util=ALL-UNNAMED --add-opens=java.prefs/java.util.prefs=ALL-UNNAMED --add-exports=jdk.compiler/com.sun.tools.javac.api=ALL-UNNAMED --add-exports=jdk.compiler/com.sun.tools.javac.util=ALL-UNNAMED --add-opens=java.base/java.util=ALL-UNNAMED --add-opens=java.prefs/java.util.prefs=ALL-UNNAMED --add-opens=java.base/java.nio.charset=ALL-UNNAMED --add-opens=java.base/java.net=ALL-UNNAMED --add-opens=java.base/java.util.concurrent=ALL-UNNAMED --add-opens=java.base/java.util.concurrent.atomic=ALL-UNNAMED --add-opens=java.xml/javax.xml.namespace=ALL-UNNAMED --add-opens=java.base/java.time=ALL-UNNAMED -Xmx2048m -Dfile.encoding=UTF-8 -Duser.country=US -Duser.language=en -Duser.variant -javaagent:C:\Users\Hazem\.gradle\wrapper\dists\gradle-9.4.1-bin\arn2x92ynaizyzdaamcbpbhtj\gradle-9.4.1\lib\agents\gradle-instrumentation-agent-9.4.1.jar 
java_command: org.gradle.launcher.daemon.bootstrap.GradleDaemon 9.4.1
java_class_path (initial): C:\Users\Hazem\.gradle\wrapper\dists\gradle-9.4.1-bin\arn2x92ynaizyzdaamcbpbhtj\gradle-9.4.1\lib\gradle-daemon-main-9.4.1.jar
Launcher Type: SUN_STANDARD

[Global flags]
     intx CICompilerCount                          = 4                                         {product} {ergonomic}
     uint ConcGCThreads                            = 3                                         {product} {ergonomic}
     uint G1ConcRefinementThreads                  = 10                                        {product} {ergonomic}
   size_t G1HeapRegionSize                         = 1048576                                   {product} {ergonomic}
    uintx GCDrainStackTargetSize                   = 64                                        {product} {ergonomic}
   size_t InitialHeapSize                          = 264241152                                 {product} {ergonomic}
   size_t MarkStackSize                            = 4194304                                   {product} {ergonomic}
   size_t MaxHeapSize                              = 2147483648                                {product} {command line}
   size_t MaxNewSize                               = 1287651328                                {product} {ergonomic}
   size_t MinHeapDeltaBytes                        = 1048576                                   {product} {ergonomic}
   size_t MinHeapSize                              = 8388608                                   {product} {ergonomic}
    uintx NonNMethodCodeHeapSize                   = 5839372                                {pd product} {ergonomic}
    uintx NonProfiledCodeHeapSize                  = 122909434                              {pd product} {ergonomic}
    uintx ProfiledCodeHeapSize                     = 122909434                              {pd product} {ergonomic}
    uintx ReservedCodeCacheSize                    = 251658240                              {pd product} {ergonomic}
     bool SegmentedCodeCache                       = true                                      {product} {ergonomic}
   size_t SoftMaxHeapSize                          = 2147483648                             {manageable} {ergonomic}
     bool UseCompressedOops                        = true                           {product lp64_product} {ergonomic}
     bool UseG1GC                                  = true                                      {product} {ergonomic}
     bool UseLargePagesIndividualAllocation        = false                                  {pd product} {ergonomic}

Logging:
Log output configuration:
 #0: stdout all=warning uptime,level,tags foldmultilines=false
 #1: stderr all=off uptime,level,tags foldmultilines=false

Release file:
JAVA_VERSION="21.0.10" 
MODULES="java.base java.compiler java.datatransfer java.xml java.prefs java.desktop java.instrument java.logging java.management java.security.sasl java.naming java.rmi java.management.rmi java.net.http java.scripting java.security.jgss java.transaction.xa java.sql java.sql.rowset java.xml.crypto java.se java.smartcardio jdk.accessibility jdk.internal.jvmstat jdk.attach jdk.charsets jdk.internal.opt jdk.zipfs jdk.compiler jdk.crypto.ec jdk.crypto.cryptoki jdk.dynalink jdk.hotspot.agent jdk.httpserver jdk.internal.ed jdk.internal.le jdk.internal.vm.ci jdk.jartool jdk.javadoc jdk.jcmd jdk.jdeps jdk.jdwp.agent jdk.jdi jdk.jfr jdk.jlink jdk.jsobject jdk.localedata jdk.management jdk.management.agent jdk.management.jfr jdk.naming.dns jdk.naming.rmi jdk.net jdk.sctp jdk.security.auth jdk.security.jgss jdk.unsupported jdk.unsupported.desktop jdk.xml.dom" 
IMPLEMENTOR="JetBrains s.r.o." 
JAVA_RUNTIME_VERSION="21.0.10+-14961533-b1163.108" 
LIBC="default" 
OS_ARCH="x86_64" 
OS_NAME="Windows" 
SOURCE=".:git:1351622c2ff2" 

Environment Variables:
JAVA_HOME=D:\iti\Andriod studio\Files\jbr
PATH=C:/Users/Hazem/.gemini/antigravity/bin;C:\Users\Hazem\AppData\Roaming\Antigravity\bin;D:\iti\Andriod studio\Files\jbr\bin;C:\Program Files\Java\jre1.8.0_461\bin;C:\Program Files (x86)\Common Files\Oracle\Java\java8path;C:\Windows\system32;C:\Windows;C:\Windows\System32\Wbem;C:\Windows\System32\WindowsPowerShell\v1.0\;C:\Windows\System32\OpenSSH\;C:\WINDOWS\system32;C:\WINDOWS;C:\WINDOWS\System32\Wbem;C:\WINDOWS\System32\WindowsPowerShell\v1.0\;C:\WINDOWS\System32\OpenSSH\;C:\Program Files\dotnet\;C:\Program Files\nodejs\;C:\Program Files\NVIDIA Corporation\NVIDIA App\NvDLISR;C:\Program Files (x86)\NVIDIA Corporation\PhysX\Common;C:\Program Files\Java\jdk-1.8\bin;C:\Program Files\Git\cmd;C:\Program Files\Java\jdk-20\bin;C:\Users\Hazem\AppData\Local\Microsoft\WindowsApps;C:\Users\Hazem\AppData\Local\Programs\Microsoft VS Code\bin;C:\flutter\src\flutter\bin;C:\dart\dart-sdk\bin;C:\Users\Hazem\AppData\Roaming\npm;D:\Antigravity\bin;C:\Users\Hazem\AppData\AndroidCLI
USERNAME=Hazem
OS=Windows_NT
PROCESSOR_IDENTIFIER=Intel64 Family 6 Model 154 Stepping 3, GenuineIntel
TMP=C:\Users\Hazem\AppData\Local\Temp
TEMP=C:\Users\Hazem\AppData\Local\Temp




Periodic native trim disabled

JNI global refs:
JNI global refs: 40, weak refs: 39

JNI global refs memory usage: 835, weak refs: 833

Process memory usage:
Resident Set Size: 816692K (4% of 16389492K total physical memory with 332764K free physical memory)

OOME stack traces (most recent first):
Classloader memory used:
Loader java.net.URLClassLoader                                                         : 49409K
Loader org.gradle.internal.classloader.VisitableURLClassLoader                         : 44546K
Loader org.gradle.internal.classloader.VisitableURLClassLoader$InstrumentingVisitableURLClassLoader: 44280K
Loader bootstrap                                                                       : 31105K
Loader org.gradle.initialization.MixInLegacyTypesClassLoader                           : 10672K
Loader jdk.internal.loader.ClassLoaders$AppClassLoader                                 : 8124K
Loader jdk.internal.reflect.DelegatingClassLoader                                      : 1741K
Loader jdk.internal.jrtfs.JrtFileSystemProvider$JrtFsLoader                            : 870K
Loader jdk.internal.loader.ClassLoaders$PlatformClassLoader                            : 678K
Loader org.gradle.internal.classloader.VisitableURLClassLoader                         : 44360B

Classes loaded by more than one classloader:
Class jdk.internal.jrtfs.JrtFileSystemProvider                                        : loaded 4 times (x 101B)
Class jdk.internal.jimage.ImageBufferCache$1                                          : loaded 4 times (x 83B)
Class jdk.internal.jimage.ImageBufferCache$2                                          : loaded 4 times (x 91B)
Class jdk.internal.jimage.ImageHeader                                                 : loaded 4 times (x 71B)
Class jdk.internal.jimage.ImageStringsReader                                          : loaded 4 times (x 80B)
Class jdk.internal.jimage.ImageReader                                                 : loaded 4 times (x 75B)
Class jdk.internal.jimage.ImageReader$SharedImageReader                               : loaded 4 times (x 95B)
Class jdk.internal.jimage.ImageReader$Node                                            : loaded 4 times (x 84B)
Class jdk.internal.jimage.BasicImageReader$1                                          : loaded 4 times (x 77B)
Class jdk.internal.jimage.decompressor.Decompressor                                   : loaded 4 times (x 72B)
Class jdk.internal.jimage.ImageBufferCache                                            : loaded 4 times (x 71B)
Class jdk.internal.jrtfs.JrtPath                                                      : loaded 4 times (x 118B)
Class jdk.internal.jimage.BasicImageReader                                            : loaded 4 times (x 95B)
Class jdk.internal.jimage.ImageReader$Directory                                       : loaded 4 times (x 84B)
Class jdk.internal.jimage.ImageLocation                                               : loaded 4 times (x 90B)
Class jdk.internal.jimage.ImageStrings                                                : loaded 4 times (x 70B)
Class jdk.internal.jrtfs.JrtFileSystem                                                : loaded 4 times (x 102B)
Class kotlin.collections.CollectionsKt__ReversedViewsKt                               : loaded 3 times (x 71B)
Class kotlin.LazyKt                                                                   : loaded 3 times (x 71B)
Class kotlin.collections.SetsKt__SetsKt                                               : loaded 3 times (x 71B)
Class kotlin.collections.ArraysKt                                                     : loaded 3 times (x 71B)
Class kotlin.ranges.RangesKt___RangesKt                                               : loaded 3 times (x 71B)
Class kotlin.KotlinNullPointerException                                               : loaded 3 times (x 83B)
Class kotlin.collections.CollectionsKt__IterablesKt                                   : loaded 3 times (x 71B)
Class kotlin.collections.MapsKt                                                       : loaded 3 times (x 71B)
Class kotlin.sequences.SequencesKt__SequenceBuilderKt                                 : loaded 3 times (x 71B)
Class kotlin.jvm.internal.Intrinsics                                                  : loaded 3 times (x 71B)
Class kotlin.reflect.KAnnotatedElement                                                : loaded 3 times (x 70B)
Class kotlin.text.StringsKt___StringsKt                                               : loaded 3 times (x 71B)
Class kotlin.enums.EnumEntriesKt                                                      : loaded 3 times (x 71B)
Class kotlin.collections.CollectionsKt__MutableCollectionsJVMKt                       : loaded 3 times (x 71B)
Class kotlin.collections.MapsKt__MapWithDefaultKt                                     : loaded 3 times (x 71B)
Class kotlin.collections.ArraysKt___ArraysKt                                          : loaded 3 times (x 71B)
Class kotlin.io.FilesKt                                                               : loaded 3 times (x 71B)
Class kotlin.collections.MapsKt___MapsKt                                              : loaded 3 times (x 71B)
Class kotlin.text.StringsKt___StringsJvmKt                                            : loaded 3 times (x 71B)
Class kotlin.reflect.KDeclarationContainer                                            : loaded 3 times (x 70B)
Class kotlin.sequences.FilteringSequence$iterator$1                                   : loaded 3 times (x 79B)
Class kotlin.collections.CollectionsKt___CollectionsKt                                : loaded 3 times (x 71B)
Class kotlin.collections.EmptySet                                                     : loaded 3 times (x 122B)
Class kotlin.collections.MapsKt___MapsJvmKt                                           : loaded 3 times (x 71B)
Class kotlin.jvm.functions.Function3                                                  : loaded 3 times (x 70B)
Class kotlin.jvm.functions.Function2                                                  : loaded 3 times (x 70B)
Class kotlin.jvm.functions.Function1                                                  : loaded 3 times (x 70B)
Class kotlin.jvm.functions.Function0                                                  : loaded 3 times (x 70B)
Class kotlin.collections.ArraysUtilJVM                                                : loaded 3 times (x 71B)
Class kotlin.ranges.RangesKt                                                          : loaded 3 times (x 71B)
Class kotlin.sequences.SequencesKt___SequencesJvmKt                                   : loaded 3 times (x 71B)
Class kotlin.Unit                                                                     : loaded 3 times (x 71B)
Class kotlin.TuplesKt                                                                 : loaded 3 times (x 71B)
Class kotlin.collections.CollectionsKt___CollectionsJvmKt                             : loaded 3 times (x 71B)
Class kotlin.sequences.SequencesKt___SequencesKt                                      : loaded 3 times (x 71B)
Class kotlin.collections.AbstractList$Companion                                       : loaded 3 times (x 71B)
Class kotlin.jvm.internal.FunctionReferenceImpl                                       : loaded 3 times (x 122B)
Class kotlin.sequences.FilteringSequence                                              : loaded 3 times (x 75B)
Class kotlin.comparisons.ComparisonsKt___ComparisonsKt                                : loaded 3 times (x 71B)
Class kotlin.comparisons.ComparisonsKt                                                : loaded 3 times (x 71B)
Class kotlin.sequences.SequencesKt__SequencesKt                                       : loaded 3 times (x 71B)
Class jdk.internal.jrtfs.ExplodedImage                                                : loaded 3 times (x 77B)
Class kotlin.collections.SetsKt___SetsKt                                              : loaded 3 times (x 71B)
Class kotlin.ranges.RangesKt__RangesKt                                                : loaded 3 times (x 71B)
Class kotlin.comparisons.ComparisonsKt__ComparisonsKt                                 : loaded 3 times (x 71B)
Class kotlin.UNINITIALIZED_VALUE                                                      : loaded 3 times (x 71B)
Class kotlin.text.StringsKt__AppendableKt                                             : loaded 3 times (x 71B)
Class kotlin.io.FilesKt__FileTreeWalkKt                                               : loaded 3 times (x 71B)
Class kotlin.LazyKt__LazyKt                                                           : loaded 3 times (x 71B)
Class kotlin.collections.ArrayAsCollection                                            : loaded 3 times (x 105B)
Class kotlin.collections.AbstractCollection                                           : loaded 3 times (x 117B)
Class [Lkotlin.reflect.KCallable;                                                     : loaded 3 times (x 69B)
Class kotlin.collections.AbstractList                                                 : loaded 3 times (x 197B)
Class kotlin.sequences.SequencesKt__SequencesJVMKt                                    : loaded 3 times (x 71B)
Class kotlin.jvm.internal.CollectionToArray                                           : loaded 3 times (x 71B)
Class kotlin.text.StringsKt__RegexExtensionsKt                                        : loaded 3 times (x 71B)
Class kotlin.SynchronizedLazyImpl                                                     : loaded 3 times (x 76B)
Class kotlin.collections.EmptyIterator                                                : loaded 3 times (x 89B)
Class jdk.internal.jimage.ImageReader$SharedImageReader$LocationVisitor               : loaded 3 times (x 70B)
Class kotlin.io.FileSystemException                                                   : loaded 3 times (x 82B)
Class kotlin.collections.ArraysKt__ArraysJVMKt                                        : loaded 3 times (x 71B)
Class kotlin.jvm.internal.CallableReference$NoReceiver                                : loaded 3 times (x 71B)
Class kotlin.sequences.Sequence                                                       : loaded 3 times (x 70B)
Class kotlin.text.StringsKt__StringNumberConversionsJVMKt                             : loaded 3 times (x 71B)
Class kotlin.enums.EnumEntries                                                        : loaded 3 times (x 70B)
Class kotlin.jvm.internal.CallableReference                                           : loaded 3 times (x 106B)
Class kotlin.jvm.KotlinReflectionNotSupportedError                                    : loaded 3 times (x 82B)
Class jdk.internal.jrtfs.JrtFileAttributes                                            : loaded 3 times (x 83B)
Class kotlin.text.StringsKt__StringNumberConversionsKt                                : loaded 3 times (x 71B)
Class kotlin.io.FilesKt__FileReadWriteKt                                              : loaded 3 times (x 71B)
Class jdk.internal.jimage.ImageReader$Resource                                        : loaded 3 times (x 84B)
Class kotlin.text.StringsKt__StringBuilderKt                                          : loaded 3 times (x 71B)
Class jdk.internal.jrtfs.SystemImage                                                  : loaded 3 times (x 74B)
Class kotlin.LazyKt__LazyJVMKt                                                        : loaded 3 times (x 71B)
Class kotlin.text.StringsKt                                                           : loaded 3 times (x 71B)
Class jdk.internal.jimage.BasicImageReader$2                                          : loaded 3 times (x 77B)
Class kotlin.collections.CollectionsKt__IteratorsKt                                   : loaded 3 times (x 71B)
Class kotlin.sequences.SequencesKt                                                    : loaded 3 times (x 71B)
Class kotlin.collections.IndexedValue                                                 : loaded 3 times (x 72B)
Class kotlin.Lazy                                                                     : loaded 3 times (x 70B)
Class kotlin.collections.CollectionsKt__CollectionsJVMKt                              : loaded 3 times (x 71B)
Class kotlin.io.FilesKt__UtilsKt                                                      : loaded 3 times (x 71B)
Class kotlin.NoWhenBranchMatchedException                                             : loaded 3 times (x 82B)
Class kotlin.sequences.ConstrainedOnceSequence                                        : loaded 3 times (x 75B)
Class kotlin.jvm.internal.markers.KMappedMarker                                       : loaded 3 times (x 70B)
Class kotlin.UninitializedPropertyAccessException                                     : loaded 3 times (x 82B)
Class jdk.internal.jrtfs.JrtDirectoryStream                                           : loaded 3 times (x 89B)
Class kotlin.collections.MapsKt__MapsKt                                               : loaded 3 times (x 71B)
Class kotlin.reflect.KFunction                                                        : loaded 3 times (x 70B)
Class kotlin.text.StringsKt__IndentKt                                                 : loaded 3 times (x 71B)
Class kotlin.collections.SetsKt                                                       : loaded 3 times (x 71B)
Class kotlin.text.StringsKt__StringsJVMKt                                             : loaded 3 times (x 71B)
Class [Lkotlin.reflect.KAnnotatedElement;                                             : loaded 3 times (x 69B)
Class kotlin.collections.IndexingIterator                                             : loaded 3 times (x 79B)
Class jdk.internal.jrtfs.JrtFileStore                                                 : loaded 3 times (x 83B)
Class kotlin.collections.ArraysKt___ArraysJvmKt                                       : loaded 3 times (x 71B)
Class kotlin.collections.CollectionsKt__CollectionsKt                                 : loaded 3 times (x 71B)
Class kotlin.text.StringsKt__RegexExtensionsJVMKt                                     : loaded 3 times (x 71B)
Class kotlin.io.NoSuchFileException                                                   : loaded 3 times (x 82B)
Class kotlin.io.FileAlreadyExistsException                                            : loaded 3 times (x 82B)
Class kotlin.internal.ProgressionUtilKt                                               : loaded 3 times (x 71B)
Class kotlin.Function                                                                 : loaded 3 times (x 70B)
Class kotlin.collections.SetsKt__SetsJVMKt                                            : loaded 3 times (x 71B)
Class kotlin.collections.ArraysKt__ArraysKt                                           : loaded 3 times (x 71B)
Class kotlin.collections.IndexingIterable                                             : loaded 3 times (x 79B)
Class kotlin.collections.CollectionsKt                                                : loaded 3 times (x 71B)
Class kotlin.collections.MapsKt__MapsJVMKt                                            : loaded 3 times (x 71B)
Class jdk.internal.jimage.ImageReader$LinkNode                                        : loaded 3 times (x 84B)
Class kotlin._Assertions                                                              : loaded 3 times (x 71B)
Class kotlin.collections.EmptyList                                                    : loaded 3 times (x 174B)
Class kotlin.text.StringsKt__StringsKt                                                : loaded 3 times (x 71B)
Class kotlin.text.StringsKt__StringBuilderJVMKt                                       : loaded 3 times (x 71B)
Class jdk.internal.jrtfs.JrtDirectoryStream$1                                         : loaded 3 times (x 83B)
Class kotlin.io.FilesKt__FilePathComponentsKt                                         : loaded 3 times (x 71B)
Class kotlin.io.TerminateException                                                    : loaded 3 times (x 82B)
Class jdk.internal.jrtfs.SystemImage$1                                                : loaded 3 times (x 78B)
Class kotlin.jvm.internal.FunctionReference                                           : loaded 3 times (x 122B)
Class kotlin.jvm.internal.FunctionBase                                                : loaded 3 times (x 70B)
Class kotlin.enums.EnumEntriesList                                                    : loaded 3 times (x 223B)
Class kotlin.reflect.KCallable                                                        : loaded 3 times (x 70B)
Class kotlin.collections.CollectionsKt__MutableCollectionsKt                          : loaded 3 times (x 71B)
Class kotlin.io.CloseableKt                                                           : loaded 3 times (x 71B)
Class kotlin.Pair                                                                     : loaded 3 times (x 72B)
Class kotlin.NotImplementedError                                                      : loaded 3 times (x 82B)
Class kotlin.collections.CollectionsKt__IteratorsJVMKt                                : loaded 3 times (x 71B)
Class jdk.internal.jrtfs.SystemImage$2                                                : loaded 3 times (x 76B)
Class kotlin.comparisons.ComparisonsKt___ComparisonsJvmKt                             : loaded 3 times (x 71B)
Class com.google.common.collect.ImmutableCollection$Builder                           : loaded 2 times (x 76B)
Class com.google.common.collect.EmptyImmutableListMultimap                            : loaded 2 times (x 176B)
Class com.google.common.collect.BaseImmutableMultimap                                 : loaded 2 times (x 123B)
Class com.google.common.base.Joiner                                                   : loaded 2 times (x 79B)
Class com.google.common.base.MoreObjects                                              : loaded 2 times (x 71B)
Class org.jetbrains.kotlin.build.report.metrics.GradleBuildTime                       : loaded 2 times (x 86B)
Class kotlin.reflect.KProperty0                                                       : loaded 2 times (x 70B)
Class kotlin.Result                                                                   : loaded 2 times (x 72B)
Class [Lorg.objectweb.asm.Type;                                                       : loaded 2 times (x 69B)
Class [Lorg.objectweb.asm.Attribute;                                                  : loaded 2 times (x 69B)
Class com.google.common.collect.Platform                                              : loaded 2 times (x 71B)
Class com.google.common.collect.UnmodifiableIterator                                  : loaded 2 times (x 80B)
Class org.jetbrains.kotlin.gradle.plugin.diagnostics.checkers.OverriddenKotlinNativeHomeChecker$StdlibExistenceCheckerValueSource: loaded 2 times (x 78B)
Class org.gradle.internal.service.ServiceLocator                                      : loaded 2 times (x 70B)
Class com.google.common.collect.Iterators$ArrayItr                                    : loaded 2 times (x 97B)
Class com.google.common.cache.CacheLoader$FunctionToCacheLoader                       : loaded 2 times (x 75B)
Class [Lkotlin.Function;                                                              : loaded 2 times (x 69B)
Class kotlin.reflect.KProperty1                                                       : loaded 2 times (x 70B)
Class kotlin.reflect.KClass                                                           : loaded 2 times (x 70B)
Class kotlin.sequences.TransformingSequence$iterator$1                                : loaded 2 times (x 79B)
Class com.google.common.base.Ascii                                                    : loaded 2 times (x 71B)
Class com.google.common.collect.ImmutableSortedMap$Builder                            : loaded 2 times (x 90B)
Class com.google.common.collect.HashBiMap$BiEntry                                     : loaded 2 times (x 83B)
Class com.google.common.collect.SingletonImmutableBiMap                               : loaded 2 times (x 143B)
Class com.google.common.cache.LocalCache$1                                            : loaded 2 times (x 89B)
Class com.google.common.collect.Iterators$SingletonIterator                           : loaded 2 times (x 81B)
Class com.google.common.collect.AbstractMapEntry                                      : loaded 2 times (x 81B)
Class com.google.common.collect.ImmutableRangeSet$AsSet                               : loaded 2 times (x 300B)
Class com.google.common.collect.ImmutableListMultimap                                 : loaded 2 times (x 176B)
Class kotlin.sequences.GeneratorSequence$iterator$1                                   : loaded 2 times (x 79B)
Class kotlin.reflect.KProperty2                                                       : loaded 2 times (x 70B)
Class com.google.common.collect.AbstractSetMultimap                                   : loaded 2 times (x 174B)
Class com.google.common.collect.MapMakerInternalMap$AbstractStrongKeyEntry            : loaded 2 times (x 80B)
Class com.google.common.collect.Sets$ImprovedAbstractSet                              : loaded 2 times (x 135B)
Class com.google.common.collect.ImmutableList$Builder                                 : loaded 2 times (x 77B)
Class com.google.common.io.CharSource$StringCharSource                                : loaded 2 times (x 86B)
Class com.google.common.io.ByteSource$ByteArrayByteSource                             : loaded 2 times (x 85B)
Class com.google.common.cache.LocalCache$2                                            : loaded 2 times (x 142B)
Class com.google.common.collect.AbstractMultimap                                      : loaded 2 times (x 123B)
Class org.jetbrains.kotlin.gradle.plugin.diagnostics.checkers.OverriddenKotlinNativeHomeChecker$StdlibExistenceCheckerValueSource$Inject_: loaded 2 times (x 109B)
Class [Lkotlin.coroutines.intrinsics.CoroutineSingletons;                             : loaded 2 times (x 69B)
Class org.gradle.internal.classloader.InstrumentingClassLoader                        : loaded 2 times (x 70B)
Class org.gradle.internal.classpath.TransformedClassPath                              : loaded 2 times (x 96B)
Class kotlin.coroutines.CoroutineContext$Element                                      : loaded 2 times (x 70B)
Class com.google.common.collect.ImmutableRangeSet$1                                   : loaded 2 times (x 210B)
Class com.google.common.collect.RegularImmutableAsList                                : loaded 2 times (x 217B)
Class kotlin.io.LinesSequence$iterator$1                                              : loaded 2 times (x 79B)
Class kotlin.collections.AbstractIterator                                             : loaded 2 times (x 83B)
Class kotlin.text.CharsKt                                                             : loaded 2 times (x 71B)
Class com.google.common.util.concurrent.AbstractFuture$Trusted                        : loaded 2 times (x 70B)
Class com.google.common.base.Optional                                                 : loaded 2 times (x 80B)
Class com.google.common.collect.Range                                                 : loaded 2 times (x 87B)
Class com.google.common.collect.Iterators                                             : loaded 2 times (x 71B)
Class com.google.common.cache.CacheBuilder$NullListener                               : loaded 2 times (x 82B)
Class com.google.common.collect.MapMaker$Dummy                                        : loaded 2 times (x 79B)
Class [Lorg.jetbrains.kotlin.build.report.metrics.BuildTime;                          : loaded 2 times (x 69B)
Class kotlin.collections.MutableMapWithDefault                                        : loaded 2 times (x 70B)
Class kotlin.coroutines.ContinuationInterceptor$Key                                   : loaded 2 times (x 71B)
Class com.google.common.collect.ExplicitOrdering                                      : loaded 2 times (x 115B)
Class com.google.common.io.ByteSink$AsCharSink                                        : loaded 2 times (x 80B)
Class com.google.common.collect.Lists$StringAsImmutableList                           : loaded 2 times (x 207B)
Class com.google.common.util.concurrent.UncheckedExecutionException                   : loaded 2 times (x 82B)
Class org.jetbrains.kotlin.gradle.plugin.diagnostics.IsAttachedToTerminalValueSource$Inject_: loaded 2 times (x 100B)
Class org.objectweb.asm.FieldWriter                                                   : loaded 2 times (x 78B)
Class kotlin.text.Regex$Companion                                                     : loaded 2 times (x 71B)
Class com.google.common.collect.MapDifference                                         : loaded 2 times (x 70B)
Class kotlin.collections.ArraysKt___ArraysKt$asSequence$$inlined$Sequence$1           : loaded 2 times (x 75B)
Class kotlin.jvm.JvmStatic                                                            : loaded 2 times (x 70B)
Class com.google.common.collect.AbstractMapBasedMultimap$KeySet$1                     : loaded 2 times (x 82B)
Class com.google.common.base.CharMatcher$And                                          : loaded 2 times (x 112B)
Class org.objectweb.asm.ClassWriter                                                   : loaded 2 times (x 106B)
Class com.google.common.collect.ImmutableBiMap$Builder                                : loaded 2 times (x 82B)
Class com.google.common.cache.CacheLoader$UnsupportedLoadingOperationException        : loaded 2 times (x 82B)
Class com.google.common.cache.LocalCache$Strength$3                                   : loaded 2 times (x 81B)
Class kotlin.collections.builders.ListBuilderKt                                       : loaded 2 times (x 71B)
Class com.google.common.collect.FluentIterable$1                                      : loaded 2 times (x 81B)
Class org.objectweb.asm.FieldVisitor                                                  : loaded 2 times (x 77B)
Class com.google.common.base.Objects                                                  : loaded 2 times (x 71B)
Class com.google.common.collect.IndexedImmutableSet                                   : loaded 2 times (x 152B)
Class com.google.common.collect.ImmutableMap$1                                        : loaded 2 times (x 81B)
Class com.google.common.collect.BiMap                                                 : loaded 2 times (x 70B)
Class org.gradle.api.internal.classpath.DefaultModuleRegistry$DefaultModule           : loaded 2 times (x 82B)
Class kotlin.ResultKt                                                                 : loaded 2 times (x 71B)
Class com.google.common.collect.FluentIterable$2                                      : loaded 2 times (x 81B)
Class com.google.common.collect.NullsFirstOrdering                                    : loaded 2 times (x 115B)
Class com.google.common.base.Absent                                                   : loaded 2 times (x 80B)
Class com.google.common.primitives.Ints                                               : loaded 2 times (x 71B)
Class com.google.common.collect.AbstractIterator                                      : loaded 2 times (x 82B)
Class com.google.common.io.ByteStreams                                                : loaded 2 times (x 71B)
Class com.google.common.base.Splitter$1                                               : loaded 2 times (x 77B)
Class kotlin.Result$Failure                                                           : loaded 2 times (x 72B)
Class com.google.common.collect.FluentIterable$3                                      : loaded 2 times (x 81B)
Class com.google.common.math.MathPreconditions                                        : loaded 2 times (x 71B)
Class com.google.common.collect.ObjectArrays                                          : loaded 2 times (x 71B)
Class com.google.common.collect.AbstractIndexedListIterator                           : loaded 2 times (x 96B)
Class com.google.common.collect.ArrayListMultimapGwtSerializationDependencies         : loaded 2 times (x 172B)
Class com.google.common.collect.Multiset                                              : loaded 2 times (x 70B)
Class com.google.common.collect.AllEqualOrdering                                      : loaded 2 times (x 114B)
Class com.google.common.collect.TransformedIterator                                   : loaded 2 times (x 80B)
Class com.google.common.collect.ImmutableMapEntrySet                                  : loaded 2 times (x 152B)
Class org.gradle.api.internal.classpath.Module                                        : loaded 2 times (x 70B)
Class com.google.common.collect.Interner                                              : loaded 2 times (x 70B)
Class com.google.common.collect.Interners$InternerImpl                                : loaded 2 times (x 75B)
Class kotlin.KotlinVersion                                                            : loaded 2 times (x 74B)
Class kotlin.reflect.KMutableProperty                                                 : loaded 2 times (x 70B)
Class com.google.common.cache.Weigher                                                 : loaded 2 times (x 70B)
Class org.jetbrains.kotlin.gradle.internal.IsInIdeaSyncValueSource                    : loaded 2 times (x 78B)
Class org.gradle.api.internal.classpath.UnknownModuleException                        : loaded 2 times (x 82B)
Class kotlin.reflect.KTypeParameter                                                   : loaded 2 times (x 70B)
Class kotlin.sequences.DistinctIterator                                               : loaded 2 times (x 83B)
Class kotlin.jvm.internal.PropertyReference                                           : loaded 2 times (x 115B)
Class com.google.common.base.Stopwatch                                                : loaded 2 times (x 72B)
Class com.google.common.cache.LocalCache$Strength                                     : loaded 2 times (x 81B)
Class com.google.common.cache.Cache                                                   : loaded 2 times (x 70B)
Class com.google.common.cache.LocalCache$Strength$2                                   : loaded 2 times (x 81B)
Class org.jetbrains.kotlin.build.report.metrics.BuildMetricsReporter                  : loaded 2 times (x 70B)
Class com.google.common.base.NullnessCasts                                            : loaded 2 times (x 71B)
Class com.google.common.io.AppendableWriter                                           : loaded 2 times (x 100B)
Class com.google.common.util.concurrent.AbstractFuture$Cancellation                   : loaded 2 times (x 72B)
Class com.google.common.collect.ImmutableMap$Builder                                  : loaded 2 times (x 82B)
Class com.google.common.util.concurrent.SettableFuture                                : loaded 2 times (x 114B)
Class kotlin.io.ByteStreamsKt                                                         : loaded 2 times (x 71B)
Class com.google.common.collect.AbstractMapBasedMultimap$WrappedCollection$WrappedIterator: loaded 2 times (x 84B)
Class com.google.common.base.Present                                                  : loaded 2 times (x 81B)
Class com.google.common.cache.RemovalListener                                         : loaded 2 times (x 70B)
Class org.gradle.api.internal.DefaultClassPathRegistry                                : loaded 2 times (x 76B)
Class kotlin.jvm.JvmClassMappingKt                                                    : loaded 2 times (x 71B)
Class kotlin.jvm.internal.Reflection                                                  : loaded 2 times (x 71B)
Class kotlin.reflect.KProperty                                                        : loaded 2 times (x 70B)
Class kotlin.ranges.ClosedRange                                                       : loaded 2 times (x 70B)
Class com.google.common.collect.ImmutableMultimap$Keys                                : loaded 2 times (x 166B)
Class com.google.common.primitives.IntsMethodsForWeb                                  : loaded 2 times (x 71B)
Class com.google.common.collect.Multimap                                              : loaded 2 times (x 70B)
Class org.gradle.internal.classpath.DefaultClassPath$ImmutableUniqueList              : loaded 2 times (x 199B)
Class org.gradle.api.internal.ClassPathRegistry                                       : loaded 2 times (x 70B)
Class jdk.internal.jimage.decompressor.ResourceDecompressor                           : loaded 2 times (x 70B)
Class kotlin.coroutines.jvm.internal.ContinuationImpl                                 : loaded 2 times (x 87B)
Class kotlin.jvm.internal.TypeIntrinsics                                              : loaded 2 times (x 71B)
Class kotlin.collections.IntIterator                                                  : loaded 2 times (x 82B)
Class com.google.common.collect.NullnessCasts                                         : loaded 2 times (x 71B)
Class com.google.common.collect.MapMakerInternalMap$Segment                           : loaded 2 times (x 142B)
Class com.google.common.base.ExtraObjectsMethodsForWeb                                : loaded 2 times (x 71B)
Class kotlin.coroutines.jvm.internal.SuspendLambda                                    : loaded 2 times (x 91B)
Class kotlin.collections.MapWithDefault                                               : loaded 2 times (x 70B)
Class com.google.common.collect.SingletonImmutableList                                : loaded 2 times (x 207B)
Class com.google.common.io.ByteSink                                                   : loaded 2 times (x 76B)
Class com.google.common.cache.CacheBuilder                                            : loaded 2 times (x 72B)
Class org.jetbrains.kotlin.gradle.plugin.internal.CustomPropertiesFileValueSource$Parameters_Decorated: loaded 2 times (x 130B)
Class org.gradle.internal.classpath.ClassPath                                         : loaded 2 times (x 70B)
Class kotlin.jvm.functions.Function22                                                 : loaded 2 times (x 70B)
Class kotlin.sequences.SequencesKt__SequencesKt$asSequence$$inlined$Sequence$1        : loaded 2 times (x 75B)
Class kotlin.collections.ArrayDeque                                                   : loaded 2 times (x 207B)
Class com.google.common.collect.Interners$InternerBuilder                             : loaded 2 times (x 76B)
Class com.google.common.collect.ImmutableList$ReverseImmutableList                    : loaded 2 times (x 209B)
Class com.google.common.base.JdkPattern                                               : loaded 2 times (x 75B)
Class com.google.common.io.Files$FileByteSource                                       : loaded 2 times (x 85B)
Class org.jetbrains.kotlin.gradle.tasks.KotlinCompile$ScriptFilterSpec                : loaded 2 times (x 75B)
Class [Lkotlin.reflect.KDeclarationContainer;                                         : loaded 2 times (x 69B)
Class kotlin.jvm.internal.Lambda                                                      : loaded 2 times (x 75B)
Class org.objectweb.asm.SymbolTable$Entry                                             : loaded 2 times (x 74B)
Class com.google.common.io.CharStreams$NullWriter                                     : loaded 2 times (x 99B)
Class com.google.common.io.CharSource$CharSequenceCharSource                          : loaded 2 times (x 86B)
Class org.gradle.api.internal.classpath.DefaultModuleRegistry$DefaultModuleAlias      : loaded 2 times (x 80B)
Class com.google.common.cache.LocalCache$Strength$1                                   : loaded 2 times (x 81B)
Class com.google.common.base.Suppliers$SupplierOfInstance                             : loaded 2 times (x 79B)
Class com.google.common.collect.Iterators$1                                           : loaded 2 times (x 81B)
Class com.google.common.io.ByteArrayDataInput                                         : loaded 2 times (x 70B)
Class kotlin.properties.Delegates                                                     : loaded 2 times (x 71B)
Class kotlin.Metadata                                                                 : loaded 2 times (x 70B)
Class kotlin.collections.AbstractMutableSet                                           : loaded 2 times (x 142B)
Class com.google.devtools.ksp.processing.KSPJvmConfig                                 : loaded 2 times (x 72B)
Class com.google.common.cache.LocalCache$ComputingValueReference                      : loaded 2 times (x 96B)
Class com.google.common.collect.ImmutableMap$IteratorBasedImmutableMap                : loaded 2 times (x 126B)
Class com.google.common.collect.SingletonImmutableSet                                 : loaded 2 times (x 146B)
Class com.google.common.collect.Sets$4                                                : loaded 2 times (x 139B)
Class kotlin.reflect.KProperty$Getter                                                 : loaded 2 times (x 70B)
Class com.google.common.collect.AbstractMapBasedMultimap$AsMap$AsMapEntries           : loaded 2 times (x 138B)
Class com.google.common.cache.LocalCache$Segment                                      : loaded 2 times (x 154B)
Class com.google.common.collect.MapMakerInternalMap$StrongValueEntry                  : loaded 2 times (x 70B)
Class kotlin.SafePublicationLazyImpl                                                  : loaded 2 times (x 76B)
Class [Lorg.objectweb.asm.SymbolTable$Entry;                                          : loaded 2 times (x 69B)
Class com.google.common.collect.SortedIterable                                        : loaded 2 times (x 70B)
Class com.google.common.collect.ImmutableBiMap                                        : loaded 2 times (x 143B)
Class com.google.common.cache.CacheLoader                                             : loaded 2 times (x 74B)
Class com.google.common.collect.Iterators$4                                           : loaded 2 times (x 82B)
Class com.google.common.collect.AbstractListMultimap                                  : loaded 2 times (x 172B)
Class org.gradle.api.internal.classpath.ModuleRegistry                                : loaded 2 times (x 70B)
Class org.gradle.internal.installation.GradleInstallation$1                           : loaded 2 times (x 75B)
Class jdk.internal.jimage.decompressor.ResourceDecompressorFactory                    : loaded 2 times (x 74B)
Class com.google.devtools.ksp.processing.KSPLogger                                    : loaded 2 times (x 70B)
Class com.google.common.base.Splitter$SplittingIterator                               : loaded 2 times (x 84B)
Class com.google.common.util.concurrent.internal.InternalFutureFailureAccess          : loaded 2 times (x 72B)
Class com.google.common.collect.ImmutableSet$JdkBackedSetBuilderImpl                  : loaded 2 times (x 76B)
Class com.google.common.collect.Iterators$5                                           : loaded 2 times (x 82B)
Class org.jetbrains.kotlin.gradle.utils.ConfigurationCacheOpaqueValue                 : loaded 2 times (x 72B)
Class kotlin.coroutines.intrinsics.IntrinsicsKt__IntrinsicsKt                         : loaded 2 times (x 71B)
Class com.google.common.collect.ImmutableMultimap$Values                              : loaded 2 times (x 126B)
Class com.google.common.collect.ImmutableSortedAsList                                 : loaded 2 times (x 221B)
Class com.google.common.base.CharMatcher$ForPredicate                                 : loaded 2 times (x 112B)
Class com.google.common.cache.LocalCache$LocalManualCache$1                           : loaded 2 times (x 75B)
Class org.objectweb.asm.ModuleVisitor                                                 : loaded 2 times (x 81B)
Class kotlin.jvm.functions.Function21                                                 : loaded 2 times (x 70B)
Class org.gradle.internal.service.UnknownServiceException                             : loaded 2 times (x 83B)
Class com.google.common.collect.Multimaps$CustomSetMultimap                           : loaded 2 times (x 178B)
Class com.google.common.collect.ImmutableSortedMap$1EntrySet                          : loaded 2 times (x 155B)
Class com.google.common.base.CharMatcher$AnyOf                                        : loaded 2 times (x 112B)
Class com.google.common.collect.ImmutableCollection                                   : loaded 2 times (x 125B)
Class org.jetbrains.kotlin.gradle.plugin.diagnostics.KotlinGradleProjectChecker       : loaded 2 times (x 70B)
Class org.gradle.api.internal.classpath.DefaultModuleRegistry                         : loaded 2 times (x 84B)
Class com.google.common.cache.LocalCache$LocalLoadingCache                            : loaded 2 times (x 134B)
Class com.google.common.collect.Sets$3                                                : loaded 2 times (x 139B)
Class com.google.common.base.AbstractIterator$State                                   : loaded 2 times (x 79B)
Class com.google.common.collect.MapMakerInternalMap$Strength$2                        : loaded 2 times (x 80B)
Class org.jetbrains.kotlin.build.report.metrics.GradleBuildTime$Companion             : loaded 2 times (x 71B)
Class kotlin.KotlinVersionCurrentValue                                                : loaded 2 times (x 71B)
Class kotlin.collections.builders.MapBuilder$Itr                                      : loaded 2 times (x 72B)
Class com.google.common.util.concurrent.ListenableFuture                              : loaded 2 times (x 70B)
Class com.google.common.collect.Lists                                                 : loaded 2 times (x 71B)
Class com.google.common.cache.ReferenceEntry                                          : loaded 2 times (x 70B)
Class com.google.common.base.Converter                                                : loaded 2 times (x 90B)
Class com.google.common.collect.ImmutableSet$CachingAsList                            : loaded 2 times (x 148B)
Class [Lorg.objectweb.asm.AnnotationVisitor;                                          : loaded 2 times (x 69B)
Class kotlin.collections.CollectionsKt___CollectionsKt$asSequence$$inlined$Sequence$1 : loaded 2 times (x 75B)
Class kotlin.jvm.internal.markers.KMutableSet                                         : loaded 2 times (x 70B)
Class com.google.common.util.concurrent.AbstractFuture                                : loaded 2 times (x 106B)
Class com.google.common.base.FunctionalEquivalence                                    : loaded 2 times (x 83B)
Class com.google.common.collect.Iterators$9                                           : loaded 2 times (x 81B)
Class com.google.common.collect.AbstractMapBasedMultimap                              : loaded 2 times (x 139B)
Class com.google.common.collect.ImmutableAsList                                       : loaded 2 times (x 209B)
Class kotlin.jvm.functions.Function20                                                 : loaded 2 times (x 70B)
Class kotlin.coroutines.jvm.internal.RestrictedContinuationImpl                       : loaded 2 times (x 87B)
Class kotlin.coroutines.CoroutineContext$Key                                          : loaded 2 times (x 70B)
Class com.google.common.collect.ImmutableMultiset                                     : loaded 2 times (x 163B)
Class org.objectweb.asm.RecordComponentVisitor                                        : loaded 2 times (x 77B)
Class com.google.common.io.CharStreams                                                : loaded 2 times (x 71B)
Class com.google.common.cache.CacheLoader$SupplierToCacheLoader                       : loaded 2 times (x 75B)
Class org.jetbrains.kotlin.gradle.internal.IsInIdeaEnvironmentValueSource             : loaded 2 times (x 80B)
Class org.gradle.api.internal.ClassPathProvider                                       : loaded 2 times (x 70B)
Class [Lorg.gradle.api.internal.ClassPathProvider;                                    : loaded 2 times (x 69B)
Class com.google.common.io.CharSource$ConcatenatedCharSource                          : loaded 2 times (x 86B)
Class com.google.common.collect.Sets$2                                                : loaded 2 times (x 139B)
Class [Lkotlin.Pair;                                                                  : loaded 2 times (x 69B)
Class kotlin.jvm.internal.markers.KMutableList                                        : loaded 2 times (x 70B)
Class com.google.common.collect.UsingToStringOrdering                                 : loaded 2 times (x 114B)
Class com.google.common.collect.Maps$EntryTransformer                                 : loaded 2 times (x 70B)
Class org.gradle.internal.service.ServiceLookupException                              : loaded 2 times (x 82B)
Class com.google.common.collect.Maps$ViewCachingAbstractMap                           : loaded 2 times (x 125B)
Class [Lkotlin.sequences.Sequence;                                                    : loaded 2 times (x 69B)
Class kotlin.jvm.internal.MutablePropertyReference1Impl                               : loaded 2 times (x 137B)
Class com.google.common.collect.NaturalOrdering                                       : loaded 2 times (x 115B)
Class [Lcom.google.common.cache.LocalCache$EntryFactory;                              : loaded 2 times (x 69B)
Class org.jetbrains.kotlin.gradle.internal.IsInIdeaEnvironmentValueSource$Inject_     : loaded 2 times (x 100B)
Class org.gradle.internal.classloader.ClassLoaderFactory                              : loaded 2 times (x 70B)
Class com.google.common.base.CharMatcher$IsNot                                        : loaded 2 times (x 111B)
Class com.google.common.base.CommonPattern                                            : loaded 2 times (x 74B)
Class com.google.common.cache.LocalCache$LocalManualCache                             : loaded 2 times (x 99B)
Class org.gradle.internal.service.CachingServiceLocator                               : loaded 2 times (x 82B)
Class com.google.common.collect.MapMakerInternalMap$Strength$1                        : loaded 2 times (x 80B)
Class kotlin.collections.AbstractList$IteratorImpl                                    : loaded 2 times (x 82B)
Class com.google.common.collect.AbstractMapBasedMultimap$KeySet                       : loaded 2 times (x 137B)
Class com.google.common.collect.RegularImmutableSortedSet                             : loaded 2 times (x 300B)
Class com.google.common.math.IntMath                                                  : loaded 2 times (x 71B)
Class org.jetbrains.kotlin.gradle.plugin.diagnostics.checkers.OverriddenKotlinNativeHomeChecker$StdlibExistenceCheckerValueSource$Params_Decorated: loaded 2 times (x 130B)
Class org.jetbrains.kotlin.gradle.internal.IsInIdeaSyncValueSource$Inject_            : loaded 2 times (x 109B)
Class org.jetbrains.kotlin.build.report.metrics.BuildTime                             : loaded 2 times (x 70B)
Class kotlin.properties.ReadOnlyProperty                                              : loaded 2 times (x 70B)
Class kotlin.jvm.internal.markers.KMutableMap                                         : loaded 2 times (x 70B)
Class kotlin.ranges.IntRange                                                          : loaded 2 times (x 93B)
Class com.google.common.collect.MapMakerInternalMap$InternalEntry                     : loaded 2 times (x 70B)
Class [Lcom.google.common.collect.HashBiMap$BiEntry;                                  : loaded 2 times (x 69B)
Class com.google.common.collect.ImmutableMapEntry                                     : loaded 2 times (x 85B)
Class kotlin.sequences.SequenceScope                                                  : loaded 2 times (x 73B)
Class org.jetbrains.kotlin.build.report.metrics.DoNothingBuildMetricsReporter         : loaded 2 times (x 86B)
Class com.google.common.collect.ImmutableMultimap                                     : loaded 2 times (x 147B)
Class com.google.common.collect.ImmutableMapEntry$NonTerminalImmutableMapEntry        : loaded 2 times (x 85B)
Class com.google.common.base.Equivalence                                              : loaded 2 times (x 82B)
Class com.google.common.base.Function                                                 : loaded 2 times (x 70B)
Class com.google.common.collect.IndexedImmutableSet$1                                 : loaded 2 times (x 213B)
Class com.google.common.collect.RegularImmutableList                                  : loaded 2 times (x 213B)
Class com.google.common.cache.CacheBuilder$OneWeigher                                 : loaded 2 times (x 82B)
Class org.gradle.api.internal.DefaultClassPathProvider                                : loaded 2 times (x 76B)
Class com.google.common.collect.ImmutableSet$SerializedForm                           : loaded 2 times (x 73B)
Class com.google.common.collect.ImmutableSortedMap                                    : loaded 2 times (x 217B)
Class org.gradle.internal.classloader.ClasspathUtil                                   : loaded 2 times (x 71B)
Class com.google.common.collect.Sets$1                                                : loaded 2 times (x 139B)
Class kotlin.jvm.internal.PropertyReference0                                          : loaded 2 times (x 127B)
Class kotlin.sequences.EmptySequence                                                  : loaded 2 times (x 78B)
Class com.google.common.util.concurrent.Uninterruptibles                              : loaded 2 times (x 71B)
Class kotlin.jvm.internal.DefaultConstructorMarker                                    : loaded 2 times (x 71B)
Class kotlin.sequences.DistinctSequence                                               : loaded 2 times (x 75B)
Class kotlin.jvm.internal.PropertyReference1                                          : loaded 2 times (x 127B)
Class com.google.common.collect.AbstractMapBasedMultimap$WrappedSet                   : loaded 2 times (x 142B)
Class com.google.common.util.concurrent.LazyLogger                                    : loaded 2 times (x 72B)
Class com.google.common.io.CharSource                                                 : loaded 2 times (x 85B)
Class com.google.common.collect.Maps                                                  : loaded 2 times (x 71B)
Class org.gradle.api.specs.Spec                                                       : loaded 2 times (x 70B)
Class com.google.common.base.Splitter                                                 : loaded 2 times (x 72B)
Class kotlin.jvm.internal.MutablePropertyReference                                    : loaded 2 times (x 119B)
Class kotlin.UnsafeLazyImpl                                                           : loaded 2 times (x 76B)
Class kotlin.LazyKt__LazyJVMKt$WhenMappings                                           : loaded 2 times (x 71B)
Class com.google.common.collect.MapMaker                                              : loaded 2 times (x 72B)
Class [Lcom.google.common.collect.ImmutableEntry;                                     : loaded 2 times (x 69B)
Class kotlin.jvm.internal.ArrayIterator                                               : loaded 2 times (x 79B)
Class kotlin.LazyThreadSafetyMode                                                     : loaded 2 times (x 79B)
Class com.google.common.cache.LocalCache$LoadingValueReference                        : loaded 2 times (x 96B)
Class jdk.internal.jimage.decompressor.ResourceDecompressorRepository                 : loaded 2 times (x 71B)
Class com.google.common.collect.ComparatorOrdering                                    : loaded 2 times (x 115B)
Class com.google.common.collect.Iterators$EmptyModifiableIterator                     : loaded 2 times (x 86B)
Class org.objectweb.asm.AnnotationVisitor                                             : loaded 2 times (x 78B)
Class kotlin.jvm.internal.SpreadBuilder                                               : loaded 2 times (x 76B)
Class com.google.common.collect.CollectSpliterators                                   : loaded 2 times (x 71B)
Class com.google.common.collect.AbstractMapBasedMultimap$AsMap                        : loaded 2 times (x 128B)
Class com.google.common.collect.MapMakerInternalMap$StrongKeyDummyValueEntry          : loaded 2 times (x 82B)
Class com.google.common.io.LineReader$1                                               : loaded 2 times (x 75B)
Class com.google.common.base.Platform                                                 : loaded 2 times (x 71B)
Class kotlin.jvm.internal.AdaptedFunctionReference                                    : loaded 2 times (x 77B)
Class kotlin.reflect.KProperty$Accessor                                               : loaded 2 times (x 70B)
Class kotlin.jvm.internal.ArrayIteratorKt                                             : loaded 2 times (x 71B)
Class com.google.common.collect.ListMultimap                                          : loaded 2 times (x 70B)
Class kotlin.io.FilePathComponents                                                    : loaded 2 times (x 72B)
Class kotlin.coroutines.jvm.internal.RestrictedSuspendLambda                          : loaded 2 times (x 91B)
Class com.google.devtools.ksp.processing.KspGradleLogger$Companion                    : loaded 2 times (x 71B)
Class [Lorg.objectweb.asm.AnnotationWriter;                                           : loaded 2 times (x 69B)
Class com.google.common.collect.AbstractMapBasedMultimap$WrappedList                  : loaded 2 times (x 205B)
Class com.google.common.collect.CompoundOrdering                                      : loaded 2 times (x 115B)
Class com.google.common.collect.Maps$8                                                : loaded 2 times (x 82B)
Class com.google.common.collect.ImmutableEnumMap                                      : loaded 2 times (x 126B)
Class com.google.common.collect.ImmutableRangeSet                                     : loaded 2 times (x 115B)
Class kotlin.coroutines.ContinuationInterceptor                                       : loaded 2 times (x 70B)
Class kotlin.collections.MutableMapWithDefaultImpl                                    : loaded 2 times (x 144B)
Class kotlin.text.Regex                                                               : loaded 2 times (x 72B)
Class kotlin.Triple                                                                   : loaded 2 times (x 72B)
Class kotlin.sequences.SequencesKt__SequenceBuilderKt$sequence$$inlined$Sequence$1    : loaded 2 times (x 75B)
Class [Lcom.google.common.collect.Iterators$EmptyModifiableIterator;                  : loaded 2 times (x 69B)
Class com.google.common.collect.ImmutableRangeSet$Builder                             : loaded 2 times (x 77B)
Class com.google.common.collect.Sets$SetView                                          : loaded 2 times (x 138B)
Class com.google.common.collect.Ordering                                              : loaded 2 times (x 114B)
Class kotlin.jvm.internal.Ref$ObjectRef                                               : loaded 2 times (x 72B)
Class kotlin.jvm.internal.ReflectionFactory                                           : loaded 2 times (x 91B)
Class org.objectweb.asm.Type                                                          : loaded 2 times (x 72B)
Class com.google.common.graph.SuccessorsFunction                                      : loaded 2 times (x 70B)
Class org.gradle.internal.classloader.VisitableURLClassLoader$InstrumentingVisitableURLClassLoader: loaded 2 times (x 123B)
Class [Lcom.google.common.collect.ImmutableMapEntry;                                  : loaded 2 times (x 69B)
Class kotlin.io.FileTreeWalk$FileTreeWalkIterator                                     : loaded 2 times (x 83B)
Class kotlin.sequences.SequencesKt___SequencesKt$flatMap$2                            : loaded 2 times (x 125B)
Class com.google.common.io.ByteSource$ConcatenatedByteSource                          : loaded 2 times (x 85B)
Class kotlin.collections.ReversedListReadOnly$listIterator$1                          : loaded 2 times (x 90B)
Class kotlin.jvm.internal.ClassBasedDeclarationContainer                              : loaded 2 times (x 70B)
Class kotlin.coroutines.Continuation                                                  : loaded 2 times (x 70B)
Class org.objectweb.asm.ByteVector                                                    : loaded 2 times (x 79B)
Class com.google.common.collect.MapMakerInternalMap$StrongKeyDummyValueEntry$Helper   : loaded 2 times (x 79B)
Class com.google.common.math.IntMath$1                                                : loaded 2 times (x 71B)
Class com.google.common.io.Files$FileByteSink                                         : loaded 2 times (x 77B)
Class [Lcom.google.common.cache.CacheBuilder$NullListener;                            : loaded 2 times (x 69B)
Class org.gradle.internal.classloader.VisitableURLClassLoader$Spec                    : loaded 2 times (x 74B)
Class org.gradle.internal.classpath.DefaultClassPath                                  : loaded 2 times (x 90B)
Class jdk.internal.jimage.decompressor.ZipDecompressorFactory                         : loaded 2 times (x 74B)
Class com.google.common.base.CharMatcher$None                                         : loaded 2 times (x 112B)
Class com.google.common.collect.ReverseNaturalOrdering                                : loaded 2 times (x 114B)
Class [Lcom.google.common.collect.AbstractIterator$State;                             : loaded 2 times (x 69B)
Class [Lorg.jetbrains.kotlin.build.report.metrics.GradleBuildTime;                    : loaded 2 times (x 69B)
Class kotlin.Result$Companion                                                         : loaded 2 times (x 71B)
Class kotlin.coroutines.jvm.internal.BaseContinuationImpl                             : loaded 2 times (x 87B)
Class kotlin.text.CharsKt__CharJVMKt                                                  : loaded 2 times (x 71B)
Class com.google.devtools.ksp.processing.KspGradleLogger                              : loaded 2 times (x 79B)
Class org.objectweb.asm.Symbol                                                        : loaded 2 times (x 73B)
Class com.google.common.collect.ImmutableSortedMap$1EntrySet$1                        : loaded 2 times (x 213B)
Class com.google.common.base.AbstractIterator                                         : loaded 2 times (x 80B)
Class kotlin.reflect.KType                                                            : loaded 2 times (x 70B)
Class com.google.common.base.CharMatcher$BitSetMatcher                                : loaded 2 times (x 112B)
Class com.google.common.io.Java8Compatibility                                         : loaded 2 times (x 71B)
Class com.google.common.collect.RegularImmutableMap$Values                            : loaded 2 times (x 207B)
Class com.google.common.io.Closer                                                     : loaded 2 times (x 78B)
Class com.google.common.collect.ImmutableSet                                          : loaded 2 times (x 145B)
Class org.gradle.internal.classloader.ClassLoaderSpec                                 : loaded 2 times (x 71B)
Class kotlin.KotlinVersion$Companion                                                  : loaded 2 times (x 71B)
Class org.gradle.internal.classloader.DefaultClassLoaderFactory                       : loaded 2 times (x 82B)
Class kotlin.collections.ReversedListReadOnly                                         : loaded 2 times (x 198B)
Class org.objectweb.asm.AnnotationWriter                                              : loaded 2 times (x 79B)
Class com.google.common.io.ByteSource$EmptyByteSource                                 : loaded 2 times (x 85B)
Class com.google.common.cache.CacheStats                                              : loaded 2 times (x 71B)
Class org.jetbrains.kotlin.gradle.plugin.diagnostics.checkers.OverriddenKotlinNativeHomeChecker$StdlibExistenceCheckerValueSource$Params: loaded 2 times (x 70B)
Class com.google.common.base.Suppliers                                                : loaded 2 times (x 71B)
Class [Lcom.google.common.cache.CacheBuilder$OneWeigher;                              : loaded 2 times (x 69B)
Class com.google.common.base.Platform$JdkPatternCompiler                              : loaded 2 times (x 75B)
Class kotlin.jdk7.AutoCloseableKt                                                     : loaded 2 times (x 71B)
Class kotlin.jvm.internal.markers.KMutableIterable                                    : loaded 2 times (x 70B)
Class com.google.common.collect.ImmutableMultisetGwtSerializationDependencies         : loaded 2 times (x 125B)
Class org.objectweb.asm.RecordComponentWriter                                         : loaded 2 times (x 78B)
Class com.google.common.collect.Interners                                             : loaded 2 times (x 71B)
Class com.google.common.base.CharMatcher$Or                                           : loaded 2 times (x 112B)
Class com.google.common.util.concurrent.AbstractFuture$Listener                       : loaded 2 times (x 72B)
Class com.google.common.io.Closer$Suppressor                                          : loaded 2 times (x 70B)
Class com.google.common.io.LineProcessor                                              : loaded 2 times (x 70B)
Class org.gradle.api.internal.classpath.Module$ModuleAlias                            : loaded 2 times (x 70B)
Class com.google.common.collect.MapMakerInternalMap$Strength                          : loaded 2 times (x 80B)
Class [Lorg.objectweb.asm.Label;                                                      : loaded 2 times (x 69B)
Class org.objectweb.asm.Attribute                                                     : loaded 2 times (x 77B)
Class com.google.common.base.Supplier                                                 : loaded 2 times (x 70B)
Class org.jetbrains.kotlin.gradle.plugin.diagnostics.checkers.OverriddenKotlinNativeHomeChecker$StdlibExistenceCheckerValueSource$Companion: loaded 2 times (x 71B)
Class org.gradle.internal.classloader.VisitableURLClassLoader                         : loaded 2 times (x 117B)
Class com.google.common.collect.MapMakerInternalMap$StrongKeyDummyValueEntry$LinkedStrongKeyDummyValueEntry: loaded 2 times (x 82B)
Class org.objectweb.asm.MethodTooLargeException                                       : loaded 2 times (x 83B)
Class kotlin.sequences.GeneratorSequence                                              : loaded 2 times (x 75B)
Class kotlin.sequences.FlatteningSequence$iterator$1                                  : loaded 2 times (x 79B)
Class com.google.common.collect.ImmutableList$SerializedForm                          : loaded 2 times (x 73B)
Class com.google.common.io.CharSource$AsByteSource                                    : loaded 2 times (x 85B)
Class org.gradle.internal.Cast                                                        : loaded 2 times (x 71B)
Class org.gradle.api.Action                                                           : loaded 2 times (x 70B)
Class jdk.internal.jimage.decompressor.ZipDecompressor                                : loaded 2 times (x 75B)
Class [Lkotlin.reflect.KClass;                                                        : loaded 2 times (x 69B)
Class kotlin.properties.ReadWriteProperty                                             : loaded 2 times (x 70B)
Class kotlin.collections.AbstractMutableList                                          : loaded 2 times (x 206B)
Class org.objectweb.asm.Handler                                                       : loaded 2 times (x 72B)
Class com.google.common.collect.MapMakerInternalMap                                   : loaded 2 times (x 161B)
Class com.google.common.base.CharMatcher$FastMatcher                                  : loaded 2 times (x 111B)
Class com.google.common.collect.HashBiMap                                             : loaded 2 times (x 143B)
Class com.google.common.collect.Sets                                                  : loaded 2 times (x 71B)
Class com.google.common.base.Strings                                                  : loaded 2 times (x 71B)
Class com.google.common.base.Ticker                                                   : loaded 2 times (x 72B)
Class kotlin.io.LinesSequence                                                         : loaded 2 times (x 75B)
Class kotlin.jvm.internal.markers.KMutableIterator                                    : loaded 2 times (x 70B)
Class kotlin.KotlinNothingValueException                                              : loaded 2 times (x 82B)
Class com.google.devtools.ksp.processing.KSPConfig                                    : loaded 2 times (x 72B)
Class com.google.common.collect.ImmutableSortedSet$Builder                            : loaded 2 times (x 86B)
Class [Lcom.google.common.cache.LocalCache$Segment;                                   : loaded 2 times (x 69B)
Class com.google.common.base.Predicate                                                : loaded 2 times (x 70B)
Class [Lcom.google.common.cache.LocalCache$Strength;                                  : loaded 2 times (x 69B)
Class com.google.common.cache.CacheBuilder$1                                          : loaded 2 times (x 85B)
Class com.google.common.collect.ImmutableMap                                          : loaded 2 times (x 120B)
Class org.gradle.internal.classpath.DefaultClassPath$ImmutableUniqueList$Builder      : loaded 2 times (x 75B)
Class org.objectweb.asm.ClassVisitor                                                  : loaded 2 times (x 88B)
Class com.google.common.collect.UnmodifiableListIterator                              : loaded 2 times (x 95B)
Class kotlin.io.FileTreeWalk$WalkState                                                : loaded 2 times (x 73B)
Class com.google.common.collect.MapMakerInternalMap$WeakValueReference                : loaded 2 times (x 70B)
Class com.google.common.base.CharMatcher$NegatedFastMatcher                           : loaded 2 times (x 113B)
Class com.google.common.collect.AbstractRangeSet                                      : loaded 2 times (x 114B)
Class com.google.common.cache.LocalCache                                              : loaded 2 times (x 187B)
Class com.google.common.cache.CacheBuilder$2                                          : loaded 2 times (x 79B)
Class [Lorg.objectweb.asm.Symbol;                                                     : loaded 2 times (x 69B)
Class kotlin.sequences.TransformingSequence                                           : loaded 2 times (x 75B)
Class kotlin.annotation.Target                                                        : loaded 2 times (x 70B)
Class kotlin.jvm.functions.Function4                                                  : loaded 2 times (x 70B)
Class [Lcom.google.common.collect.AbstractMapEntry;                                   : loaded 2 times (x 69B)
Class com.google.common.collect.ImmutableEntry                                        : loaded 2 times (x 82B)
Class com.google.common.cache.CacheBuilder$3                                          : loaded 2 times (x 72B)
Class com.google.common.collect.ArrayListMultimap                                     : loaded 2 times (x 172B)
Class org.gradle.api.GradleException                                                  : loaded 2 times (x 82B)
Class jdk.internal.jimage.decompressor.StringSharingDecompressorFactory               : loaded 2 times (x 74B)
Class com.google.common.io.ByteArrayDataOutput                                        : loaded 2 times (x 70B)
Class com.google.common.collect.ImmutableMap$MapViewOfValuesAsSingletonSets           : loaded 2 times (x 126B)
Class kotlin.annotation.Retention                                                     : loaded 2 times (x 70B)
Class kotlin.jvm.functions.Function5                                                  : loaded 2 times (x 70B)
Class com.google.common.base.Suppliers$MemoizingSupplier                              : loaded 2 times (x 79B)
Class com.google.common.io.CharSource$EmptyCharSource                                 : loaded 2 times (x 86B)
Class com.google.common.collect.CollectPreconditions                                  : loaded 2 times (x 71B)
Class com.google.common.collect.RegularImmutableMap                                   : loaded 2 times (x 121B)
Class kotlin.ranges.IntProgression$Companion                                          : loaded 2 times (x 71B)
Class kotlin.collections.builders.MapBuilder                                          : loaded 2 times (x 112B)
Class kotlin.jvm.functions.Function6                                                  : loaded 2 times (x 70B)
Class [Lcom.google.common.collect.MapMakerInternalMap$Strength;                       : loaded 2 times (x 69B)
Class [Lcom.google.common.io.FileWriteMode;                                           : loaded 2 times (x 69B)
Class com.google.common.collect.SortedMapDifference                                   : loaded 2 times (x 70B)
Class org.jetbrains.kotlin.gradle.utils.ConfigurationCacheOpaqueValueSource           : loaded 2 times (x 79B)
Class kotlin.jvm.functions.Function7                                                  : loaded 2 times (x 70B)
Class com.google.common.collect.Iterables$4                                           : loaded 2 times (x 81B)
Class com.google.common.collect.MapMakerInternalMap$StrongKeyDummyValueSegment        : loaded 2 times (x 142B)
Class com.google.common.io.Files                                                      : loaded 2 times (x 71B)
Class com.google.common.cache.LocalCache$EntryFactory                                 : loaded 2 times (x 83B)
Class org.jetbrains.kotlin.gradle.plugin.internal.CustomPropertiesFileValueSource     : loaded 2 times (x 82B)
Class com.google.common.collect.AbstractMapBasedMultimap$WrappedCollection            : loaded 2 times (x 124B)
Class com.google.common.util.concurrent.ExecutionError                                : loaded 2 times (x 82B)
Class com.google.common.collect.ImmutableList$1                                       : loaded 2 times (x 97B)
Class kotlin.jvm.functions.Function8                                                  : loaded 2 times (x 70B)
Class kotlin.collections.builders.MapBuilder$Companion                                : loaded 2 times (x 71B)
Class com.google.common.cache.LocalCache$AbstractReferenceEntry                       : loaded 2 times (x 107B)
Class [Lcom.google.common.collect.MapMaker$Dummy;                                     : loaded 2 times (x 69B)
Class com.google.common.collect.NullsLastOrdering                                     : loaded 2 times (x 115B)
Class org.gradle.internal.IoActions                                                   : loaded 2 times (x 71B)
Class kotlin.annotation.MustBeDocumented                                              : loaded 2 times (x 70B)
Class kotlin.jvm.functions.Function10                                                 : loaded 2 times (x 70B)
Class kotlin.jvm.functions.Function9                                                  : loaded 2 times (x 70B)
Class [Lkotlin.reflect.KClassifier;                                                   : loaded 2 times (x 69B)
Class [Lkotlin.LazyThreadSafetyMode;                                                  : loaded 2 times (x 69B)
Class org.objectweb.asm.SymbolTable                                                   : loaded 2 times (x 72B)
Class com.google.common.collect.ImmutableMapKeySet                                    : loaded 2 times (x 152B)
Class com.google.common.collect.ImmutableRangeSet$ComplementRanges                    : loaded 2 times (x 207B)
Class com.google.common.cache.CacheLoader$InvalidCacheLoadException                   : loaded 2 times (x 82B)
Class com.google.common.collect.ImmutableSet$RegularSetBuilderImpl                    : loaded 2 times (x 77B)
Class com.google.common.collect.ImmutableEnumSet                                      : loaded 2 times (x 146B)
Class kotlin.SafePublicationLazyImpl$Companion                                        : loaded 2 times (x 71B)
Class kotlin.jvm.functions.Function11                                                 : loaded 2 times (x 70B)
Class kotlin.jvm.internal.PropertyReference0Impl                                      : loaded 2 times (x 127B)
Class kotlin.jvm.internal.markers.KMutableCollection                                  : loaded 2 times (x 70B)
Class kotlin.coroutines.intrinsics.IntrinsicsKt                                       : loaded 2 times (x 71B)
Class kotlin.ranges.IntRange$Companion                                                : loaded 2 times (x 71B)
Class kotlin.collections.EmptyMap                                                     : loaded 2 times (x 108B)
Class com.google.common.cache.LocalCache$StrongEntry                                  : loaded 2 times (x 108B)
Class com.google.common.collect.FluentIterable                                        : loaded 2 times (x 81B)
Class com.google.common.util.concurrent.AbstractFuture$TrustedFuture                  : loaded 2 times (x 114B)
Class com.google.common.cache.LoadingCache                                            : loaded 2 times (x 70B)
Class kotlin.jvm.internal.PropertyReference1Impl                                      : loaded 2 times (x 127B)
Class kotlin.jvm.internal.MutablePropertyReference1                                   : loaded 2 times (x 137B)
Class org.gradle.internal.classloader.ClassLoaderHierarchy                            : loaded 2 times (x 70B)
Class kotlin.jvm.functions.Function12                                                 : loaded 2 times (x 70B)
Class kotlin.coroutines.intrinsics.CoroutineSingletons                                : loaded 2 times (x 79B)
Class com.google.common.base.Suppliers$NonSerializableMemoizingSupplier               : loaded 2 times (x 79B)
Class org.objectweb.asm.MethodWriter                                                  : loaded 2 times (x 106B)
Class com.google.common.collect.RegularImmutableMap$BucketOverflowException           : loaded 2 times (x 82B)
Class com.google.common.io.ByteStreams$LimitedInputStream                             : loaded 2 times (x 92B)
Class [Lcom.google.common.cache.Weigher;                                              : loaded 2 times (x 69B)
Class jdk.internal.jimage.decompressor.CompressedResourceHeader                       : loaded 2 times (x 71B)
Class com.google.common.io.FileWriteMode                                              : loaded 2 times (x 79B)
Class kotlin.text.Charsets                                                            : loaded 2 times (x 71B)
Class kotlin.jvm.functions.Function13                                                 : loaded 2 times (x 70B)
Class kotlin.sequences.SequenceBuilderIterator                                        : loaded 2 times (x 85B)
Class kotlin.ranges.OpenEndRange                                                      : loaded 2 times (x 70B)
Class com.google.common.collect.ImmutableMultimap$1                                   : loaded 2 times (x 82B)
Class com.google.common.collect.AbstractMapBasedMultimap$RandomAccessWrappedList      : loaded 2 times (x 205B)
Class com.google.common.base.CharMatcher$IsEither                                     : loaded 2 times (x 111B)
Class kotlin.jvm.functions.Function14                                                 : loaded 2 times (x 70B)
Class com.google.common.collect.AbstractIterator$State                                : loaded 2 times (x 79B)
Class com.google.common.collect.ImmutableMultimap$2                                   : loaded 2 times (x 81B)
Class com.google.common.base.CharMatcher$Negated                                      : loaded 2 times (x 113B)
Class com.google.common.base.CharMatcher$Is                                           : loaded 2 times (x 111B)
Class com.google.common.collect.RegularImmutableBiMap                                 : loaded 2 times (x 149B)
Class com.google.common.cache.LocalCache$ValueReference                               : loaded 2 times (x 70B)
Class [Lcom.google.common.base.AbstractIterator$State;                                : loaded 2 times (x 69B)
Class kotlin.collections.ArrayDeque$Companion                                         : loaded 2 times (x 71B)
Class kotlin.jvm.functions.Function15                                                 : loaded 2 times (x 70B)
Class kotlin.text.CharsKt__CharKt                                                     : loaded 2 times (x 71B)
Class com.google.common.util.concurrent.AbstractFuture$Failure                        : loaded 2 times (x 72B)
Class com.google.common.collect.Hashing                                               : loaded 2 times (x 71B)
Class com.google.common.base.PatternCompiler                                          : loaded 2 times (x 70B)
Class com.google.common.base.Equivalence$Equals                                       : loaded 2 times (x 82B)
Class com.google.common.hash.PrimitiveSink                                            : loaded 2 times (x 70B)
Class com.google.common.base.Preconditions                                            : loaded 2 times (x 71B)
Class [Lcom.google.common.collect.MapMakerInternalMap$Segment;                        : loaded 2 times (x 69B)
Class com.google.common.collect.SortedSetMultimap                                     : loaded 2 times (x 70B)
Class kotlin.jvm.functions.Function16                                                 : loaded 2 times (x 70B)
Class kotlin.coroutines.EmptyCoroutineContext                                         : loaded 2 times (x 77B)
Class org.objectweb.asm.Label                                                         : loaded 2 times (x 73B)
Class org.objectweb.asm.CurrentFrame                                                  : loaded 2 times (x 73B)
Class org.objectweb.asm.ClassTooLargeException                                        : loaded 2 times (x 83B)
Class com.google.common.collect.ByFunctionOrdering                                    : loaded 2 times (x 115B)
Class com.google.common.base.CharMatcher                                              : loaded 2 times (x 111B)
Class com.google.common.collect.ImmutableSetMultimap                                  : loaded 2 times (x 180B)
Class com.google.common.io.CharSink                                                   : loaded 2 times (x 79B)
Class com.google.common.base.Joiner$1                                                 : loaded 2 times (x 80B)
Class com.google.common.collect.PeekingIterator                                       : loaded 2 times (x 70B)
Class org.gradle.internal.classloader.FilteringClassLoader                            : loaded 2 times (x 105B)
Class kotlin.InitializedLazyImpl                                                      : loaded 2 times (x 76B)
Class kotlin.jvm.functions.Function17                                                 : loaded 2 times (x 70B)
Class org.objectweb.asm.Frame                                                         : loaded 2 times (x 73B)
Class org.objectweb.asm.MethodVisitor                                                 : loaded 2 times (x 105B)
Class com.google.common.collect.MapMakerInternalMap$InternalEntryHelper               : loaded 2 times (x 70B)
Class com.google.common.collect.Table                                                 : loaded 2 times (x 70B)
Class com.google.common.base.CharMatcher$1                                            : loaded 2 times (x 113B)
Class com.google.common.base.CharMatcher$NamedFastMatcher                             : loaded 2 times (x 112B)
Class com.google.common.collect.RangeGwtSerializationDependencies                     : loaded 2 times (x 71B)
Class com.google.common.collect.Maps$IteratorBasedAbstractMap                         : loaded 2 times (x 125B)
Class com.google.common.io.ByteSource$AsCharSource                                    : loaded 2 times (x 86B)
Class com.google.common.base.Joiner$2                                                 : loaded 2 times (x 79B)
Class com.google.common.cache.LocalCache$EntryFactory$1                               : loaded 2 times (x 83B)
Class [Lcom.google.common.cache.RemovalListener;                                      : loaded 2 times (x 69B)
Class org.jetbrains.kotlin.gradle.plugin.internal.CustomPropertiesFileValueSource$Inject_: loaded 2 times (x 113B)
Class com.google.common.base.Equivalence$Identity                                     : loaded 2 times (x 82B)
Class kotlin.jvm.functions.Function18                                                 : loaded 2 times (x 70B)
Class com.google.common.collect.RangeSet                                              : loaded 2 times (x 70B)
Class com.google.common.cache.LocalCache$EntryFactory$2                               : loaded 2 times (x 83B)
Class com.google.common.base.PairwiseEquivalence                                      : loaded 2 times (x 83B)
Class com.google.common.collect.RegularImmutableMap$KeySet                            : loaded 2 times (x 152B)
Class kotlin.reflect.KMutableProperty$Setter                                          : loaded 2 times (x 70B)
Class kotlin.jvm.functions.Function19                                                 : loaded 2 times (x 70B)
Class com.google.common.collect.Multimaps                                             : loaded 2 times (x 71B)
Class org.objectweb.asm.ModuleWriter                                                  : loaded 2 times (x 82B)
Class com.google.common.collect.CollectCollectors                                     : loaded 2 times (x 71B)
Class com.google.common.collect.ImmutableMapEntrySet$RegularEntrySet                  : loaded 2 times (x 152B)
Class com.google.common.cache.LocalCache$EntryFactory$3                               : loaded 2 times (x 83B)
Class com.google.common.base.Ticker$1                                                 : loaded 2 times (x 72B)
Class com.google.common.collect.Maps$BiMapConverter                                   : loaded 2 times (x 90B)
Class [Lkotlin.jvm.functions.Function1;                                               : loaded 2 times (x 69B)
Class com.google.common.base.CharMatcher$InRange                                      : loaded 2 times (x 111B)
Class com.google.common.collect.SetMultimap                                           : loaded 2 times (x 70B)
Class com.google.common.cache.LocalCache$EntryFactory$4                               : loaded 2 times (x 83B)
Class com.google.common.collect.ImmutableSet$Builder                                  : loaded 2 times (x 85B)
Class org.jetbrains.kotlin.gradle.plugin.diagnostics.IsAttachedToTerminalValueSource  : loaded 2 times (x 80B)
Class com.google.common.io.LineReader                                                 : loaded 2 times (x 72B)
Class com.google.common.collect.ReverseOrdering                                       : loaded 2 times (x 115B)
Class com.google.common.io.ByteStreams$1                                              : loaded 2 times (x 85B)
Class com.google.common.cache.LocalCache$EntryFactory$5                               : loaded 2 times (x 83B)
Class kotlin.coroutines.jvm.internal.CompletedContinuation                            : loaded 2 times (x 75B)
Class [Lkotlin.reflect.KProperty;                                                     : loaded 2 times (x 69B)
Class com.google.common.cache.LocalCache$EntryFactory$6                               : loaded 2 times (x 83B)
Class org.jetbrains.kotlin.gradle.plugin.internal.CustomPropertiesFileValueSource$Parameters: loaded 2 times (x 70B)
Class org.gradle.internal.installation.CurrentGradleInstallationLocator               : loaded 2 times (x 71B)
Class [Lkotlin.io.FileWalkDirection;                                                  : loaded 2 times (x 69B)
Class org.objectweb.asm.ClassReader                                                   : loaded 2 times (x 94B)
Class com.google.common.collect.ImmutableMultimap$Builder                             : loaded 2 times (x 86B)
Class com.google.common.collect.Maps$KeySet                                           : loaded 2 times (x 137B)
Class com.google.common.collect.ImmutableSet$EmptySetBuilderImpl                      : loaded 2 times (x 76B)
Class com.google.common.io.ByteSource$SlicedByteSource                                : loaded 2 times (x 85B)
Class com.google.common.cache.LocalCache$EntryFactory$7                               : loaded 2 times (x 83B)
Class com.google.common.collect.ImmutableList                                         : loaded 2 times (x 206B)
Class org.gradle.internal.service.DefaultServiceLocator                               : loaded 2 times (x 83B)
Class kotlin.sequences.DropTakeSequence                                               : loaded 2 times (x 70B)
Class kotlin.reflect.KMutableProperty0                                                : loaded 2 times (x 70B)
Class kotlin.reflect.KClassifier                                                      : loaded 2 times (x 70B)
Class kotlin.io.FileTreeWalk                                                          : loaded 2 times (x 75B)
Class kotlin.coroutines.jvm.internal.SuspendFunction                                  : loaded 2 times (x 70B)
Class com.google.common.collect.ImmutableMultimap$EntryCollection                     : loaded 2 times (x 128B)
Class com.google.common.collect.Maps$EntrySet                                         : loaded 2 times (x 136B)
Class com.google.common.cache.LocalCache$EntryFactory$8                               : loaded 2 times (x 83B)
Class com.google.common.collect.ImmutableSet$SetBuilderImpl                           : loaded 2 times (x 76B)
Class org.gradle.internal.installation.CurrentGradleInstallation                      : loaded 2 times (x 73B)
Class kotlin.jvm.internal.Ref$BooleanRef                                              : loaded 2 times (x 71B)
Class kotlin.jvm.internal.StringCompanionObject                                       : loaded 2 times (x 71B)
Class kotlin.reflect.KMutableProperty1                                                : loaded 2 times (x 70B)
Class kotlin.coroutines.intrinsics.IntrinsicsKt__IntrinsicsJvmKt                      : loaded 2 times (x 71B)
Class kotlin.coroutines.jvm.internal.CoroutineStackFrame                              : loaded 2 times (x 70B)
Class com.google.common.collect.ImmutableList$SubList                                 : loaded 2 times (x 209B)
Class com.google.common.cache.CacheLoader$1                                           : loaded 2 times (x 75B)
Class org.gradle.util.internal.GUtil                                                  : loaded 2 times (x 71B)
Class kotlin.sequences.FlatteningSequence                                             : loaded 2 times (x 75B)
Class kotlin.io.TextStreamsKt                                                         : loaded 2 times (x 71B)
Class kotlin.reflect.KMutableProperty2                                                : loaded 2 times (x 70B)
Class com.google.common.io.ByteSource                                                 : loaded 2 times (x 84B)
Class com.google.common.cache.AbstractCache$StatsCounter                              : loaded 2 times (x 70B)
Class kotlin.ranges.IntProgressionIterator                                            : loaded 2 times (x 82B)
Class kotlin.coroutines.jvm.internal.DebugProbesKt                                    : loaded 2 times (x 71B)
Class kotlin.coroutines.CoroutineContext                                              : loaded 2 times (x 70B)
Class org.objectweb.asm.Context                                                       : loaded 2 times (x 72B)
Class com.google.common.collect.MapMakerInternalMap$1                                 : loaded 2 times (x 83B)
Class com.google.common.io.LineBuffer                                                 : loaded 2 times (x 75B)
Class com.google.common.collect.Iterators$MergingIterator                             : loaded 2 times (x 81B)
Class com.google.common.collect.RegularImmutableSet                                   : loaded 2 times (x 149B)
Class org.gradle.internal.installation.GradleInstallation                             : loaded 2 times (x 75B)
Class jdk.internal.jimage.decompressor.ResourceDecompressor$StringsProvider           : loaded 2 times (x 70B)
Class kotlin.collections.CollectionsKt__IteratorsJVMKt$iterator$1                     : loaded 2 times (x 79B)
Class com.google.common.collect.LexicographicalOrdering                               : loaded 2 times (x 115B)
Class com.google.common.base.Splitter$Strategy                                        : loaded 2 times (x 70B)
Class com.google.common.collect.Iterables                                             : loaded 2 times (x 71B)
Class com.google.common.collect.ImmutableSortedSet                                    : loaded 2 times (x 300B)
Class kotlin.io.FileWalkDirection                                                     : loaded 2 times (x 79B)
Class kotlin.ranges.IntProgression                                                    : loaded 2 times (x 81B)
Class org.jetbrains.kotlin.gradle.plugin.diagnostics.checkers.OverriddenKotlinNativeHomeChecker: loaded 2 times (x 74B)

---------------  S Y S T E M  ---------------

OS:
 Windows 11 , 64 bit Build 26100 (10.0.26100.7653)
OS uptime: 0 days 11:29 hours
Hyper-V role detected

CPU: total 12 (initial active 12) (6 cores per cpu, 2 threads per core) family 6 model 154 stepping 3 microcode 0x41c, cx8, cmov, fxsr, ht, mmx, 3dnowpref, sse, sse2, sse3, ssse3, sse4.1, sse4.2, popcnt, lzcnt, tsc, tscinvbit, avx, avx2, aes, erms, clmul, bmi1, bmi2, adx, sha, fma, vzeroupper, clflush, clflushopt, clwb, hv, serialize, rdtscp, rdpid, fsrm, f16c, cet_ibt, cet_ss
Processor Information for processor 0
  Max Mhz: 2000, Current Mhz: 2000, Mhz Limit: 2000
Processor Information for processor 1
  Max Mhz: 2000, Current Mhz: 2000, Mhz Limit: 2000
Processor Information for processor 2
  Max Mhz: 2000, Current Mhz: 2000, Mhz Limit: 2000
Processor Information for processor 3
  Max Mhz: 2000, Current Mhz: 2000, Mhz Limit: 2000
Processor Information for processor 4
  Max Mhz: 2000, Current Mhz: 2000, Mhz Limit: 2000
Processor Information for processor 5
  Max Mhz: 2000, Current Mhz: 2000, Mhz Limit: 2000
Processor Information for processor 6
  Max Mhz: 2000, Current Mhz: 2000, Mhz Limit: 2000
Processor Information for processor 7
  Max Mhz: 2000, Current Mhz: 2000, Mhz Limit: 2000
Processor Information for processor 8
  Max Mhz: 2000, Current Mhz: 1500, Mhz Limit: 1500
Processor Information for processor 9
  Max Mhz: 2000, Current Mhz: 1500, Mhz Limit: 1500
Processor Information for processor 10
  Max Mhz: 2000, Current Mhz: 1500, Mhz Limit: 1500
Processor Information for processor 11
  Max Mhz: 2000, Current Mhz: 1500, Mhz Limit: 1500

Memory: 4k page, system-wide physical 16005M (312M free)
TotalPageFile size 34265M (AvailPageFile size 0M)
current process WorkingSet (physical memory assigned to process): 798M, peak: 805M
current process commit charge ("private bytes"): 934M, peak: 945M

vm_info: OpenJDK 64-Bit Server VM (21.0.10+-14961533-b1163.108) for windows-amd64 JRE (21.0.10+-14961533-b1163.108), built on 2026-03-02T19:58:50Z by "builder" with MS VC++ 16.10 / 16.11 (VS2019)

END.
