#
# There is insufficient memory for the Java Runtime Environment to continue.
# Native memory allocation (mmap) failed to map 232783872 bytes. Error detail: G1 virtual space
# Possible reasons:
#   The system is out of physical RAM or swap space
#   This process is running with CompressedOops enabled, and the Java Heap may be blocking the growth of the native heap
# Possible solutions:
#   Reduce memory load on the system
#   Increase physical memory or swap space
#   Check if swap backing store is full
#   Decrease Java heap size (-Xmx/-Xms)
#   Decrease number of Java threads
#   Decrease Java thread stack sizes (-Xss)
#   Set larger code cache with -XX:ReservedCodeCacheSize=
#   JVM is running with Zero Based Compressed Oops mode in which the Java heap is
#     placed in the first 32GB address space. The Java Heap base address is the
#     maximum limit for the native heap growth. Please use -XX:HeapBaseMinAddress
#     to set the Java Heap base and to place the Java Heap above 32GB virtual address.
# This output file may be truncated or incomplete.
#
#  Out of Memory Error (os_windows.cpp:3926), pid=20940, tid=29368
#
# JRE version: OpenJDK Runtime Environment (21.0.10) (build 21.0.10+-14961533-b1163.108)
# Java VM: OpenJDK 64-Bit Server VM (21.0.10+-14961533-b1163.108, mixed mode, tiered, compressed oops, compressed class ptrs, g1 gc, windows-amd64)
# No core dump will be written. Minidumps are not enabled by default on client versions of Windows
#

---------------  S U M M A R Y ------------

Command Line: --add-opens=java.base/java.lang=ALL-UNNAMED --add-opens=java.base/java.lang.invoke=ALL-UNNAMED --add-opens=java.base/java.util=ALL-UNNAMED --add-opens=java.prefs/java.util.prefs=ALL-UNNAMED --add-exports=jdk.compiler/com.sun.tools.javac.api=ALL-UNNAMED --add-exports=jdk.compiler/com.sun.tools.javac.util=ALL-UNNAMED --add-opens=java.base/java.util=ALL-UNNAMED --add-opens=java.prefs/java.util.prefs=ALL-UNNAMED --add-opens=java.base/java.nio.charset=ALL-UNNAMED --add-opens=java.base/java.net=ALL-UNNAMED --add-opens=java.base/java.util.concurrent=ALL-UNNAMED --add-opens=java.base/java.util.concurrent.atomic=ALL-UNNAMED --add-opens=java.xml/javax.xml.namespace=ALL-UNNAMED --add-opens=java.base/java.time=ALL-UNNAMED -XX:MaxMetaspaceSize=1024m -Xmx4096m -Dfile.encoding=UTF-8 -Duser.country=US -Duser.language=en -Duser.variant -javaagent:C:\Users\Hazem\.gradle\wrapper\dists\gradle-9.4.1-bin\arn2x92ynaizyzdaamcbpbhtj\gradle-9.4.1\lib\agents\gradle-instrumentation-agent-9.4.1.jar org.gradle.launcher.daemon.bootstrap.GradleDaemon 9.4.1

Host: 12th Gen Intel(R) Core(TM) i5-12450H, 12 cores, 15G,  Windows 11 , 64 bit Build 26100 (10.0.26100.7653)
Time: Sat Jul  4 06:16:12 2026 Egypt Daylight Time elapsed time: 34.695299 seconds (0d 0h 0m 34s)

---------------  T H R E A D  ---------------

Current thread (0x000001cd530be550):  VMThread "VM Thread"          [id=29368, stack(0x0000002b7c800000,0x0000002b7c900000) (1024K)]

Stack: [0x0000002b7c800000,0x0000002b7c900000]
Native frames: (J=compiled Java code, j=interpreted, Vv=VM code, C=native code)
V  [jvm.dll+0x6d78a9]
V  [jvm.dll+0x8665b3]
V  [jvm.dll+0x868bde]
V  [jvm.dll+0x8692c3]
V  [jvm.dll+0x280ee6]
V  [jvm.dll+0x6d4165]
V  [jvm.dll+0x6c77fa]
V  [jvm.dll+0x358f4b]
V  [jvm.dll+0x360bc6]
V  [jvm.dll+0x3b2ea6]
V  [jvm.dll+0x3b3178]
V  [jvm.dll+0x32b65c]
V  [jvm.dll+0x32e066]
V  [jvm.dll+0x337f3d]
V  [jvm.dll+0x36f6a5]
V  [jvm.dll+0x86f048]
V  [jvm.dll+0x870394]
V  [jvm.dll+0x8708d0]
V  [jvm.dll+0x870b63]
V  [jvm.dll+0x80fd28]
V  [jvm.dll+0x6d60fd]
C  [ucrtbase.dll+0x37b0]
C  [KERNEL32.DLL+0x2e8d7]
C  [ntdll.dll+0x8c40c]

VM_Operation (0x0000002b7c3ff3d0): G1PauseRemark, mode: safepoint, requested by thread 0x000001cd38dbe4d0


---------------  P R O C E S S  ---------------

Threads class SMR info:
_java_thread_list=0x000001cd536ae690, length=110, elements={
0x000001cd38d42300, 0x000001cd53255700, 0x000001cd5326a230, 0x000001cd5326a8a0,
0x000001cd532931e0, 0x000001cd53299d80, 0x000001cd53293ef0, 0x000001cd532950d0,
0x000001cd5328a750, 0x000001cd532a81f0, 0x000001cd535fbca0, 0x000001cd58e8d870,
0x000001cd58e8f940, 0x000001cd58e8d1e0, 0x000001cd58e8ec20, 0x000001cd58e8f2b0,
0x000001cd58e8cb50, 0x000001cd58e8df00, 0x000001cd58e8e590, 0x000001cd59e555d0,
0x000001cd59e57010, 0x000001cd59e548b0, 0x000001cd59e53b90, 0x000001cd59e54f40,
0x000001cd59e562f0, 0x000001cd59e56980, 0x000001cd59e58a50, 0x000001cd59e59e00,
0x000001cd59e590e0, 0x000001cd59e5a490, 0x000001cd59e59770, 0x000001cd59e5ab20,
0x000001cd5ede1c60, 0x000001cd5ede3010, 0x000001cd5ede08b0, 0x000001cd5ede0f40,
0x000001cd5ede15d0, 0x000001cd5ede0220, 0x000001cd5ede22f0, 0x000001cd5ede2980,
0x000001cd5eddfb90, 0x000001cd5ede36a0, 0x000001cd5ede6b20, 0x000001cd5ede50e0,
0x000001cd5ede5770, 0x000001cd5d859d70, 0x000001cd5d859050, 0x000001cd5d8589c0,
0x000001cd5ede43c0, 0x000001cd5ede71b0, 0x000001cd5ede5e00, 0x000001cd5ede4a50,
0x000001cd5ede6490, 0x000001cd5ede3d30, 0x000001cd59e57d30, 0x000001cd59e583c0,
0x000001cd5af5e690, 0x000001cd5f0d6180, 0x000001cd5f0d5460, 0x000001cd5af5f3b0,
0x000001cd5f0d5af0, 0x000001cd5e86bb30, 0x000001cd5f4662e0, 0x000001cd60666380,
0x000001cd5e86c850, 0x000001cd5b8e5ed0, 0x000001cd606d5810, 0x000001cd606d4460,
0x000001cd5efb54f0, 0x000001cd5f468a40, 0x000001cd5c213330, 0x000001cd65187990,
0x000001cd5af5e000, 0x000001cd5af5d2e0, 0x000001cd5af5fa40, 0x000001cd5e0dd950,
0x000001cd5e0ddfe0, 0x000001cd5fd3daa0, 0x000001cd5f7409c0, 0x000001cd5f73e260,
0x000001cd5f7416e0, 0x000001cd5f0b2490, 0x000001cd5e0de670, 0x000001cd5e0e00b0,
0x000001cd5f0b4bf0, 0x000001cd5e0df390, 0x000001cd5f0b4560, 0x000001cd5f0b1e00,
0x000001cd5f0b2b20, 0x000001cd5f0b31b0, 0x000001cd53791eb0, 0x000001cd5f466970,
0x000001cd5f467d20, 0x000001cd5adb5fb0, 0x000001cd5adb9630, 0x000001cd5adccb30,
0x000001cd69b88180, 0x000001cd69b87460, 0x000001cd5b8112a0, 0x000001cd53a29490,
0x000001cd6b3b5250, 0x000001cd5f0b3840, 0x000001cd53a8b3d0, 0x000001cd53a8c0f0,
0x000001cd6b3b8d60, 0x000001cd53a28e00, 0x000001cd53a29b20, 0x000001cd53a2aed0,
0x000001cd608a05c0, 0x000001cd53a885e0
}

Java Threads: ( => current thread )
  0x000001cd38d42300 JavaThread "main"                              [_thread_blocked, id=20112, stack(0x0000002b7c100000,0x0000002b7c200000) (1024K)]
  0x000001cd53255700 JavaThread "Common-Cleaner"             daemon [_thread_blocked, id=11708, stack(0x0000002b7c900000,0x0000002b7ca00000) (1024K)]
  0x000001cd5326a230 JavaThread "Reference Handler"          daemon [_thread_blocked, id=3120, stack(0x0000002b7ca00000,0x0000002b7cb00000) (1024K)]
  0x000001cd5326a8a0 JavaThread "Finalizer"                  daemon [_thread_blocked, id=26768, stack(0x0000002b7cb00000,0x0000002b7cc00000) (1024K)]
  0x000001cd532931e0 JavaThread "Signal Dispatcher"          daemon [_thread_blocked, id=27972, stack(0x0000002b7cc00000,0x0000002b7cd00000) (1024K)]
  0x000001cd53299d80 JavaThread "Attach Listener"            daemon [_thread_blocked, id=24612, stack(0x0000002b7cd00000,0x0000002b7ce00000) (1024K)]
  0x000001cd53293ef0 JavaThread "Service Thread"             daemon [_thread_blocked, id=25512, stack(0x0000002b7ce00000,0x0000002b7cf00000) (1024K)]
  0x000001cd532950d0 JavaThread "Monitor Deflation Thread"   daemon [_thread_blocked, id=25576, stack(0x0000002b7cf00000,0x0000002b7d000000) (1024K)]
  0x000001cd5328a750 JavaThread "C2 CompilerThread0"         daemon [_thread_blocked, id=27924, stack(0x0000002b7d000000,0x0000002b7d100000) (1024K)]
  0x000001cd532a81f0 JavaThread "C1 CompilerThread0"         daemon [_thread_blocked, id=4356, stack(0x0000002b7d100000,0x0000002b7d200000) (1024K)]
  0x000001cd535fbca0 JavaThread "Notification Thread"        daemon [_thread_blocked, id=28228, stack(0x0000002b7d200000,0x0000002b7d300000) (1024K)]
  0x000001cd58e8d870 JavaThread "Daemon health stats"               [_thread_blocked, id=22204, stack(0x0000002b7da00000,0x0000002b7db00000) (1024K)]
  0x000001cd58e8f940 JavaThread "Incoming local TCP Connector on port 56492"        [_thread_in_native, id=23852, stack(0x0000002b7db00000,0x0000002b7dc00000) (1024K)]
  0x000001cd58e8d1e0 JavaThread "Daemon periodic checks"            [_thread_blocked, id=19024, stack(0x0000002b7dc00000,0x0000002b7dd00000) (1024K)]
  0x000001cd58e8ec20 JavaThread "Daemon"                            [_thread_blocked, id=19784, stack(0x0000002b7dd00000,0x0000002b7de00000) (1024K)]
  0x000001cd58e8f2b0 JavaThread "Handler for socket connection from /127.0.0.1:56492 to /127.0.0.1:56493"        [_thread_in_native, id=2336, stack(0x0000002b7de00000,0x0000002b7df00000) (1024K)]
  0x000001cd58e8cb50 JavaThread "Cancel handler"                    [_thread_blocked, id=25420, stack(0x0000002b7e500000,0x0000002b7e600000) (1024K)]
  0x000001cd58e8df00 JavaThread "Daemon worker"                     [_thread_blocked, id=9396, stack(0x0000002b7e600000,0x0000002b7e700000) (1024K)]
  0x000001cd58e8e590 JavaThread "Asynchronous log dispatcher for DefaultDaemonConnection: socket connection from /127.0.0.1:56492 to /127.0.0.1:56493"        [_thread_blocked, id=21392, stack(0x0000002b7e700000,0x0000002b7e800000) (1024K)]
  0x000001cd59e555d0 JavaThread "Stdin handler"                     [_thread_blocked, id=17012, stack(0x0000002b7e800000,0x0000002b7e900000) (1024K)]
  0x000001cd59e57010 JavaThread "Daemon client event forwarder"        [_thread_blocked, id=22464, stack(0x0000002b7e900000,0x0000002b7ea00000) (1024K)]
  0x000001cd59e548b0 JavaThread "Cache worker for journal cache (C:\Users\Hazem\.gradle\caches\journal-1)"        [_thread_blocked, id=7960, stack(0x0000002b7ea00000,0x0000002b7eb00000) (1024K)]
  0x000001cd59e53b90 JavaThread "File lock request listener"        [_thread_in_native, id=9708, stack(0x0000002b7eb00000,0x0000002b7ec00000) (1024K)]
  0x000001cd59e54f40 JavaThread "Cache worker for file hash cache (C:\Users\Hazem\.gradle\caches\9.4.1\fileHashes)"        [_thread_blocked, id=28760, stack(0x0000002b7ec00000,0x0000002b7ed00000) (1024K)]
  0x000001cd59e562f0 JavaThread "Cache worker for file hash cache (D:\iti\Dukkan\.gradle\9.4.1\fileHashes)"        [_thread_blocked, id=24052, stack(0x0000002b7ed00000,0x0000002b7ee00000) (1024K)]
  0x000001cd59e56980 JavaThread "Cache worker for checksums cache (D:\iti\Dukkan\.gradle\9.4.1\checksums)"        [_thread_blocked, id=29136, stack(0x0000002b7ee00000,0x0000002b7ef00000) (1024K)]
  0x000001cd59e58a50 JavaThread "Cache worker for Build Output Cleanup Cache (D:\iti\Dukkan\.gradle\buildOutputCleanup)"        [_thread_blocked, id=11252, stack(0x0000002b7d400000,0x0000002b7d500000) (1024K)]
  0x000001cd59e59e00 JavaThread "Cache worker for file content cache (C:\Users\Hazem\.gradle\caches\9.4.1\fileContent)"        [_thread_blocked, id=11144, stack(0x0000002b7f000000,0x0000002b7f100000) (1024K)]
  0x000001cd59e590e0 JavaThread "File watcher server"        daemon [_thread_blocked, id=23992, stack(0x0000002b7f100000,0x0000002b7f200000) (1024K)]
  0x000001cd59e5a490 JavaThread "File watcher consumer"      daemon [_thread_blocked, id=20616, stack(0x0000002b7f200000,0x0000002b7f300000) (1024K)]
  0x000001cd59e59770 JavaThread "Cache worker for cache directory md-supplier (C:\Users\Hazem\.gradle\caches\9.4.1\md-supplier)"        [_thread_blocked, id=12320, stack(0x0000002b7f300000,0x0000002b7f400000) (1024K)]
  0x000001cd59e5ab20 JavaThread "Cache worker for cache directory md-rule (C:\Users\Hazem\.gradle\caches\9.4.1\md-rule)"        [_thread_blocked, id=27372, stack(0x0000002b7f400000,0x0000002b7f500000) (1024K)]
  0x000001cd5ede1c60 JavaThread "build event listener"              [_thread_blocked, id=25980, stack(0x0000002b7f600000,0x0000002b7f700000) (1024K)]
  0x000001cd5ede3010 JavaThread "Build operations"                  [_thread_blocked, id=24256, stack(0x0000002b7f700000,0x0000002b7f800000) (1024K)]
  0x000001cd5ede08b0 JavaThread "Build operations Thread 2"         [_thread_blocked, id=18348, stack(0x0000002b7f800000,0x0000002b7f900000) (1024K)]
  0x000001cd5ede0f40 JavaThread "Build operations Thread 3"         [_thread_blocked, id=13084, stack(0x0000002b7f900000,0x0000002b7fa00000) (1024K)]
  0x000001cd5ede15d0 JavaThread "Build operations Thread 4"         [_thread_blocked, id=28712, stack(0x0000002b7fa00000,0x0000002b7fb00000) (1024K)]
  0x000001cd5ede0220 JavaThread "Build operations Thread 5"         [_thread_blocked, id=4684, stack(0x0000002b7fb00000,0x0000002b7fc00000) (1024K)]
  0x000001cd5ede22f0 JavaThread "Build operations Thread 6"         [_thread_blocked, id=10796, stack(0x0000002b7fc00000,0x0000002b7fd00000) (1024K)]
  0x000001cd5ede2980 JavaThread "Build operations Thread 7"         [_thread_blocked, id=15144, stack(0x0000002b7fd00000,0x0000002b7fe00000) (1024K)]
  0x000001cd5eddfb90 JavaThread "Build operations Thread 8"         [_thread_blocked, id=11008, stack(0x0000002b7fe00000,0x0000002b7ff00000) (1024K)]
  0x000001cd5ede36a0 JavaThread "Build operations Thread 9"         [_thread_blocked, id=26736, stack(0x0000002b7ff00000,0x0000002b80000000) (1024K)]
  0x000001cd5ede6b20 JavaThread "Build operations Thread 10"        [_thread_blocked, id=7368, stack(0x0000002b00000000,0x0000002b00100000) (1024K)]
  0x000001cd5ede50e0 JavaThread "Build operations Thread 11"        [_thread_blocked, id=10128, stack(0x0000002b00100000,0x0000002b00200000) (1024K)]
  0x000001cd5ede5770 JavaThread "Memory manager"                    [_thread_blocked, id=29236, stack(0x0000002b00200000,0x0000002b00300000) (1024K)]
  0x000001cd5d859d70 JavaThread "included builds"                   [_thread_blocked, id=13020, stack(0x0000002b00300000,0x0000002b00400000) (1024K)]
  0x000001cd5d859050 JavaThread "Execution worker"                  [_thread_blocked, id=28244, stack(0x0000002b00400000,0x0000002b00500000) (1024K)]
  0x000001cd5d8589c0 JavaThread "Execution worker Thread 2"         [_thread_blocked, id=7012, stack(0x0000002b00500000,0x0000002b00600000) (1024K)]
  0x000001cd5ede43c0 JavaThread "Execution worker Thread 3"         [_thread_blocked, id=26596, stack(0x0000002b00600000,0x0000002b00700000) (1024K)]
  0x000001cd5ede71b0 JavaThread "Execution worker Thread 4"         [_thread_blocked, id=25148, stack(0x0000002b00700000,0x0000002b00800000) (1024K)]
  0x000001cd5ede5e00 JavaThread "Execution worker Thread 5"         [_thread_blocked, id=26656, stack(0x0000002b00800000,0x0000002b00900000) (1024K)]
  0x000001cd5ede4a50 JavaThread "Execution worker Thread 6"         [_thread_blocked, id=20800, stack(0x0000002b00900000,0x0000002b00a00000) (1024K)]
  0x000001cd5ede6490 JavaThread "Execution worker Thread 7"         [_thread_blocked, id=27656, stack(0x0000002b00a00000,0x0000002b00b00000) (1024K)]
  0x000001cd5ede3d30 JavaThread "Execution worker Thread 8"         [_thread_blocked, id=19680, stack(0x0000002b00b00000,0x0000002b00c00000) (1024K)]
  0x000001cd59e57d30 JavaThread "Execution worker Thread 9"         [_thread_blocked, id=14120, stack(0x0000002b00c00000,0x0000002b00d00000) (1024K)]
  0x000001cd59e583c0 JavaThread "Execution worker Thread 10"        [_thread_blocked, id=10464, stack(0x0000002b00d00000,0x0000002b00e00000) (1024K)]
  0x000001cd5af5e690 JavaThread "Execution worker Thread 11"        [_thread_blocked, id=21084, stack(0x0000002b00e00000,0x0000002b00f00000) (1024K)]
  0x000001cd5f0d6180 JavaThread "Cache worker for execution history cache (D:\iti\Dukkan\.gradle\9.4.1\executionHistory)"        [_thread_blocked, id=17328, stack(0x0000002b00f00000,0x0000002b01000000) (1024K)]
  0x000001cd5f0d5460 JavaThread "Build operations Thread 12"        [_thread_blocked, id=23532, stack(0x0000002b01000000,0x0000002b01100000) (1024K)]
  0x000001cd5af5f3b0 JavaThread "WorkerExecutor Queue"              [_thread_blocked, id=16732, stack(0x0000002b01100000,0x0000002b01200000) (1024K)]
  0x000001cd5f0d5af0 JavaThread "WorkerExecutor Queue Thread 3"        [_thread_blocked, id=11676, stack(0x0000002b01300000,0x0000002b01400000) (1024K)]
  0x000001cd5e86bb30 JavaThread "WorkerExecutor Queue Thread 4"        [_thread_blocked, id=26148, stack(0x0000002b01400000,0x0000002b01500000) (1024K)]
  0x000001cd5f4662e0 JavaThread "WorkerExecutor Queue Thread 5"        [_thread_blocked, id=16416, stack(0x0000002b01500000,0x0000002b01600000) (1024K)]
  0x000001cd60666380 JavaThread "WorkerExecutor Queue Thread 6"        [_thread_blocked, id=2700, stack(0x0000002b01600000,0x0000002b01700000) (1024K)]
  0x000001cd5e86c850 JavaThread "WorkerExecutor Queue Thread 7"        [_thread_blocked, id=10320, stack(0x0000002b01700000,0x0000002b01800000) (1024K)]
  0x000001cd5b8e5ed0 JavaThread "WorkerExecutor Queue Thread 8"        [_thread_blocked, id=12884, stack(0x0000002b01800000,0x0000002b01900000) (1024K)]
  0x000001cd606d5810 JavaThread "WorkerExecutor Queue Thread 9"        [_thread_blocked, id=29356, stack(0x0000002b01900000,0x0000002b01a00000) (1024K)]
  0x000001cd606d4460 JavaThread "WorkerExecutor Queue Thread 10"        [_thread_blocked, id=16648, stack(0x0000002b01a00000,0x0000002b01b00000) (1024K)]
  0x000001cd5efb54f0 JavaThread "WorkerExecutor Queue Thread 11"        [_thread_blocked, id=27704, stack(0x0000002b01b00000,0x0000002b01c00000) (1024K)]
  0x000001cd5f468a40 JavaThread "WorkerExecutor Queue Thread 13"        [_thread_blocked, id=20724, stack(0x0000002b01d00000,0x0000002b01e00000) (1024K)]
  0x000001cd5c213330 JavaThread "RMI Scheduler(0)"           daemon [_thread_blocked, id=10268, stack(0x0000002b01e00000,0x0000002b01f00000) (1024K)]
  0x000001cd65187990 JavaThread "RMI GC Daemon"              daemon [_thread_blocked, id=17260, stack(0x0000002b02000000,0x0000002b02100000) (1024K)]
  0x000001cd5af5e000 JavaThread "RMI TCP Accept-0"           daemon [_thread_in_native, id=22300, stack(0x0000002b02600000,0x0000002b02700000) (1024K)]
  0x000001cd5af5d2e0 JavaThread "RMI Reaper"                        [_thread_blocked, id=17044, stack(0x0000002b02700000,0x0000002b02800000) (1024K)]
  0x000001cd5af5fa40 JavaThread "RMI TCP Connection(1)-127.0.0.1" daemon [_thread_in_native, id=10220, stack(0x0000002b02e00000,0x0000002b02f00000) (1024K)]
  0x000001cd5e0dd950 JavaThread "RMI TCP Connection(2)-127.0.0.1" daemon [_thread_in_native, id=12704, stack(0x0000002b02f00000,0x0000002b03000000) (1024K)]
  0x000001cd5e0ddfe0 JavaThread "RMI TCP Connection(3)-127.0.0.1" daemon [_thread_in_native, id=15608, stack(0x0000002b03000000,0x0000002b03100000) (1024K)]
  0x000001cd5fd3daa0 JavaThread "WorkerExecutor Queue Thread 14"        [_thread_blocked, id=14588, stack(0x0000002b03400000,0x0000002b03500000) (1024K)]
  0x000001cd5f7409c0 JavaThread "ForkJoinPool-2-worker-1"    daemon [_thread_blocked, id=24820, stack(0x0000002b03200000,0x0000002b03300000) (1024K)]
  0x000001cd5f73e260 JavaThread "ForkJoinPool-2-worker-2"    daemon [_thread_blocked, id=10836, stack(0x0000002b03300000,0x0000002b03400000) (1024K)]
  0x000001cd5f7416e0 JavaThread "ForkJoinPool-2-worker-3"    daemon [_thread_blocked, id=6572, stack(0x0000002b03600000,0x0000002b03700000) (1024K)]
  0x000001cd5f0b2490 JavaThread "ForkJoinPool-2-worker-4"    daemon [_thread_blocked, id=12892, stack(0x0000002b03700000,0x0000002b03800000) (1024K)]
  0x000001cd5e0de670 JavaThread "ForkJoinPool-2-worker-5"    daemon [_thread_blocked, id=26940, stack(0x0000002b03800000,0x0000002b03900000) (1024K)]
  0x000001cd5e0e00b0 JavaThread "ForkJoinPool-2-worker-6"    daemon [_thread_blocked, id=5424, stack(0x0000002b03900000,0x0000002b03a00000) (1024K)]
  0x000001cd5f0b4bf0 JavaThread "ForkJoinPool-2-worker-7"    daemon [_thread_blocked, id=16592, stack(0x0000002b03a00000,0x0000002b03b00000) (1024K)]
  0x000001cd5e0df390 JavaThread "ForkJoinPool-2-worker-8"    daemon [_thread_blocked, id=7508, stack(0x0000002b03b00000,0x0000002b03c00000) (1024K)]
  0x000001cd5f0b4560 JavaThread "ForkJoinPool-2-worker-9"    daemon [_thread_blocked, id=15044, stack(0x0000002b03c00000,0x0000002b03d00000) (1024K)]
  0x000001cd5f0b1e00 JavaThread "ForkJoinPool-2-worker-10"   daemon [_thread_blocked, id=22976, stack(0x0000002b03d00000,0x0000002b03e00000) (1024K)]
  0x000001cd5f0b2b20 JavaThread "ForkJoinPool-2-worker-12"   daemon [_thread_blocked, id=11528, stack(0x0000002b03e00000,0x0000002b03f00000) (1024K)]
  0x000001cd5f0b31b0 JavaThread "ForkJoinPool-2-worker-11"   daemon [_thread_blocked, id=26144, stack(0x0000002b03f00000,0x0000002b04000000) (1024K)]
  0x000001cd53791eb0 JavaThread "pool-2-thread-1"                   [_thread_blocked, id=16572, stack(0x0000002b02100000,0x0000002b02200000) (1024K)]
  0x000001cd5f466970 JavaThread "stderr"                            [_thread_in_native, id=25776, stack(0x0000002b02200000,0x0000002b02300000) (1024K)]
  0x000001cd5f467d20 JavaThread "stdout"                            [_thread_in_native, id=28628, stack(0x0000002b02300000,0x0000002b02400000) (1024K)]
  0x000001cd5adb5fb0 JavaThread "C2 CompilerThread1"         daemon [_thread_blocked, id=10800, stack(0x0000002b01200000,0x0000002b01300000) (1024K)]
  0x000001cd5adb9630 JavaThread "C2 CompilerThread2"         daemon [_thread_blocked, id=13324, stack(0x0000002b01c00000,0x0000002b01d00000) (1024K)]
  0x000001cd5adccb30 JavaThread "Periodic tasks thread"      daemon [_thread_blocked, id=11508, stack(0x0000002b01f00000,0x0000002b02000000) (1024K)]
  0x000001cd69b88180 JavaThread "ApplicationImpl pooled thread 1" daemon [_thread_blocked, id=28112, stack(0x0000002b02400000,0x0000002b02500000) (1024K)]
  0x000001cd69b87460 JavaThread "ForkJoinPool.commonPool-worker-1" daemon [_thread_blocked, id=28320, stack(0x0000002b02500000,0x0000002b02600000) (1024K)]
  0x000001cd5b8112a0 JavaThread "ForkJoinPool.commonPool-worker-2" daemon [_thread_blocked, id=25760, stack(0x0000002b02800000,0x0000002b02900000) (1024K)]
  0x000001cd53a29490 JavaThread "ForkJoinPool.commonPool-worker-4" daemon [_thread_blocked, id=1480, stack(0x0000002b02900000,0x0000002b02a00000) (1024K)]
  0x000001cd6b3b5250 JavaThread "ForkJoinPool.commonPool-worker-3" daemon [_thread_blocked, id=15500, stack(0x0000002b02a00000,0x0000002b02b00000) (1024K)]
  0x000001cd5f0b3840 JavaThread "ForkJoinPool.commonPool-worker-5" daemon [_thread_blocked, id=9932, stack(0x0000002b02b00000,0x0000002b02c00000) (1024K)]
  0x000001cd53a8b3d0 JavaThread "ForkJoinPool.commonPool-worker-7" daemon [_thread_blocked, id=11128, stack(0x0000002b02c00000,0x0000002b02d00000) (1024K)]
  0x000001cd53a8c0f0 JavaThread "ForkJoinPool.commonPool-worker-6" daemon [_thread_blocked, id=26872, stack(0x0000002b02d00000,0x0000002b02e00000) (1024K)]
  0x000001cd6b3b8d60 JavaThread "ForkJoinPool.commonPool-worker-8" daemon [_thread_blocked, id=23148, stack(0x0000002b03100000,0x0000002b03200000) (1024K)]
  0x000001cd53a28e00 JavaThread "ForkJoinPool.commonPool-worker-9" daemon [_thread_blocked, id=22988, stack(0x0000002b03500000,0x0000002b03600000) (1024K)]
  0x000001cd53a29b20 JavaThread "ForkJoinPool.commonPool-worker-10" daemon [_thread_blocked, id=27516, stack(0x0000002b04000000,0x0000002b04100000) (1024K)]
  0x000001cd53a2aed0 JavaThread "ForkJoinPool.commonPool-worker-11" daemon [_thread_blocked, id=28732, stack(0x0000002b04100000,0x0000002b04200000) (1024K)]
  0x000001cd608a05c0 JavaThread "Java2D Disposer"            daemon [_thread_blocked, id=24780, stack(0x0000002b04200000,0x0000002b04300000) (1024K)]
  0x000001cd53a885e0 JavaThread "AWT-Windows"                daemon [_thread_in_native, id=16780, stack(0x0000002b04400000,0x0000002b04500000) (1024K)]
Total: 110

Other Threads:
=>0x000001cd530be550 VMThread "VM Thread"                           [id=29368, stack(0x0000002b7c800000,0x0000002b7c900000) (1024K)]
  0x000001cd53057280 WatcherThread "VM Periodic Task Thread"        [id=29668, stack(0x0000002b7c700000,0x0000002b7c800000) (1024K)]
  0x000001cd38dacc60 WorkerThread "GC Thread#0"                     [id=26960, stack(0x0000002b7c200000,0x0000002b7c300000) (1024K)]
  0x000001cd580d6730 WorkerThread "GC Thread#1"                     [id=18984, stack(0x0000002b7d500000,0x0000002b7d600000) (1024K)]
  0x000001cd5816af30 WorkerThread "GC Thread#2"                     [id=27896, stack(0x0000002b7d600000,0x0000002b7d700000) (1024K)]
  0x000001cd581b3740 WorkerThread "GC Thread#3"                     [id=11860, stack(0x0000002b7d700000,0x0000002b7d800000) (1024K)]
  0x000001cd581b3af0 WorkerThread "GC Thread#4"                     [id=6632, stack(0x0000002b7d800000,0x0000002b7d900000) (1024K)]
  0x000001cd5815c4a0 WorkerThread "GC Thread#5"                     [id=27072, stack(0x0000002b7d900000,0x0000002b7da00000) (1024K)]
  0x000001cd5a0ba370 WorkerThread "GC Thread#6"                     [id=11032, stack(0x0000002b7df00000,0x0000002b7e000000) (1024K)]
  0x000001cd5a0ba720 WorkerThread "GC Thread#7"                     [id=12436, stack(0x0000002b7e000000,0x0000002b7e100000) (1024K)]
  0x000001cd5a0bb990 WorkerThread "GC Thread#8"                     [id=24624, stack(0x0000002b7e100000,0x0000002b7e200000) (1024K)]
  0x000001cd5a0bae80 WorkerThread "GC Thread#9"                     [id=268, stack(0x0000002b7e200000,0x0000002b7e300000) (1024K)]
  0x000001cd38dbe4d0 ConcurrentGCThread "G1 Main Marker"            [id=26096, stack(0x0000002b7c300000,0x0000002b7c400000) (1024K)]
  0x000001cd38dc0a80 WorkerThread "G1 Conc#0"                       [id=12724, stack(0x0000002b7c400000,0x0000002b7c500000) (1024K)]
  0x000001cd5a0baad0 WorkerThread "G1 Conc#1"                       [id=27936, stack(0x0000002b7e300000,0x0000002b7e400000) (1024K)]
  0x000001cd5a0bb230 WorkerThread "G1 Conc#2"                       [id=8852, stack(0x0000002b7e400000,0x0000002b7e500000) (1024K)]
  0x000001cd52f2c2a0 ConcurrentGCThread "G1 Refine#0"               [id=25784, stack(0x0000002b7c500000,0x0000002b7c600000) (1024K)]
  0x000001cd52f2c6e0 ConcurrentGCThread "G1 Service"                [id=11216, stack(0x0000002b7c600000,0x0000002b7c700000) (1024K)]
Total: 18

Threads with active compile tasks:
C2 CompilerThread0  34713 38595       4       ksp.org.jetbrains.org.objectweb.asm.ClassReader::readMethod (1061 bytes)
C1 CompilerThread0  34713 38599       3       ksp.org.jetbrains.kotlin.fir.declarations.impl.FirEnumEntryImpl::<init> (231 bytes)
C2 CompilerThread1  34713 38589       4       ksp.org.jetbrains.kotlin.analysis.low.level.api.fir.transformers.LLFirLazyResolver::checkFunctionParametersAreResolved (70 bytes)
C2 CompilerThread2  34713 38593       4       ksp.org.jetbrains.kotlin.analysis.low.level.api.fir.lazy.resolve.LLFirPhaseUpdater::updatePhaseForNonLocals (771 bytes)
Total: 4

VM state: at safepoint (normal execution)

VM Mutex/Monitor currently owned by a thread:  ([mutex/lock_event])
[0x00007ffcea3e86d0] Threads_lock - owner thread: 0x000001cd530be550
[0x00007ffcea3e87d0] Heap_lock - owner thread: 0x000001cd38dbe4d0

Heap address: 0x0000000700000000, size: 4096 MB, Compressed Oops mode: Zero based, Oop shift amount: 3

CDS archive(s) not mapped
Compressed class space mapped at: 0x0000000800000000-0x0000000834000000, reserved size: 872415232
Narrow klass base: 0x0000000800000000, Narrow klass shift: 0, Narrow klass range: 0x34000000

GC Precious Log:
 CardTable entry size: 512
 Card Set container configuration: InlinePtr #cards 4 size 8 Array Of Cards #cards 16 size 48 Howl #buckets 8 coarsen threshold 3686 Howl Bitmap #cards 512 size 80 coarsen threshold 460 Card regions per heap region 1 cards per card region 4096
 CPUs: 12 total, 12 available
 Memory: 16005M
 Large Page Support: Disabled
 NUMA Support: Disabled
 Compressed Oops: Enabled (Zero based)
 Heap Region Size: 2M
 Heap Min Capacity: 8M
 Heap Initial Capacity: 252M
 Heap Max Capacity: 4G
 Pre-touch: Disabled
 Parallel Workers: 10
 Concurrent Workers: 3
 Concurrent Refinement Workers: 10
 Periodic GC: Disabled

Heap:
 garbage-first heap   total 1943552K, used 1432064K [0x0000000700000000, 0x0000000800000000)
  region size 2048K, 72 young (147456K), 6 survivors (12288K)
 Metaspace       used 250327K, committed 253056K, reserved 1114112K
  class space    used 32105K, committed 33472K, reserved 851968K

Heap Regions: E=young(eden), S=young(survivor), O=old, HS=humongous(starts), HC=humongous(continues), CS=collection set, F=free, TAMS=top-at-mark-start, PB=parsable bottom
|   0|0x0000000700000000, 0x0000000700200000, 0x0000000700200000|100%|HS|  |TAMS 0x0000000700200000| PB 0x0000000700000000| Complete 
|   1|0x0000000700200000, 0x0000000700400000, 0x0000000700400000|100%|HC|  |TAMS 0x0000000700400000| PB 0x0000000700200000| Complete 
|   2|0x0000000700400000, 0x0000000700600000, 0x0000000700600000|100%| O|  |TAMS 0x0000000700600000| PB 0x0000000700600000| Untracked 
|   3|0x0000000700600000, 0x0000000700800000, 0x0000000700800000|100%| O|  |TAMS 0x0000000700800000| PB 0x0000000700800000| Untracked 
|   4|0x0000000700800000, 0x0000000700a00000, 0x0000000700a00000|100%| O|  |TAMS 0x0000000700a00000| PB 0x0000000700a00000| Untracked 
|   5|0x0000000700a00000, 0x0000000700c00000, 0x0000000700c00000|100%| O|  |TAMS 0x0000000700c00000| PB 0x0000000700c00000| Untracked 
|   6|0x0000000700c00000, 0x0000000700e00000, 0x0000000700e00000|100%| O|  |TAMS 0x0000000700e00000| PB 0x0000000700e00000| Untracked 
|   7|0x0000000700e00000, 0x0000000701000000, 0x0000000701000000|100%|HS|  |TAMS 0x0000000701000000| PB 0x0000000700e00000| Complete 
|   8|0x0000000701000000, 0x0000000701200000, 0x0000000701200000|100%|HS|  |TAMS 0x0000000701200000| PB 0x0000000701000000| Complete 
|   9|0x0000000701200000, 0x0000000701400000, 0x0000000701400000|100%| O|  |TAMS 0x0000000701400000| PB 0x0000000701400000| Updating 
|  10|0x0000000701400000, 0x0000000701600000, 0x0000000701600000|100%| O|  |TAMS 0x0000000701600000| PB 0x0000000701600000| Updating 
|  11|0x0000000701600000, 0x0000000701800000, 0x0000000701800000|100%| O|  |TAMS 0x0000000701800000| PB 0x0000000701800000| Untracked 
|  12|0x0000000701800000, 0x0000000701a00000, 0x0000000701a00000|100%|HS|  |TAMS 0x0000000701a00000| PB 0x0000000701800000| Complete 
|  13|0x0000000701a00000, 0x0000000701c00000, 0x0000000701c00000|100%|HS|  |TAMS 0x0000000701c00000| PB 0x0000000701a00000| Complete 
|  14|0x0000000701c00000, 0x0000000701e00000, 0x0000000701e00000|100%| O|  |TAMS 0x0000000701e00000| PB 0x0000000701e00000| Untracked 
|  15|0x0000000701e00000, 0x0000000702000000, 0x0000000702000000|100%| O|  |TAMS 0x0000000702000000| PB 0x0000000702000000| Updating 
|  16|0x0000000702000000, 0x0000000702200000, 0x0000000702200000|100%| O|  |TAMS 0x0000000702200000| PB 0x0000000702200000| Untracked 
|  17|0x0000000702200000, 0x0000000702400000, 0x0000000702400000|100%| O|  |TAMS 0x0000000702400000| PB 0x0000000702400000| Untracked 
|  18|0x0000000702400000, 0x0000000702600000, 0x0000000702600000|100%| O|  |TAMS 0x0000000702600000| PB 0x0000000702600000| Untracked 
|  19|0x0000000702600000, 0x0000000702800000, 0x0000000702800000|100%| O|  |TAMS 0x0000000702800000| PB 0x0000000702800000| Untracked 
|  20|0x0000000702800000, 0x0000000702a00000, 0x0000000702a00000|100%| O|  |TAMS 0x0000000702a00000| PB 0x0000000702a00000| Updating 
|  21|0x0000000702a00000, 0x0000000702c00000, 0x0000000702c00000|100%| O|  |TAMS 0x0000000702c00000| PB 0x0000000702c00000| Untracked 
|  22|0x0000000702c00000, 0x0000000702e00000, 0x0000000702e00000|100%| O|  |TAMS 0x0000000702e00000| PB 0x0000000702e00000| Untracked 
|  23|0x0000000702e00000, 0x0000000703000000, 0x0000000703000000|100%| O|  |TAMS 0x0000000703000000| PB 0x0000000703000000| Untracked 
|  24|0x0000000703000000, 0x0000000703200000, 0x0000000703200000|100%| O|  |TAMS 0x0000000703200000| PB 0x0000000703200000| Updating 
|  25|0x0000000703200000, 0x0000000703400000, 0x0000000703400000|100%| O|  |TAMS 0x0000000703400000| PB 0x0000000703400000| Updating 
|  26|0x0000000703400000, 0x0000000703600000, 0x0000000703600000|100%| O|  |TAMS 0x0000000703600000| PB 0x0000000703600000| Untracked 
|  27|0x0000000703600000, 0x0000000703800000, 0x0000000703800000|100%| O|  |TAMS 0x0000000703800000| PB 0x0000000703800000| Untracked 
|  28|0x0000000703800000, 0x0000000703a00000, 0x0000000703a00000|100%| O|  |TAMS 0x0000000703a00000| PB 0x0000000703a00000| Untracked 
|  29|0x0000000703a00000, 0x0000000703c00000, 0x0000000703c00000|100%| O|  |TAMS 0x0000000703c00000| PB 0x0000000703c00000| Updating 
|  30|0x0000000703c00000, 0x0000000703e00000, 0x0000000703e00000|100%| O|  |TAMS 0x0000000703e00000| PB 0x0000000703e00000| Untracked 
|  31|0x0000000703e00000, 0x0000000704000000, 0x0000000704000000|100%| O|  |TAMS 0x0000000704000000| PB 0x0000000704000000| Updating 
|  32|0x0000000704000000, 0x0000000704200000, 0x0000000704200000|100%| O|  |TAMS 0x0000000704200000| PB 0x0000000704200000| Untracked 
|  33|0x0000000704200000, 0x0000000704400000, 0x0000000704400000|100%| O|  |TAMS 0x0000000704400000| PB 0x0000000704400000| Untracked 
|  34|0x0000000704400000, 0x0000000704600000, 0x0000000704600000|100%| O|  |TAMS 0x0000000704600000| PB 0x0000000704600000| Untracked 
|  35|0x0000000704600000, 0x0000000704800000, 0x0000000704800000|100%| O|  |TAMS 0x0000000704800000| PB 0x0000000704800000| Updating 
|  36|0x0000000704800000, 0x0000000704a00000, 0x0000000704a00000|100%| O|  |TAMS 0x0000000704a00000| PB 0x0000000704a00000| Updating 
|  37|0x0000000704a00000, 0x0000000704c00000, 0x0000000704c00000|100%| O|  |TAMS 0x0000000704c00000| PB 0x0000000704c00000| Updating 
|  38|0x0000000704c00000, 0x0000000704e00000, 0x0000000704e00000|100%| O|  |TAMS 0x0000000704e00000| PB 0x0000000704e00000| Untracked 
|  39|0x0000000704e00000, 0x0000000705000000, 0x0000000705000000|100%| O|  |TAMS 0x0000000705000000| PB 0x0000000705000000| Untracked 
|  40|0x0000000705000000, 0x0000000705200000, 0x0000000705200000|100%| O|  |TAMS 0x0000000705200000| PB 0x0000000705200000| Untracked 
|  41|0x0000000705200000, 0x0000000705400000, 0x0000000705400000|100%| O|  |TAMS 0x0000000705400000| PB 0x0000000705400000| Updating 
|  42|0x0000000705400000, 0x0000000705600000, 0x0000000705600000|100%|HS|  |TAMS 0x0000000705600000| PB 0x0000000705400000| Complete 
|  43|0x0000000705600000, 0x0000000705800000, 0x0000000705800000|100%|HC|  |TAMS 0x0000000705800000| PB 0x0000000705600000| Complete 
|  44|0x0000000705800000, 0x0000000705a00000, 0x0000000705a00000|100%| O|  |TAMS 0x0000000705a00000| PB 0x0000000705a00000| Untracked 
|  45|0x0000000705a00000, 0x0000000705c00000, 0x0000000705c00000|100%| O|  |TAMS 0x0000000705c00000| PB 0x0000000705c00000| Updating 
|  46|0x0000000705c00000, 0x0000000705e00000, 0x0000000705e00000|100%|HS|  |TAMS 0x0000000705e00000| PB 0x0000000705c00000| Complete 
|  47|0x0000000705e00000, 0x0000000706000000, 0x0000000706000000|100%| O|  |TAMS 0x0000000706000000| PB 0x0000000706000000| Updating 
|  48|0x0000000706000000, 0x0000000706200000, 0x0000000706200000|100%| O|  |TAMS 0x0000000706200000| PB 0x0000000706200000| Untracked 
|  49|0x0000000706200000, 0x0000000706400000, 0x0000000706400000|100%|HS|  |TAMS 0x0000000706400000| PB 0x0000000706200000| Complete 
|  50|0x0000000706400000, 0x0000000706600000, 0x0000000706600000|100%| O|  |TAMS 0x0000000706600000| PB 0x0000000706600000| Updating 
|  51|0x0000000706600000, 0x0000000706800000, 0x0000000706800000|100%|HS|  |TAMS 0x0000000706800000| PB 0x0000000706600000| Complete 
|  52|0x0000000706800000, 0x0000000706a00000, 0x0000000706a00000|100%| O|  |TAMS 0x0000000706a00000| PB 0x0000000706a00000| Untracked 
|  53|0x0000000706a00000, 0x0000000706c00000, 0x0000000706c00000|100%| O|  |TAMS 0x0000000706c00000| PB 0x0000000706c00000| Updating 
|  54|0x0000000706c00000, 0x0000000706e00000, 0x0000000706e00000|100%| O|  |TAMS 0x0000000706e00000| PB 0x0000000706e00000| Untracked 
|  55|0x0000000706e00000, 0x0000000707000000, 0x0000000707000000|100%| O|  |TAMS 0x0000000707000000| PB 0x0000000707000000| Updating 
|  56|0x0000000707000000, 0x0000000707200000, 0x0000000707200000|100%| O|  |TAMS 0x0000000707200000| PB 0x0000000707200000| Untracked 
|  57|0x0000000707200000, 0x0000000707400000, 0x0000000707400000|100%| O|  |TAMS 0x0000000707400000| PB 0x0000000707400000| Updating 
|  58|0x0000000707400000, 0x0000000707600000, 0x0000000707600000|100%| O|  |TAMS 0x0000000707600000| PB 0x0000000707600000| Untracked 
|  59|0x0000000707600000, 0x0000000707800000, 0x0000000707800000|100%| O|  |TAMS 0x0000000707800000| PB 0x0000000707800000| Updating 
|  60|0x0000000707800000, 0x0000000707a00000, 0x0000000707a00000|100%| O|  |TAMS 0x0000000707a00000| PB 0x0000000707a00000| Untracked 
|  61|0x0000000707a00000, 0x0000000707c00000, 0x0000000707c00000|100%| O|  |TAMS 0x0000000707c00000| PB 0x0000000707c00000| Updating 
|  62|0x0000000707c00000, 0x0000000707e00000, 0x0000000707e00000|100%| O|  |TAMS 0x0000000707e00000| PB 0x0000000707e00000| Untracked 
|  63|0x0000000707e00000, 0x0000000708000000, 0x0000000708000000|100%| O|  |TAMS 0x0000000708000000| PB 0x0000000708000000| Updating 
|  64|0x0000000708000000, 0x0000000708200000, 0x0000000708200000|100%|HS|  |TAMS 0x0000000708200000| PB 0x0000000708000000| Complete 
|  65|0x0000000708200000, 0x0000000708400000, 0x0000000708400000|100%| O|  |TAMS 0x0000000708400000| PB 0x0000000708400000| Updating 
|  66|0x0000000708400000, 0x0000000708600000, 0x0000000708600000|100%| O|  |TAMS 0x0000000708600000| PB 0x0000000708600000| Untracked 
|  67|0x0000000708600000, 0x0000000708800000, 0x0000000708800000|100%|HS|  |TAMS 0x0000000708800000| PB 0x0000000708600000| Complete 
|  68|0x0000000708800000, 0x0000000708a00000, 0x0000000708a00000|100%|HC|  |TAMS 0x0000000708a00000| PB 0x0000000708800000| Complete 
|  69|0x0000000708a00000, 0x0000000708c00000, 0x0000000708c00000|100%|HC|  |TAMS 0x0000000708c00000| PB 0x0000000708a00000| Complete 
|  70|0x0000000708c00000, 0x0000000708e00000, 0x0000000708e00000|100%| O|  |TAMS 0x0000000708e00000| PB 0x0000000708e00000| Updating 
|  71|0x0000000708e00000, 0x0000000709000000, 0x0000000709000000|100%| O|  |TAMS 0x0000000709000000| PB 0x0000000709000000| Untracked 
|  72|0x0000000709000000, 0x0000000709200000, 0x0000000709200000|100%| O|  |TAMS 0x0000000709200000| PB 0x0000000709200000| Untracked 
|  73|0x0000000709200000, 0x0000000709400000, 0x0000000709400000|100%| O|  |TAMS 0x0000000709400000| PB 0x0000000709400000| Untracked 
|  74|0x0000000709400000, 0x0000000709600000, 0x0000000709600000|100%| O|  |TAMS 0x0000000709600000| PB 0x0000000709600000| Updating 
|  75|0x0000000709600000, 0x0000000709800000, 0x0000000709800000|100%| O|  |TAMS 0x0000000709800000| PB 0x0000000709800000| Updating 
|  76|0x0000000709800000, 0x0000000709a00000, 0x0000000709a00000|100%| O|  |TAMS 0x0000000709a00000| PB 0x0000000709a00000| Untracked 
|  77|0x0000000709a00000, 0x0000000709c00000, 0x0000000709c00000|100%| O|  |TAMS 0x0000000709c00000| PB 0x0000000709c00000| Untracked 
|  78|0x0000000709c00000, 0x0000000709e00000, 0x0000000709e00000|100%| O|  |TAMS 0x0000000709e00000| PB 0x0000000709e00000| Untracked 
|  79|0x0000000709e00000, 0x000000070a000000, 0x000000070a000000|100%| O|  |TAMS 0x000000070a000000| PB 0x000000070a000000| Updating 
|  80|0x000000070a000000, 0x000000070a200000, 0x000000070a200000|100%| O|  |TAMS 0x000000070a200000| PB 0x000000070a200000| Untracked 
|  81|0x000000070a200000, 0x000000070a400000, 0x000000070a400000|100%| O|  |TAMS 0x000000070a400000| PB 0x000000070a400000| Untracked 
|  82|0x000000070a400000, 0x000000070a600000, 0x000000070a600000|100%| O|  |TAMS 0x000000070a600000| PB 0x000000070a600000| Untracked 
|  83|0x000000070a600000, 0x000000070a800000, 0x000000070a800000|100%| O|  |TAMS 0x000000070a800000| PB 0x000000070a800000| Untracked 
|  84|0x000000070a800000, 0x000000070aa00000, 0x000000070aa00000|100%| O|  |TAMS 0x000000070aa00000| PB 0x000000070aa00000| Untracked 
|  85|0x000000070aa00000, 0x000000070ac00000, 0x000000070ac00000|100%| O|  |TAMS 0x000000070ac00000| PB 0x000000070ac00000| Untracked 
|  86|0x000000070ac00000, 0x000000070ae00000, 0x000000070ae00000|100%| O|  |TAMS 0x000000070ae00000| PB 0x000000070ae00000| Updating 
|  87|0x000000070ae00000, 0x000000070b000000, 0x000000070b000000|100%| O|  |TAMS 0x000000070b000000| PB 0x000000070b000000| Updating 
|  88|0x000000070b000000, 0x000000070b200000, 0x000000070b200000|100%| O|  |TAMS 0x000000070b200000| PB 0x000000070b200000| Updating 
|  89|0x000000070b200000, 0x000000070b400000, 0x000000070b400000|100%| O|  |TAMS 0x000000070b400000| PB 0x000000070b400000| Untracked 
|  90|0x000000070b400000, 0x000000070b600000, 0x000000070b600000|100%| O|  |TAMS 0x000000070b600000| PB 0x000000070b600000| Untracked 
|  91|0x000000070b600000, 0x000000070b800000, 0x000000070b800000|100%| O|  |TAMS 0x000000070b800000| PB 0x000000070b800000| Untracked 
|  92|0x000000070b800000, 0x000000070ba00000, 0x000000070ba00000|100%| O|  |TAMS 0x000000070ba00000| PB 0x000000070ba00000| Untracked 
|  93|0x000000070ba00000, 0x000000070bc00000, 0x000000070bc00000|100%| O|  |TAMS 0x000000070bc00000| PB 0x000000070bc00000| Untracked 
|  94|0x000000070bc00000, 0x000000070be00000, 0x000000070be00000|100%| O|  |TAMS 0x000000070be00000| PB 0x000000070be00000| Updating 
|  95|0x000000070be00000, 0x000000070c000000, 0x000000070c000000|100%| O|  |TAMS 0x000000070c000000| PB 0x000000070c000000| Updating 
|  96|0x000000070c000000, 0x000000070c200000, 0x000000070c200000|100%| O|  |TAMS 0x000000070c200000| PB 0x000000070c200000| Untracked 
|  97|0x000000070c200000, 0x000000070c400000, 0x000000070c400000|100%| O|  |TAMS 0x000000070c400000| PB 0x000000070c400000| Untracked 
|  98|0x000000070c400000, 0x000000070c600000, 0x000000070c600000|100%| O|  |TAMS 0x000000070c600000| PB 0x000000070c600000| Untracked 
|  99|0x000000070c600000, 0x000000070c800000, 0x000000070c800000|100%| O|  |TAMS 0x000000070c800000| PB 0x000000070c800000| Updating 
| 100|0x000000070c800000, 0x000000070ca00000, 0x000000070ca00000|100%| O|  |TAMS 0x000000070ca00000| PB 0x000000070ca00000| Untracked 
| 101|0x000000070ca00000, 0x000000070cc00000, 0x000000070cc00000|100%| O|  |TAMS 0x000000070cc00000| PB 0x000000070cc00000| Untracked 
| 102|0x000000070cc00000, 0x000000070ce00000, 0x000000070ce00000|100%| O|  |TAMS 0x000000070ce00000| PB 0x000000070ce00000| Untracked 
| 103|0x000000070ce00000, 0x000000070d000000, 0x000000070d000000|100%| O|  |TAMS 0x000000070d000000| PB 0x000000070d000000| Untracked 
| 104|0x000000070d000000, 0x000000070d200000, 0x000000070d200000|100%| O|  |TAMS 0x000000070d200000| PB 0x000000070d200000| Updating 
| 105|0x000000070d200000, 0x000000070d400000, 0x000000070d400000|100%| O|  |TAMS 0x000000070d400000| PB 0x000000070d400000| Updating 
| 106|0x000000070d400000, 0x000000070d600000, 0x000000070d600000|100%|HS|  |TAMS 0x000000070d600000| PB 0x000000070d400000| Complete 
| 107|0x000000070d600000, 0x000000070d800000, 0x000000070d800000|100%|HC|  |TAMS 0x000000070d800000| PB 0x000000070d600000| Complete 
| 108|0x000000070d800000, 0x000000070da00000, 0x000000070da00000|100%|HC|  |TAMS 0x000000070da00000| PB 0x000000070d800000| Complete 
| 109|0x000000070da00000, 0x000000070dc00000, 0x000000070dc00000|100%|HS|  |TAMS 0x000000070dc00000| PB 0x000000070da00000| Complete 
| 110|0x000000070dc00000, 0x000000070de00000, 0x000000070de00000|100%|HS|  |TAMS 0x000000070de00000| PB 0x000000070dc00000| Complete 
| 111|0x000000070de00000, 0x000000070e000000, 0x000000070e000000|100%|HS|  |TAMS 0x000000070e000000| PB 0x000000070de00000| Complete 
| 112|0x000000070e000000, 0x000000070e200000, 0x000000070e200000|100%|HC|  |TAMS 0x000000070e200000| PB 0x000000070e000000| Complete 
| 113|0x000000070e200000, 0x000000070e400000, 0x000000070e400000|100%|HS|  |TAMS 0x000000070e400000| PB 0x000000070e200000| Complete 
| 114|0x000000070e400000, 0x000000070e600000, 0x000000070e600000|100%|HS|  |TAMS 0x000000070e600000| PB 0x000000070e400000| Complete 
| 115|0x000000070e600000, 0x000000070e800000, 0x000000070e800000|100%|HS|  |TAMS 0x000000070e800000| PB 0x000000070e600000| Complete 
| 116|0x000000070e800000, 0x000000070ea00000, 0x000000070ea00000|100%|HS|  |TAMS 0x000000070ea00000| PB 0x000000070e800000| Complete 
| 117|0x000000070ea00000, 0x000000070ec00000, 0x000000070ec00000|100%|HC|  |TAMS 0x000000070ec00000| PB 0x000000070ea00000| Complete 
| 118|0x000000070ec00000, 0x000000070ee00000, 0x000000070ee00000|100%|HS|  |TAMS 0x000000070ee00000| PB 0x000000070ec00000| Complete 
| 119|0x000000070ee00000, 0x000000070f000000, 0x000000070f000000|100%|HS|  |TAMS 0x000000070f000000| PB 0x000000070ee00000| Complete 
| 120|0x000000070f000000, 0x000000070f200000, 0x000000070f200000|100%|HC|  |TAMS 0x000000070f200000| PB 0x000000070f000000| Complete 
| 121|0x000000070f200000, 0x000000070f400000, 0x000000070f400000|100%| O|  |TAMS 0x000000070f400000| PB 0x000000070f400000| Updating 
| 122|0x000000070f400000, 0x000000070f600000, 0x000000070f600000|100%| O|  |TAMS 0x000000070f600000| PB 0x000000070f600000| Updating 
| 123|0x000000070f600000, 0x000000070f800000, 0x000000070f800000|100%|HS|  |TAMS 0x000000070f800000| PB 0x000000070f600000| Complete 
| 124|0x000000070f800000, 0x000000070fa00000, 0x000000070fa00000|100%|HS|  |TAMS 0x000000070fa00000| PB 0x000000070f800000| Complete 
| 125|0x000000070fa00000, 0x000000070fc00000, 0x000000070fc00000|100%|HC|  |TAMS 0x000000070fc00000| PB 0x000000070fa00000| Complete 
| 126|0x000000070fc00000, 0x000000070fe00000, 0x000000070fe00000|100%|HC|  |TAMS 0x000000070fe00000| PB 0x000000070fc00000| Complete 
| 127|0x000000070fe00000, 0x0000000710000000, 0x0000000710000000|100%|HC|  |TAMS 0x0000000710000000| PB 0x000000070fe00000| Complete 
| 128|0x0000000710000000, 0x0000000710200000, 0x0000000710200000|100%|HC|  |TAMS 0x0000000710200000| PB 0x0000000710000000| Complete 
| 129|0x0000000710200000, 0x0000000710400000, 0x0000000710400000|100%|HC|  |TAMS 0x0000000710400000| PB 0x0000000710200000| Complete 
| 130|0x0000000710400000, 0x0000000710600000, 0x0000000710600000|100%|HC|  |TAMS 0x0000000710600000| PB 0x0000000710400000| Complete 
| 131|0x0000000710600000, 0x0000000710800000, 0x0000000710800000|100%|HC|  |TAMS 0x0000000710800000| PB 0x0000000710600000| Complete 
| 132|0x0000000710800000, 0x0000000710a00000, 0x0000000710a00000|100%|HC|  |TAMS 0x0000000710a00000| PB 0x0000000710800000| Complete 
| 133|0x0000000710a00000, 0x0000000710c00000, 0x0000000710c00000|100%|HC|  |TAMS 0x0000000710c00000| PB 0x0000000710a00000| Complete 
| 134|0x0000000710c00000, 0x0000000710e00000, 0x0000000710e00000|100%|HC|  |TAMS 0x0000000710e00000| PB 0x0000000710c00000| Complete 
| 135|0x0000000710e00000, 0x0000000711000000, 0x0000000711000000|100%|HC|  |TAMS 0x0000000711000000| PB 0x0000000710e00000| Complete 
| 136|0x0000000711000000, 0x0000000711200000, 0x0000000711200000|100%|HC|  |TAMS 0x0000000711200000| PB 0x0000000711000000| Complete 
| 137|0x0000000711200000, 0x0000000711400000, 0x0000000711400000|100%|HC|  |TAMS 0x0000000711400000| PB 0x0000000711200000| Complete 
| 138|0x0000000711400000, 0x0000000711600000, 0x0000000711600000|100%|HC|  |TAMS 0x0000000711600000| PB 0x0000000711400000| Complete 
| 139|0x0000000711600000, 0x0000000711800000, 0x0000000711800000|100%|HS|  |TAMS 0x0000000711800000| PB 0x0000000711600000| Complete 
| 140|0x0000000711800000, 0x0000000711a00000, 0x0000000711a00000|100%|HC|  |TAMS 0x0000000711a00000| PB 0x0000000711800000| Complete 
| 141|0x0000000711a00000, 0x0000000711c00000, 0x0000000711c00000|100%|HS|  |TAMS 0x0000000711c00000| PB 0x0000000711a00000| Complete 
| 142|0x0000000711c00000, 0x0000000711e00000, 0x0000000711e00000|100%| O|  |TAMS 0x0000000711e00000| PB 0x0000000711e00000| Untracked 
| 143|0x0000000711e00000, 0x0000000712000000, 0x0000000712000000|100%| O|  |TAMS 0x0000000712000000| PB 0x0000000712000000| Updating 
| 144|0x0000000712000000, 0x0000000712200000, 0x0000000712200000|100%| O|  |TAMS 0x0000000712200000| PB 0x0000000712200000| Untracked 
| 145|0x0000000712200000, 0x0000000712400000, 0x0000000712400000|100%| O|  |TAMS 0x0000000712400000| PB 0x0000000712400000| Untracked 
| 146|0x0000000712400000, 0x0000000712600000, 0x0000000712600000|100%| O|  |TAMS 0x0000000712600000| PB 0x0000000712600000| Untracked 
| 147|0x0000000712600000, 0x0000000712800000, 0x0000000712800000|100%| O|  |TAMS 0x0000000712800000| PB 0x0000000712800000| Untracked 
| 148|0x0000000712800000, 0x0000000712a00000, 0x0000000712a00000|100%| O|  |TAMS 0x0000000712a00000| PB 0x0000000712a00000| Updating 
| 149|0x0000000712a00000, 0x0000000712c00000, 0x0000000712c00000|100%| O|  |TAMS 0x0000000712c00000| PB 0x0000000712c00000| Updating 
| 150|0x0000000712c00000, 0x0000000712e00000, 0x0000000712e00000|100%| O|  |TAMS 0x0000000712e00000| PB 0x0000000712e00000| Untracked 
| 151|0x0000000712e00000, 0x0000000713000000, 0x0000000713000000|100%| O|  |TAMS 0x0000000713000000| PB 0x0000000713000000| Untracked 
| 152|0x0000000713000000, 0x0000000713200000, 0x0000000713200000|100%| O|  |TAMS 0x0000000713200000| PB 0x0000000713200000| Updating 
| 153|0x0000000713200000, 0x0000000713400000, 0x0000000713400000|100%| O|  |TAMS 0x0000000713400000| PB 0x0000000713400000| Untracked 
| 154|0x0000000713400000, 0x0000000713600000, 0x0000000713600000|100%| O|  |TAMS 0x0000000713600000| PB 0x0000000713600000| Updating 
| 155|0x0000000713600000, 0x0000000713800000, 0x0000000713800000|100%| O|  |TAMS 0x0000000713800000| PB 0x0000000713800000| Untracked 
| 156|0x0000000713800000, 0x0000000713a00000, 0x0000000713a00000|100%| O|  |TAMS 0x0000000713a00000| PB 0x0000000713a00000| Untracked 
| 157|0x0000000713a00000, 0x0000000713c00000, 0x0000000713c00000|100%| O|  |TAMS 0x0000000713c00000| PB 0x0000000713c00000| Untracked 
| 158|0x0000000713c00000, 0x0000000713e00000, 0x0000000713e00000|100%| O|  |TAMS 0x0000000713e00000| PB 0x0000000713e00000| Untracked 
| 159|0x0000000713e00000, 0x0000000714000000, 0x0000000714000000|100%| O|  |TAMS 0x0000000714000000| PB 0x0000000714000000| Untracked 
| 160|0x0000000714000000, 0x0000000714200000, 0x0000000714200000|100%| O|  |TAMS 0x0000000714200000| PB 0x0000000714200000| Untracked 
| 161|0x0000000714200000, 0x0000000714400000, 0x0000000714400000|100%| O|  |TAMS 0x0000000714200000| PB 0x0000000714200000| Untracked 
| 162|0x0000000714400000, 0x0000000714600000, 0x0000000714600000|100%| O|  |TAMS 0x0000000714600000| PB 0x0000000714600000| Untracked 
| 163|0x0000000714600000, 0x0000000714800000, 0x0000000714800000|100%| O|  |TAMS 0x0000000714800000| PB 0x0000000714800000| Updating 
| 164|0x0000000714800000, 0x0000000714a00000, 0x0000000714a00000|100%| O|  |TAMS 0x0000000714a00000| PB 0x0000000714a00000| Updating 
| 165|0x0000000714a00000, 0x0000000714c00000, 0x0000000714c00000|100%| O|  |TAMS 0x0000000714c00000| PB 0x0000000714c00000| Updating 
| 166|0x0000000714c00000, 0x0000000714e00000, 0x0000000714e00000|100%|HS|  |TAMS 0x0000000714e00000| PB 0x0000000714c00000| Complete 
| 167|0x0000000714e00000, 0x0000000715000000, 0x0000000715000000|100%|HC|  |TAMS 0x0000000715000000| PB 0x0000000714e00000| Complete 
| 168|0x0000000715000000, 0x0000000715200000, 0x0000000715200000|100%|HC|  |TAMS 0x0000000715200000| PB 0x0000000715000000| Complete 
| 169|0x0000000715200000, 0x0000000715400000, 0x0000000715400000|100%|HC|  |TAMS 0x0000000715400000| PB 0x0000000715200000| Complete 
| 170|0x0000000715400000, 0x0000000715600000, 0x0000000715600000|100%| O|  |TAMS 0x0000000715600000| PB 0x0000000715600000| Updating 
| 171|0x0000000715600000, 0x0000000715800000, 0x0000000715800000|100%| O|  |TAMS 0x0000000715800000| PB 0x0000000715800000| Untracked 
| 172|0x0000000715800000, 0x0000000715a00000, 0x0000000715a00000|100%| O|  |TAMS 0x0000000715a00000| PB 0x0000000715a00000| Updating 
| 173|0x0000000715a00000, 0x0000000715c00000, 0x0000000715c00000|100%| O|  |TAMS 0x0000000715c00000| PB 0x0000000715c00000| Untracked 
| 174|0x0000000715c00000, 0x0000000715e00000, 0x0000000715e00000|100%| O|  |TAMS 0x0000000715e00000| PB 0x0000000715e00000| Untracked 
| 175|0x0000000715e00000, 0x0000000716000000, 0x0000000716000000|100%| O|  |TAMS 0x0000000716000000| PB 0x0000000716000000| Updating 
| 176|0x0000000716000000, 0x0000000716200000, 0x0000000716200000|100%| O|  |TAMS 0x0000000716200000| PB 0x0000000716200000| Untracked 
| 177|0x0000000716200000, 0x0000000716400000, 0x0000000716400000|100%| O|  |TAMS 0x0000000716400000| PB 0x0000000716400000| Untracked 
| 178|0x0000000716400000, 0x0000000716600000, 0x0000000716600000|100%| O|  |TAMS 0x0000000716600000| PB 0x0000000716600000| Updating 
| 179|0x0000000716600000, 0x0000000716800000, 0x0000000716800000|100%| O|  |TAMS 0x0000000716800000| PB 0x0000000716800000| Untracked 
| 180|0x0000000716800000, 0x0000000716a00000, 0x0000000716a00000|100%| O|  |TAMS 0x0000000716a00000| PB 0x0000000716a00000| Updating 
| 181|0x0000000716a00000, 0x0000000716c00000, 0x0000000716c00000|100%| O|  |TAMS 0x0000000716c00000| PB 0x0000000716c00000| Untracked 
| 182|0x0000000716c00000, 0x0000000716e00000, 0x0000000716e00000|100%| O|  |TAMS 0x0000000716e00000| PB 0x0000000716e00000| Untracked 
| 183|0x0000000716e00000, 0x0000000717000000, 0x0000000717000000|100%| O|  |TAMS 0x0000000717000000| PB 0x0000000717000000| Untracked 
| 184|0x0000000717000000, 0x0000000717200000, 0x0000000717200000|100%| O|  |TAMS 0x0000000717200000| PB 0x0000000717200000| Updating 
| 185|0x0000000717200000, 0x0000000717400000, 0x0000000717400000|100%| O|  |TAMS 0x0000000717400000| PB 0x0000000717400000| Untracked 
| 186|0x0000000717400000, 0x0000000717600000, 0x0000000717600000|100%|HS|  |TAMS 0x0000000717600000| PB 0x0000000717400000| Complete 
| 187|0x0000000717600000, 0x0000000717800000, 0x0000000717800000|100%| O|  |TAMS 0x0000000717800000| PB 0x0000000717800000| Untracked 
| 188|0x0000000717800000, 0x0000000717a00000, 0x0000000717a00000|100%| O|  |TAMS 0x0000000717a00000| PB 0x0000000717a00000| Untracked 
| 189|0x0000000717a00000, 0x0000000717c00000, 0x0000000717c00000|100%| O|  |TAMS 0x0000000717c00000| PB 0x0000000717c00000| Untracked 
| 190|0x0000000717c00000, 0x0000000717e00000, 0x0000000717e00000|100%| O|  |TAMS 0x0000000717e00000| PB 0x0000000717e00000| Untracked 
| 191|0x0000000717e00000, 0x0000000718000000, 0x0000000718000000|100%| O|  |TAMS 0x0000000718000000| PB 0x0000000718000000| Updating 
| 192|0x0000000718000000, 0x0000000718200000, 0x0000000718200000|100%| O|  |TAMS 0x0000000718200000| PB 0x0000000718200000| Untracked 
| 193|0x0000000718200000, 0x0000000718400000, 0x0000000718400000|100%| O|  |TAMS 0x0000000718400000| PB 0x0000000718400000| Untracked 
| 194|0x0000000718400000, 0x0000000718600000, 0x0000000718600000|100%| O|  |TAMS 0x0000000718600000| PB 0x0000000718600000| Untracked 
| 195|0x0000000718600000, 0x0000000718800000, 0x0000000718800000|100%| O|  |TAMS 0x0000000718800000| PB 0x0000000718800000| Updating 
| 196|0x0000000718800000, 0x0000000718a00000, 0x0000000718a00000|100%| O|  |TAMS 0x0000000718a00000| PB 0x0000000718a00000| Updating 
| 197|0x0000000718a00000, 0x0000000718c00000, 0x0000000718c00000|100%| O|  |TAMS 0x0000000718c00000| PB 0x0000000718c00000| Updating 
| 198|0x0000000718c00000, 0x0000000718e00000, 0x0000000718e00000|100%| O|  |TAMS 0x0000000718e00000| PB 0x0000000718e00000| Updating 
| 199|0x0000000718e00000, 0x0000000719000000, 0x0000000719000000|100%| O|  |TAMS 0x0000000719000000| PB 0x0000000719000000| Updating 
| 200|0x0000000719000000, 0x0000000719200000, 0x0000000719200000|100%| O|  |TAMS 0x0000000719200000| PB 0x0000000719200000| Untracked 
| 201|0x0000000719200000, 0x0000000719400000, 0x0000000719400000|100%| O|  |TAMS 0x0000000719400000| PB 0x0000000719400000| Untracked 
| 202|0x0000000719400000, 0x0000000719600000, 0x0000000719600000|100%| O|  |TAMS 0x0000000719600000| PB 0x0000000719600000| Untracked 
| 203|0x0000000719600000, 0x0000000719800000, 0x0000000719800000|100%| O|  |TAMS 0x0000000719800000| PB 0x0000000719800000| Updating 
| 204|0x0000000719800000, 0x0000000719a00000, 0x0000000719a00000|100%| O|  |TAMS 0x0000000719a00000| PB 0x0000000719a00000| Updating 
| 205|0x0000000719a00000, 0x0000000719c00000, 0x0000000719c00000|100%| O|  |TAMS 0x0000000719c00000| PB 0x0000000719c00000| Updating 
| 206|0x0000000719c00000, 0x0000000719e00000, 0x0000000719e00000|100%| O|  |TAMS 0x0000000719e00000| PB 0x0000000719e00000| Untracked 
| 207|0x0000000719e00000, 0x000000071a000000, 0x000000071a000000|100%| O|  |TAMS 0x000000071a000000| PB 0x000000071a000000| Untracked 
| 208|0x000000071a000000, 0x000000071a200000, 0x000000071a200000|100%| O|  |TAMS 0x000000071a200000| PB 0x000000071a200000| Untracked 
| 209|0x000000071a200000, 0x000000071a400000, 0x000000071a400000|100%| O|  |TAMS 0x000000071a400000| PB 0x000000071a400000| Updating 
| 210|0x000000071a400000, 0x000000071a600000, 0x000000071a600000|100%| O|  |TAMS 0x000000071a600000| PB 0x000000071a600000| Untracked 
| 211|0x000000071a600000, 0x000000071a800000, 0x000000071a800000|100%| O|  |TAMS 0x000000071a800000| PB 0x000000071a800000| Updating 
| 212|0x000000071a800000, 0x000000071aa00000, 0x000000071aa00000|100%| O|  |TAMS 0x000000071aa00000| PB 0x000000071aa00000| Untracked 
| 213|0x000000071aa00000, 0x000000071ac00000, 0x000000071ac00000|100%|HS|  |TAMS 0x000000071ac00000| PB 0x000000071aa00000| Complete 
| 214|0x000000071ac00000, 0x000000071ae00000, 0x000000071ae00000|100%|HS|  |TAMS 0x000000071ae00000| PB 0x000000071ac00000| Complete 
| 215|0x000000071ae00000, 0x000000071b000000, 0x000000071b000000|100%|HS|  |TAMS 0x000000071b000000| PB 0x000000071ae00000| Complete 
| 216|0x000000071b000000, 0x000000071b200000, 0x000000071b200000|100%|HS|  |TAMS 0x000000071b200000| PB 0x000000071b000000| Complete 
| 217|0x000000071b200000, 0x000000071b400000, 0x000000071b400000|100%| O|  |TAMS 0x000000071b400000| PB 0x000000071b400000| Untracked 
| 218|0x000000071b400000, 0x000000071b600000, 0x000000071b600000|100%|HS|  |TAMS 0x000000071b600000| PB 0x000000071b400000| Complete 
| 219|0x000000071b600000, 0x000000071b800000, 0x000000071b800000|100%| O|  |TAMS 0x000000071b800000| PB 0x000000071b800000| Untracked 
| 220|0x000000071b800000, 0x000000071ba00000, 0x000000071ba00000|100%| O|  |TAMS 0x000000071ba00000| PB 0x000000071ba00000| Untracked 
| 221|0x000000071ba00000, 0x000000071bc00000, 0x000000071bc00000|100%| O|  |TAMS 0x000000071bc00000| PB 0x000000071bc00000| Untracked 
| 222|0x000000071bc00000, 0x000000071be00000, 0x000000071be00000|100%| O|  |TAMS 0x000000071be00000| PB 0x000000071be00000| Updating 
| 223|0x000000071be00000, 0x000000071c000000, 0x000000071c000000|100%|HS|  |TAMS 0x000000071c000000| PB 0x000000071be00000| Complete 
| 224|0x000000071c000000, 0x000000071c200000, 0x000000071c200000|100%| O|  |TAMS 0x000000071c200000| PB 0x000000071c200000| Updating 
| 225|0x000000071c200000, 0x000000071c400000, 0x000000071c400000|100%| O|  |TAMS 0x000000071c400000| PB 0x000000071c400000| Updating 
| 226|0x000000071c400000, 0x000000071c600000, 0x000000071c600000|100%| O|  |TAMS 0x000000071c600000| PB 0x000000071c600000| Updating 
| 227|0x000000071c600000, 0x000000071c800000, 0x000000071c800000|100%| O|  |TAMS 0x000000071c600000| PB 0x000000071c600000| Untracked 
| 228|0x000000071c800000, 0x000000071ca00000, 0x000000071ca00000|100%| O|  |TAMS 0x000000071c800000| PB 0x000000071c800000| Untracked 
| 229|0x000000071ca00000, 0x000000071cc00000, 0x000000071cc00000|100%| O|  |TAMS 0x000000071cc00000| PB 0x000000071cc00000| Updating 
| 230|0x000000071cc00000, 0x000000071ce00000, 0x000000071ce00000|100%| O|  |TAMS 0x000000071ce00000| PB 0x000000071ce00000| Updating 
| 231|0x000000071ce00000, 0x000000071d000000, 0x000000071d000000|100%| O|  |TAMS 0x000000071d000000| PB 0x000000071d000000| Untracked 
| 232|0x000000071d000000, 0x000000071d200000, 0x000000071d200000|100%| O|  |TAMS 0x000000071d200000| PB 0x000000071d200000| Untracked 
| 233|0x000000071d200000, 0x000000071d400000, 0x000000071d400000|100%| O|  |TAMS 0x000000071d400000| PB 0x000000071d400000| Untracked 
| 234|0x000000071d400000, 0x000000071d600000, 0x000000071d600000|100%| O|  |TAMS 0x000000071d600000| PB 0x000000071d600000| Untracked 
| 235|0x000000071d600000, 0x000000071d800000, 0x000000071d800000|100%| O|  |TAMS 0x000000071d800000| PB 0x000000071d800000| Untracked 
| 236|0x000000071d800000, 0x000000071da00000, 0x000000071da00000|100%| O|  |TAMS 0x000000071da00000| PB 0x000000071da00000| Updating 
| 237|0x000000071da00000, 0x000000071dc00000, 0x000000071dc00000|100%| O|  |TAMS 0x000000071dc00000| PB 0x000000071dc00000| Updating 
| 238|0x000000071dc00000, 0x000000071de00000, 0x000000071de00000|100%| O|  |TAMS 0x000000071dc00000| PB 0x000000071dc00000| Untracked 
| 239|0x000000071de00000, 0x000000071e000000, 0x000000071e000000|100%| O|  |TAMS 0x000000071de00000| PB 0x000000071de00000| Untracked 
| 240|0x000000071e000000, 0x000000071e200000, 0x000000071e200000|100%| O|  |TAMS 0x000000071e200000| PB 0x000000071e200000| Untracked 
| 241|0x000000071e200000, 0x000000071e400000, 0x000000071e400000|100%|HS|  |TAMS 0x000000071e400000| PB 0x000000071e200000| Complete 
| 242|0x000000071e400000, 0x000000071e600000, 0x000000071e600000|100%|HS|  |TAMS 0x000000071e600000| PB 0x000000071e400000| Complete 
| 243|0x000000071e600000, 0x000000071e800000, 0x000000071e800000|100%|HC|  |TAMS 0x000000071e800000| PB 0x000000071e600000| Complete 
| 244|0x000000071e800000, 0x000000071ea00000, 0x000000071ea00000|100%| O|  |TAMS 0x000000071ea00000| PB 0x000000071ea00000| Updating 
| 245|0x000000071ea00000, 0x000000071ec00000, 0x000000071ec00000|100%|HS|  |TAMS 0x000000071ec00000| PB 0x000000071ea00000| Complete 
| 246|0x000000071ec00000, 0x000000071ee00000, 0x000000071ee00000|100%|HC|  |TAMS 0x000000071ee00000| PB 0x000000071ec00000| Complete 
| 247|0x000000071ee00000, 0x000000071f000000, 0x000000071f000000|100%|HS|  |TAMS 0x000000071f000000| PB 0x000000071ee00000| Complete 
| 248|0x000000071f000000, 0x000000071f200000, 0x000000071f200000|100%|HC|  |TAMS 0x000000071f200000| PB 0x000000071f000000| Complete 
| 249|0x000000071f200000, 0x000000071f400000, 0x000000071f400000|100%| O|  |TAMS 0x000000071f400000| PB 0x000000071f400000| Updating 
| 250|0x000000071f400000, 0x000000071f600000, 0x000000071f600000|100%| O|  |TAMS 0x000000071f600000| PB 0x000000071f600000| Untracked 
| 251|0x000000071f600000, 0x000000071f800000, 0x000000071f800000|100%| O|  |TAMS 0x000000071f800000| PB 0x000000071f800000| Updating 
| 252|0x000000071f800000, 0x000000071fa00000, 0x000000071fa00000|100%| O|  |TAMS 0x000000071f800000| PB 0x000000071f800000| Untracked 
| 253|0x000000071fa00000, 0x000000071fc00000, 0x000000071fc00000|100%| O|  |TAMS 0x000000071fc00000| PB 0x000000071fc00000| Updating 
| 254|0x000000071fc00000, 0x000000071fe00000, 0x000000071fe00000|100%| O|  |TAMS 0x000000071fe00000| PB 0x000000071fe00000| Updating 
| 255|0x000000071fe00000, 0x0000000720000000, 0x0000000720000000|100%| O|  |TAMS 0x000000071fe00000| PB 0x000000071fe00000| Untracked 
| 256|0x0000000720000000, 0x0000000720200000, 0x0000000720200000|100%| O|  |TAMS 0x0000000720000000| PB 0x0000000720000000| Untracked 
| 257|0x0000000720200000, 0x0000000720400000, 0x0000000720400000|100%| O|  |TAMS 0x0000000720400000| PB 0x0000000720400000| Untracked 
| 258|0x0000000720400000, 0x0000000720600000, 0x0000000720600000|100%| O|  |TAMS 0x0000000720600000| PB 0x0000000720600000| Untracked 
| 259|0x0000000720600000, 0x0000000720800000, 0x0000000720800000|100%| O|  |TAMS 0x0000000720800000| PB 0x0000000720800000| Updating 
| 260|0x0000000720800000, 0x0000000720a00000, 0x0000000720a00000|100%| O|  |TAMS 0x0000000720800000| PB 0x0000000720800000| Untracked 
| 261|0x0000000720a00000, 0x0000000720c00000, 0x0000000720c00000|100%| O|  |TAMS 0x0000000720c00000| PB 0x0000000720c00000| Updating 
| 262|0x0000000720c00000, 0x0000000720e00000, 0x0000000720e00000|100%| O|  |TAMS 0x0000000720e00000| PB 0x0000000720e00000| Updating 
| 263|0x0000000720e00000, 0x0000000721000000, 0x0000000721000000|100%| O|  |TAMS 0x0000000720e00000| PB 0x0000000720e00000| Untracked 
| 264|0x0000000721000000, 0x0000000721200000, 0x0000000721200000|100%| O|  |TAMS 0x0000000721000000| PB 0x0000000721000000| Untracked 
| 265|0x0000000721200000, 0x0000000721400000, 0x0000000721400000|100%| O|  |TAMS 0x0000000721200000| PB 0x0000000721200000| Untracked 
| 266|0x0000000721400000, 0x0000000721600000, 0x0000000721600000|100%| O|  |TAMS 0x0000000721600000| PB 0x0000000721600000| Updating 
| 267|0x0000000721600000, 0x0000000721800000, 0x0000000721800000|100%|HS|  |TAMS 0x0000000721800000| PB 0x0000000721600000| Complete 
| 268|0x0000000721800000, 0x0000000721a00000, 0x0000000721a00000|100%|HS|  |TAMS 0x0000000721a00000| PB 0x0000000721800000| Complete 
| 269|0x0000000721a00000, 0x0000000721c00000, 0x0000000721c00000|100%| O|  |TAMS 0x0000000721c00000| PB 0x0000000721c00000| Untracked 
| 270|0x0000000721c00000, 0x0000000721e00000, 0x0000000721e00000|100%| O|  |TAMS 0x0000000721e00000| PB 0x0000000721e00000| Untracked 
| 271|0x0000000721e00000, 0x0000000722000000, 0x0000000722000000|100%| O|  |TAMS 0x0000000722000000| PB 0x0000000722000000| Untracked 
| 272|0x0000000722000000, 0x0000000722200000, 0x0000000722200000|100%| O|  |TAMS 0x0000000722200000| PB 0x0000000722200000| Untracked 
| 273|0x0000000722200000, 0x0000000722400000, 0x0000000722400000|100%| O|  |TAMS 0x0000000722400000| PB 0x0000000722400000| Untracked 
| 274|0x0000000722400000, 0x0000000722600000, 0x0000000722600000|100%| O|  |TAMS 0x0000000722600000| PB 0x0000000722600000| Untracked 
| 275|0x0000000722600000, 0x0000000722800000, 0x0000000722800000|100%| O|  |TAMS 0x0000000722600000| PB 0x0000000722600000| Untracked 
| 276|0x0000000722800000, 0x0000000722a00000, 0x0000000722a00000|100%| O|  |TAMS 0x0000000722a00000| PB 0x0000000722a00000| Updating 
| 277|0x0000000722a00000, 0x0000000722c00000, 0x0000000722c00000|100%| O|  |TAMS 0x0000000722c00000| PB 0x0000000722c00000| Updating 
| 278|0x0000000722c00000, 0x0000000722e00000, 0x0000000722e00000|100%| O|  |TAMS 0x0000000722e00000| PB 0x0000000722e00000| Updating 
| 279|0x0000000722e00000, 0x0000000723000000, 0x0000000723000000|100%| O|  |TAMS 0x0000000723000000| PB 0x0000000723000000| Updating 
| 280|0x0000000723000000, 0x0000000723200000, 0x0000000723200000|100%| O|  |TAMS 0x0000000723200000| PB 0x0000000723200000| Updating 
| 281|0x0000000723200000, 0x0000000723400000, 0x0000000723400000|100%| O|  |TAMS 0x0000000723400000| PB 0x0000000723400000| Updating 
| 282|0x0000000723400000, 0x0000000723600000, 0x0000000723600000|100%| O|  |TAMS 0x0000000723600000| PB 0x0000000723600000| Untracked 
| 283|0x0000000723600000, 0x0000000723800000, 0x0000000723800000|100%| O|  |TAMS 0x0000000723800000| PB 0x0000000723800000| Untracked 
| 284|0x0000000723800000, 0x0000000723a00000, 0x0000000723a00000|100%| O|  |TAMS 0x0000000723a00000| PB 0x0000000723a00000| Updating 
| 285|0x0000000723a00000, 0x0000000723c00000, 0x0000000723c00000|100%| O|  |TAMS 0x0000000723c00000| PB 0x0000000723c00000| Untracked 
| 286|0x0000000723c00000, 0x0000000723e00000, 0x0000000723e00000|100%| O|  |TAMS 0x0000000723e00000| PB 0x0000000723e00000| Updating 
| 287|0x0000000723e00000, 0x0000000724000000, 0x0000000724000000|100%| O|  |TAMS 0x0000000724000000| PB 0x0000000724000000| Updating 
| 288|0x0000000724000000, 0x0000000724200000, 0x0000000724200000|100%| O|  |TAMS 0x0000000724200000| PB 0x0000000724200000| Updating 
| 289|0x0000000724200000, 0x0000000724400000, 0x0000000724400000|100%| O|  |TAMS 0x0000000724400000| PB 0x0000000724400000| Updating 
| 290|0x0000000724400000, 0x0000000724600000, 0x0000000724600000|100%| O|  |TAMS 0x0000000724600000| PB 0x0000000724600000| Untracked 
| 291|0x0000000724600000, 0x0000000724800000, 0x0000000724800000|100%| O|  |TAMS 0x0000000724800000| PB 0x0000000724800000| Untracked 
| 292|0x0000000724800000, 0x0000000724a00000, 0x0000000724a00000|100%| O|  |TAMS 0x0000000724a00000| PB 0x0000000724a00000| Updating 
| 293|0x0000000724a00000, 0x0000000724c00000, 0x0000000724c00000|100%| O|  |TAMS 0x0000000724c00000| PB 0x0000000724c00000| Updating 
| 294|0x0000000724c00000, 0x0000000724e00000, 0x0000000724e00000|100%| O|  |TAMS 0x0000000724e00000| PB 0x0000000724e00000| Updating 
| 295|0x0000000724e00000, 0x0000000725000000, 0x0000000725000000|100%| O|  |TAMS 0x0000000725000000| PB 0x0000000725000000| Updating 
| 296|0x0000000725000000, 0x0000000725200000, 0x0000000725200000|100%| O|  |TAMS 0x0000000725200000| PB 0x0000000725200000| Updating 
| 297|0x0000000725200000, 0x0000000725400000, 0x0000000725400000|100%| O|  |TAMS 0x0000000725400000| PB 0x0000000725400000| Updating 
| 298|0x0000000725400000, 0x0000000725600000, 0x0000000725600000|100%| O|  |TAMS 0x0000000725600000| PB 0x0000000725600000| Updating 
| 299|0x0000000725600000, 0x0000000725800000, 0x0000000725800000|100%| O|  |TAMS 0x0000000725800000| PB 0x0000000725800000| Untracked 
| 300|0x0000000725800000, 0x0000000725a00000, 0x0000000725a00000|100%| O|  |TAMS 0x0000000725a00000| PB 0x0000000725a00000| Untracked 
| 301|0x0000000725a00000, 0x0000000725c00000, 0x0000000725c00000|100%| O|  |TAMS 0x0000000725c00000| PB 0x0000000725c00000| Untracked 
| 302|0x0000000725c00000, 0x0000000725e00000, 0x0000000725e00000|100%| O|  |TAMS 0x0000000725e00000| PB 0x0000000725e00000| Untracked 
| 303|0x0000000725e00000, 0x0000000726000000, 0x0000000726000000|100%| O|  |TAMS 0x0000000726000000| PB 0x0000000726000000| Untracked 
| 304|0x0000000726000000, 0x0000000726200000, 0x0000000726200000|100%| O|  |TAMS 0x0000000726200000| PB 0x0000000726200000| Untracked 
| 305|0x0000000726200000, 0x0000000726400000, 0x0000000726400000|100%| O|  |TAMS 0x0000000726400000| PB 0x0000000726400000| Untracked 
| 306|0x0000000726400000, 0x0000000726600000, 0x0000000726600000|100%| O|  |TAMS 0x0000000726600000| PB 0x0000000726600000| Untracked 
| 307|0x0000000726600000, 0x0000000726800000, 0x0000000726800000|100%| O|  |TAMS 0x0000000726800000| PB 0x0000000726800000| Untracked 
| 308|0x0000000726800000, 0x0000000726a00000, 0x0000000726a00000|100%| O|  |TAMS 0x0000000726a00000| PB 0x0000000726a00000| Untracked 
| 309|0x0000000726a00000, 0x0000000726c00000, 0x0000000726c00000|100%| O|  |TAMS 0x0000000726c00000| PB 0x0000000726c00000| Untracked 
| 310|0x0000000726c00000, 0x0000000726e00000, 0x0000000726e00000|100%| O|  |TAMS 0x0000000726e00000| PB 0x0000000726e00000| Untracked 
| 311|0x0000000726e00000, 0x0000000727000000, 0x0000000727000000|100%| O|  |TAMS 0x0000000727000000| PB 0x0000000727000000| Untracked 
| 312|0x0000000727000000, 0x0000000727200000, 0x0000000727200000|100%| O|  |TAMS 0x0000000727200000| PB 0x0000000727200000| Untracked 
| 313|0x0000000727200000, 0x0000000727400000, 0x0000000727400000|100%| O|  |TAMS 0x0000000727400000| PB 0x0000000727400000| Untracked 
| 314|0x0000000727400000, 0x0000000727600000, 0x0000000727600000|100%| O|  |TAMS 0x0000000727600000| PB 0x0000000727600000| Untracked 
| 315|0x0000000727600000, 0x0000000727800000, 0x0000000727800000|100%| O|  |TAMS 0x0000000727800000| PB 0x0000000727800000| Untracked 
| 316|0x0000000727800000, 0x0000000727a00000, 0x0000000727a00000|100%| O|  |TAMS 0x0000000727a00000| PB 0x0000000727a00000| Untracked 
| 317|0x0000000727a00000, 0x0000000727c00000, 0x0000000727c00000|100%| O|  |TAMS 0x0000000727c00000| PB 0x0000000727c00000| Untracked 
| 318|0x0000000727c00000, 0x0000000727e00000, 0x0000000727e00000|100%| O|  |TAMS 0x0000000727e00000| PB 0x0000000727e00000| Untracked 
| 319|0x0000000727e00000, 0x0000000728000000, 0x0000000728000000|100%| O|  |TAMS 0x0000000728000000| PB 0x0000000728000000| Untracked 
| 320|0x0000000728000000, 0x0000000728200000, 0x0000000728200000|100%| O|  |TAMS 0x0000000728200000| PB 0x0000000728200000| Untracked 
| 321|0x0000000728200000, 0x0000000728400000, 0x0000000728400000|100%| O|  |TAMS 0x0000000728400000| PB 0x0000000728400000| Untracked 
| 322|0x0000000728400000, 0x0000000728600000, 0x0000000728600000|100%| O|  |TAMS 0x0000000728600000| PB 0x0000000728600000| Untracked 
| 323|0x0000000728600000, 0x0000000728800000, 0x0000000728800000|100%| O|  |TAMS 0x0000000728800000| PB 0x0000000728800000| Untracked 
| 324|0x0000000728800000, 0x0000000728a00000, 0x0000000728a00000|100%| O|  |TAMS 0x0000000728a00000| PB 0x0000000728a00000| Untracked 
| 325|0x0000000728a00000, 0x0000000728c00000, 0x0000000728c00000|100%| O|  |TAMS 0x0000000728c00000| PB 0x0000000728c00000| Untracked 
| 326|0x0000000728c00000, 0x0000000728e00000, 0x0000000728e00000|100%| O|  |TAMS 0x0000000728e00000| PB 0x0000000728e00000| Untracked 
| 327|0x0000000728e00000, 0x0000000729000000, 0x0000000729000000|100%| O|  |TAMS 0x0000000729000000| PB 0x0000000729000000| Untracked 
| 328|0x0000000729000000, 0x0000000729200000, 0x0000000729200000|100%| O|  |TAMS 0x0000000729200000| PB 0x0000000729200000| Untracked 
| 329|0x0000000729200000, 0x0000000729400000, 0x0000000729400000|100%| O|  |TAMS 0x0000000729400000| PB 0x0000000729400000| Untracked 
| 330|0x0000000729400000, 0x0000000729600000, 0x0000000729600000|100%| O|  |TAMS 0x0000000729600000| PB 0x0000000729600000| Untracked 
| 331|0x0000000729600000, 0x0000000729800000, 0x0000000729800000|100%| O|  |TAMS 0x0000000729800000| PB 0x0000000729800000| Untracked 
| 332|0x0000000729800000, 0x0000000729a00000, 0x0000000729a00000|100%| O|  |TAMS 0x0000000729a00000| PB 0x0000000729a00000| Untracked 
| 333|0x0000000729a00000, 0x0000000729c00000, 0x0000000729c00000|100%| O|  |TAMS 0x0000000729c00000| PB 0x0000000729c00000| Untracked 
| 334|0x0000000729c00000, 0x0000000729e00000, 0x0000000729e00000|100%| O|  |TAMS 0x0000000729e00000| PB 0x0000000729e00000| Untracked 
| 335|0x0000000729e00000, 0x000000072a000000, 0x000000072a000000|100%| O|  |TAMS 0x000000072a000000| PB 0x000000072a000000| Untracked 
| 336|0x000000072a000000, 0x000000072a200000, 0x000000072a200000|100%| O|  |TAMS 0x000000072a200000| PB 0x000000072a200000| Updating 
| 337|0x000000072a200000, 0x000000072a400000, 0x000000072a400000|100%| O|  |TAMS 0x000000072a400000| PB 0x000000072a400000| Updating 
| 338|0x000000072a400000, 0x000000072a600000, 0x000000072a600000|100%| O|  |TAMS 0x000000072a600000| PB 0x000000072a600000| Untracked 
| 339|0x000000072a600000, 0x000000072a800000, 0x000000072a800000|100%| O|  |TAMS 0x000000072a800000| PB 0x000000072a800000| Untracked 
| 340|0x000000072a800000, 0x000000072aa00000, 0x000000072aa00000|100%| O|  |TAMS 0x000000072aa00000| PB 0x000000072aa00000| Untracked 
| 341|0x000000072aa00000, 0x000000072ac00000, 0x000000072ac00000|100%| O|  |TAMS 0x000000072ac00000| PB 0x000000072ac00000| Untracked 
| 342|0x000000072ac00000, 0x000000072ae00000, 0x000000072ae00000|100%| O|  |TAMS 0x000000072ae00000| PB 0x000000072ae00000| Untracked 
| 343|0x000000072ae00000, 0x000000072b000000, 0x000000072b000000|100%| O|  |TAMS 0x000000072b000000| PB 0x000000072b000000| Untracked 
| 344|0x000000072b000000, 0x000000072b200000, 0x000000072b200000|100%| O|  |TAMS 0x000000072b200000| PB 0x000000072b200000| Untracked 
| 345|0x000000072b200000, 0x000000072b400000, 0x000000072b400000|100%| O|  |TAMS 0x000000072b400000| PB 0x000000072b400000| Untracked 
| 346|0x000000072b400000, 0x000000072b600000, 0x000000072b600000|100%| O|  |TAMS 0x000000072b600000| PB 0x000000072b600000| Untracked 
| 347|0x000000072b600000, 0x000000072b800000, 0x000000072b800000|100%| O|  |TAMS 0x000000072b800000| PB 0x000000072b800000| Untracked 
| 348|0x000000072b800000, 0x000000072ba00000, 0x000000072ba00000|100%| O|  |TAMS 0x000000072ba00000| PB 0x000000072ba00000| Untracked 
| 349|0x000000072ba00000, 0x000000072bc00000, 0x000000072bc00000|100%| O|  |TAMS 0x000000072bc00000| PB 0x000000072bc00000| Untracked 
| 350|0x000000072bc00000, 0x000000072be00000, 0x000000072be00000|100%| O|  |TAMS 0x000000072be00000| PB 0x000000072be00000| Untracked 
| 351|0x000000072be00000, 0x000000072c000000, 0x000000072c000000|100%| O|  |TAMS 0x000000072c000000| PB 0x000000072c000000| Untracked 
| 352|0x000000072c000000, 0x000000072c200000, 0x000000072c200000|100%| O|  |TAMS 0x000000072c200000| PB 0x000000072c200000| Untracked 
| 353|0x000000072c200000, 0x000000072c400000, 0x000000072c400000|100%| O|  |TAMS 0x000000072c400000| PB 0x000000072c400000| Untracked 
| 354|0x000000072c400000, 0x000000072c600000, 0x000000072c600000|100%| O|  |TAMS 0x000000072c600000| PB 0x000000072c600000| Untracked 
| 355|0x000000072c600000, 0x000000072c800000, 0x000000072c800000|100%| O|  |TAMS 0x000000072c800000| PB 0x000000072c800000| Untracked 
| 356|0x000000072c800000, 0x000000072ca00000, 0x000000072ca00000|100%| O|  |TAMS 0x000000072ca00000| PB 0x000000072ca00000| Untracked 
| 357|0x000000072ca00000, 0x000000072cc00000, 0x000000072cc00000|100%| O|  |TAMS 0x000000072cc00000| PB 0x000000072cc00000| Untracked 
| 358|0x000000072cc00000, 0x000000072ce00000, 0x000000072ce00000|100%| O|  |TAMS 0x000000072ce00000| PB 0x000000072ce00000| Untracked 
| 359|0x000000072ce00000, 0x000000072d000000, 0x000000072d000000|100%| O|  |TAMS 0x000000072d000000| PB 0x000000072d000000| Untracked 
| 360|0x000000072d000000, 0x000000072d200000, 0x000000072d200000|100%| O|  |TAMS 0x000000072d200000| PB 0x000000072d200000| Untracked 
| 361|0x000000072d200000, 0x000000072d400000, 0x000000072d400000|100%| O|  |TAMS 0x000000072d400000| PB 0x000000072d400000| Untracked 
| 362|0x000000072d400000, 0x000000072d600000, 0x000000072d600000|100%| O|  |TAMS 0x000000072d600000| PB 0x000000072d600000| Untracked 
| 363|0x000000072d600000, 0x000000072d800000, 0x000000072d800000|100%| O|  |TAMS 0x000000072d800000| PB 0x000000072d800000| Updating 
| 364|0x000000072d800000, 0x000000072da00000, 0x000000072da00000|100%| O|  |TAMS 0x000000072da00000| PB 0x000000072da00000| Untracked 
| 365|0x000000072da00000, 0x000000072dc00000, 0x000000072dc00000|100%| O|  |TAMS 0x000000072dc00000| PB 0x000000072dc00000| Untracked 
| 366|0x000000072dc00000, 0x000000072de00000, 0x000000072de00000|100%| O|  |TAMS 0x000000072de00000| PB 0x000000072de00000| Untracked 
| 367|0x000000072de00000, 0x000000072e000000, 0x000000072e000000|100%| O|  |TAMS 0x000000072e000000| PB 0x000000072e000000| Updating 
| 368|0x000000072e000000, 0x000000072e200000, 0x000000072e200000|100%| O|  |TAMS 0x000000072e200000| PB 0x000000072e200000| Updating 
| 369|0x000000072e200000, 0x000000072e400000, 0x000000072e400000|100%| O|  |TAMS 0x000000072e400000| PB 0x000000072e400000| Updating 
| 370|0x000000072e400000, 0x000000072e600000, 0x000000072e600000|100%| O|  |TAMS 0x000000072e600000| PB 0x000000072e600000| Untracked 
| 371|0x000000072e600000, 0x000000072e800000, 0x000000072e800000|100%| O|  |TAMS 0x000000072e800000| PB 0x000000072e800000| Updating 
| 372|0x000000072e800000, 0x000000072ea00000, 0x000000072ea00000|100%| O|  |TAMS 0x000000072ea00000| PB 0x000000072ea00000| Updating 
| 373|0x000000072ea00000, 0x000000072ec00000, 0x000000072ec00000|100%| O|  |TAMS 0x000000072ec00000| PB 0x000000072ec00000| Updating 
| 374|0x000000072ec00000, 0x000000072ee00000, 0x000000072ee00000|100%| O|  |TAMS 0x000000072ee00000| PB 0x000000072ee00000| Updating 
| 375|0x000000072ee00000, 0x000000072f000000, 0x000000072f000000|100%| O|  |TAMS 0x000000072f000000| PB 0x000000072f000000| Updating 
| 376|0x000000072f000000, 0x000000072f200000, 0x000000072f200000|100%| O|  |TAMS 0x000000072f200000| PB 0x000000072f200000| Updating 
| 377|0x000000072f200000, 0x000000072f400000, 0x000000072f400000|100%| O|  |TAMS 0x000000072f400000| PB 0x000000072f400000| Updating 
| 378|0x000000072f400000, 0x000000072f600000, 0x000000072f600000|100%| O|  |TAMS 0x000000072f600000| PB 0x000000072f600000| Untracked 
| 379|0x000000072f600000, 0x000000072f800000, 0x000000072f800000|100%| O|  |TAMS 0x000000072f800000| PB 0x000000072f800000| Updating 
| 380|0x000000072f800000, 0x000000072fa00000, 0x000000072fa00000|100%| O|  |TAMS 0x000000072fa00000| PB 0x000000072fa00000| Untracked 
| 381|0x000000072fa00000, 0x000000072fc00000, 0x000000072fc00000|100%| O|  |TAMS 0x000000072fc00000| PB 0x000000072fc00000| Updating 
| 382|0x000000072fc00000, 0x000000072fe00000, 0x000000072fe00000|100%| O|  |TAMS 0x000000072fe00000| PB 0x000000072fe00000| Updating 
| 383|0x000000072fe00000, 0x0000000730000000, 0x0000000730000000|100%| O|  |TAMS 0x0000000730000000| PB 0x0000000730000000| Updating 
| 384|0x0000000730000000, 0x0000000730200000, 0x0000000730200000|100%| O|  |TAMS 0x0000000730200000| PB 0x0000000730200000| Updating 
| 385|0x0000000730200000, 0x0000000730400000, 0x0000000730400000|100%| O|  |TAMS 0x0000000730400000| PB 0x0000000730400000| Untracked 
| 386|0x0000000730400000, 0x0000000730600000, 0x0000000730600000|100%| O|  |TAMS 0x0000000730600000| PB 0x0000000730600000| Updating 
| 387|0x0000000730600000, 0x0000000730800000, 0x0000000730800000|100%| O|  |TAMS 0x0000000730800000| PB 0x0000000730800000| Updating 
| 388|0x0000000730800000, 0x0000000730a00000, 0x0000000730a00000|100%| O|  |TAMS 0x0000000730a00000| PB 0x0000000730a00000| Untracked 
| 389|0x0000000730a00000, 0x0000000730c00000, 0x0000000730c00000|100%| O|  |TAMS 0x0000000730c00000| PB 0x0000000730c00000| Updating 
| 390|0x0000000730c00000, 0x0000000730e00000, 0x0000000730e00000|100%| O|  |TAMS 0x0000000730e00000| PB 0x0000000730e00000| Untracked 
| 391|0x0000000730e00000, 0x0000000731000000, 0x0000000731000000|100%| O|  |TAMS 0x0000000731000000| PB 0x0000000731000000| Untracked 
| 392|0x0000000731000000, 0x0000000731200000, 0x0000000731200000|100%| O|  |TAMS 0x0000000731200000| PB 0x0000000731200000| Untracked 
| 393|0x0000000731200000, 0x0000000731400000, 0x0000000731400000|100%| O|  |TAMS 0x0000000731400000| PB 0x0000000731400000| Untracked 
| 394|0x0000000731400000, 0x0000000731600000, 0x0000000731600000|100%| O|  |TAMS 0x0000000731600000| PB 0x0000000731600000| Untracked 
| 395|0x0000000731600000, 0x0000000731800000, 0x0000000731800000|100%| O|  |TAMS 0x0000000731800000| PB 0x0000000731800000| Untracked 
| 396|0x0000000731800000, 0x0000000731a00000, 0x0000000731a00000|100%| O|  |TAMS 0x0000000731a00000| PB 0x0000000731a00000| Untracked 
| 397|0x0000000731a00000, 0x0000000731c00000, 0x0000000731c00000|100%| O|  |TAMS 0x0000000731c00000| PB 0x0000000731c00000| Untracked 
| 398|0x0000000731c00000, 0x0000000731e00000, 0x0000000731e00000|100%| O|  |TAMS 0x0000000731e00000| PB 0x0000000731e00000| Updating 
| 399|0x0000000731e00000, 0x0000000732000000, 0x0000000732000000|100%| O|  |TAMS 0x0000000732000000| PB 0x0000000732000000| Untracked 
| 400|0x0000000732000000, 0x0000000732200000, 0x0000000732200000|100%| O|  |TAMS 0x0000000732200000| PB 0x0000000732200000| Untracked 
| 401|0x0000000732200000, 0x0000000732400000, 0x0000000732400000|100%| O|  |TAMS 0x0000000732400000| PB 0x0000000732400000| Untracked 
| 402|0x0000000732400000, 0x0000000732600000, 0x0000000732600000|100%| O|  |TAMS 0x0000000732600000| PB 0x0000000732600000| Untracked 
| 403|0x0000000732600000, 0x0000000732800000, 0x0000000732800000|100%| O|  |TAMS 0x0000000732800000| PB 0x0000000732800000| Untracked 
| 404|0x0000000732800000, 0x0000000732a00000, 0x0000000732a00000|100%| O|  |TAMS 0x0000000732a00000| PB 0x0000000732a00000| Untracked 
| 405|0x0000000732a00000, 0x0000000732c00000, 0x0000000732c00000|100%| O|  |TAMS 0x0000000732c00000| PB 0x0000000732c00000| Untracked 
| 406|0x0000000732c00000, 0x0000000732e00000, 0x0000000732e00000|100%| O|  |TAMS 0x0000000732e00000| PB 0x0000000732e00000| Untracked 
| 407|0x0000000732e00000, 0x0000000733000000, 0x0000000733000000|100%| O|  |TAMS 0x0000000733000000| PB 0x0000000733000000| Untracked 
| 408|0x0000000733000000, 0x0000000733200000, 0x0000000733200000|100%| O|  |TAMS 0x0000000733200000| PB 0x0000000733200000| Untracked 
| 409|0x0000000733200000, 0x0000000733400000, 0x0000000733400000|100%| O|  |TAMS 0x0000000733400000| PB 0x0000000733400000| Untracked 
| 410|0x0000000733400000, 0x0000000733600000, 0x0000000733600000|100%| O|  |TAMS 0x0000000733600000| PB 0x0000000733600000| Untracked 
| 411|0x0000000733600000, 0x0000000733800000, 0x0000000733800000|100%| O|  |TAMS 0x0000000733800000| PB 0x0000000733800000| Untracked 
| 412|0x0000000733800000, 0x0000000733a00000, 0x0000000733a00000|100%| O|  |TAMS 0x0000000733a00000| PB 0x0000000733a00000| Untracked 
| 413|0x0000000733a00000, 0x0000000733c00000, 0x0000000733c00000|100%| O|  |TAMS 0x0000000733c00000| PB 0x0000000733c00000| Untracked 
| 414|0x0000000733c00000, 0x0000000733e00000, 0x0000000733e00000|100%| O|  |TAMS 0x0000000733e00000| PB 0x0000000733e00000| Untracked 
| 415|0x0000000733e00000, 0x0000000734000000, 0x0000000734000000|100%| O|  |TAMS 0x0000000734000000| PB 0x0000000734000000| Untracked 
| 416|0x0000000734000000, 0x0000000734200000, 0x0000000734200000|100%| O|  |TAMS 0x0000000734200000| PB 0x0000000734200000| Untracked 
| 417|0x0000000734200000, 0x0000000734400000, 0x0000000734400000|100%| O|  |TAMS 0x0000000734400000| PB 0x0000000734400000| Untracked 
| 418|0x0000000734400000, 0x0000000734600000, 0x0000000734600000|100%| O|  |TAMS 0x0000000734600000| PB 0x0000000734600000| Untracked 
| 419|0x0000000734600000, 0x0000000734800000, 0x0000000734800000|100%| O|  |TAMS 0x0000000734800000| PB 0x0000000734800000| Untracked 
| 420|0x0000000734800000, 0x0000000734a00000, 0x0000000734a00000|100%| O|  |TAMS 0x0000000734a00000| PB 0x0000000734a00000| Untracked 
| 421|0x0000000734a00000, 0x0000000734c00000, 0x0000000734c00000|100%| O|  |TAMS 0x0000000734c00000| PB 0x0000000734c00000| Untracked 
| 422|0x0000000734c00000, 0x0000000734e00000, 0x0000000734e00000|100%| O|  |TAMS 0x0000000734e00000| PB 0x0000000734e00000| Untracked 
| 423|0x0000000734e00000, 0x0000000735000000, 0x0000000735000000|100%| O|  |TAMS 0x0000000735000000| PB 0x0000000735000000| Untracked 
| 424|0x0000000735000000, 0x0000000735200000, 0x0000000735200000|100%| O|  |TAMS 0x0000000735200000| PB 0x0000000735200000| Untracked 
| 425|0x0000000735200000, 0x0000000735400000, 0x0000000735400000|100%|HS|  |TAMS 0x0000000735400000| PB 0x0000000735200000| Complete 
| 426|0x0000000735400000, 0x0000000735600000, 0x0000000735600000|100%|HC|  |TAMS 0x0000000735600000| PB 0x0000000735400000| Complete 
| 427|0x0000000735600000, 0x0000000735800000, 0x0000000735800000|100%|HS|  |TAMS 0x0000000735800000| PB 0x0000000735600000| Complete 
| 428|0x0000000735800000, 0x0000000735a00000, 0x0000000735a00000|100%|HS|  |TAMS 0x0000000735a00000| PB 0x0000000735800000| Complete 
| 429|0x0000000735a00000, 0x0000000735c00000, 0x0000000735c00000|100%|HC|  |TAMS 0x0000000735c00000| PB 0x0000000735a00000| Complete 
| 430|0x0000000735c00000, 0x0000000735e00000, 0x0000000735e00000|100%| O|  |TAMS 0x0000000735e00000| PB 0x0000000735e00000| Untracked 
| 431|0x0000000735e00000, 0x0000000736000000, 0x0000000736000000|100%| O|  |TAMS 0x0000000736000000| PB 0x0000000736000000| Updating 
| 432|0x0000000736000000, 0x0000000736200000, 0x0000000736200000|100%| O|  |TAMS 0x0000000736200000| PB 0x0000000736200000| Updating 
| 433|0x0000000736200000, 0x0000000736400000, 0x0000000736400000|100%| O|  |TAMS 0x0000000736400000| PB 0x0000000736400000| Untracked 
| 434|0x0000000736400000, 0x0000000736600000, 0x0000000736600000|100%| O|  |TAMS 0x0000000736600000| PB 0x0000000736600000| Untracked 
| 435|0x0000000736600000, 0x0000000736800000, 0x0000000736800000|100%| O|  |TAMS 0x0000000736800000| PB 0x0000000736800000| Untracked 
| 436|0x0000000736800000, 0x0000000736a00000, 0x0000000736a00000|100%| O|  |TAMS 0x0000000736a00000| PB 0x0000000736a00000| Untracked 
| 437|0x0000000736a00000, 0x0000000736c00000, 0x0000000736c00000|100%| O|  |TAMS 0x0000000736c00000| PB 0x0000000736c00000| Untracked 
| 438|0x0000000736c00000, 0x0000000736e00000, 0x0000000736e00000|100%| O|  |TAMS 0x0000000736e00000| PB 0x0000000736e00000| Untracked 
| 439|0x0000000736e00000, 0x0000000737000000, 0x0000000737000000|100%| O|  |TAMS 0x0000000737000000| PB 0x0000000737000000| Untracked 
| 440|0x0000000737000000, 0x0000000737200000, 0x0000000737200000|100%| O|  |TAMS 0x0000000737200000| PB 0x0000000737200000| Untracked 
| 441|0x0000000737200000, 0x0000000737400000, 0x0000000737400000|100%| O|  |TAMS 0x0000000737400000| PB 0x0000000737400000| Untracked 
| 442|0x0000000737400000, 0x0000000737600000, 0x0000000737600000|100%| O|  |TAMS 0x0000000737600000| PB 0x0000000737600000| Untracked 
| 443|0x0000000737600000, 0x0000000737800000, 0x0000000737800000|100%| O|  |TAMS 0x0000000737800000| PB 0x0000000737800000| Untracked 
| 444|0x0000000737800000, 0x0000000737a00000, 0x0000000737a00000|100%| O|  |TAMS 0x0000000737a00000| PB 0x0000000737a00000| Untracked 
| 445|0x0000000737a00000, 0x0000000737c00000, 0x0000000737c00000|100%| O|  |TAMS 0x0000000737c00000| PB 0x0000000737c00000| Updating 
| 446|0x0000000737c00000, 0x0000000737e00000, 0x0000000737e00000|100%| O|  |TAMS 0x0000000737c00000| PB 0x0000000737c00000| Untracked 
| 447|0x0000000737e00000, 0x0000000738000000, 0x0000000738000000|100%| O|  |TAMS 0x0000000738000000| PB 0x0000000738000000| Untracked 
| 448|0x0000000738000000, 0x0000000738200000, 0x0000000738200000|100%| O|  |TAMS 0x0000000738200000| PB 0x0000000738200000| Untracked 
| 449|0x0000000738200000, 0x0000000738400000, 0x0000000738400000|100%| O|  |TAMS 0x0000000738400000| PB 0x0000000738400000| Untracked 
| 450|0x0000000738400000, 0x0000000738600000, 0x0000000738600000|100%| O|  |TAMS 0x0000000738600000| PB 0x0000000738600000| Untracked 
| 451|0x0000000738600000, 0x0000000738800000, 0x0000000738800000|100%| O|  |TAMS 0x0000000738800000| PB 0x0000000738800000| Untracked 
| 452|0x0000000738800000, 0x0000000738a00000, 0x0000000738a00000|100%| O|  |TAMS 0x0000000738a00000| PB 0x0000000738a00000| Untracked 
| 453|0x0000000738a00000, 0x0000000738c00000, 0x0000000738c00000|100%| O|  |TAMS 0x0000000738c00000| PB 0x0000000738c00000| Untracked 
| 454|0x0000000738c00000, 0x0000000738e00000, 0x0000000738e00000|100%| O|  |TAMS 0x0000000738e00000| PB 0x0000000738e00000| Updating 
| 455|0x0000000738e00000, 0x0000000739000000, 0x0000000739000000|100%| O|  |TAMS 0x0000000739000000| PB 0x0000000739000000| Updating 
| 456|0x0000000739000000, 0x0000000739200000, 0x0000000739200000|100%| O|  |TAMS 0x0000000739200000| PB 0x0000000739200000| Updating 
| 457|0x0000000739200000, 0x0000000739400000, 0x0000000739400000|100%| O|  |TAMS 0x0000000739400000| PB 0x0000000739400000| Untracked 
| 458|0x0000000739400000, 0x0000000739600000, 0x0000000739600000|100%| O|  |TAMS 0x0000000739600000| PB 0x0000000739600000| Untracked 
| 459|0x0000000739600000, 0x0000000739800000, 0x0000000739800000|100%| O|  |TAMS 0x0000000739800000| PB 0x0000000739800000| Untracked 
| 460|0x0000000739800000, 0x0000000739a00000, 0x0000000739a00000|100%| O|  |TAMS 0x0000000739a00000| PB 0x0000000739a00000| Untracked 
| 461|0x0000000739a00000, 0x0000000739c00000, 0x0000000739c00000|100%| O|  |TAMS 0x0000000739c00000| PB 0x0000000739c00000| Untracked 
| 462|0x0000000739c00000, 0x0000000739e00000, 0x0000000739e00000|100%| O|  |TAMS 0x0000000739e00000| PB 0x0000000739e00000| Untracked 
| 463|0x0000000739e00000, 0x000000073a000000, 0x000000073a000000|100%| O|  |TAMS 0x000000073a000000| PB 0x000000073a000000| Updating 
| 464|0x000000073a000000, 0x000000073a200000, 0x000000073a200000|100%| O|  |TAMS 0x000000073a200000| PB 0x000000073a200000| Updating 
| 465|0x000000073a200000, 0x000000073a400000, 0x000000073a400000|100%| O|  |TAMS 0x000000073a400000| PB 0x000000073a400000| Updating 
| 466|0x000000073a400000, 0x000000073a600000, 0x000000073a600000|100%| O|  |TAMS 0x000000073a600000| PB 0x000000073a600000| Updating 
| 467|0x000000073a600000, 0x000000073a800000, 0x000000073a800000|100%| O|  |TAMS 0x000000073a800000| PB 0x000000073a800000| Updating 
| 468|0x000000073a800000, 0x000000073aa00000, 0x000000073aa00000|100%| O|  |TAMS 0x000000073aa00000| PB 0x000000073aa00000| Updating 
| 469|0x000000073aa00000, 0x000000073ac00000, 0x000000073ac00000|100%| O|  |TAMS 0x000000073ac00000| PB 0x000000073ac00000| Updating 
| 470|0x000000073ac00000, 0x000000073ae00000, 0x000000073ae00000|100%| O|  |TAMS 0x000000073ae00000| PB 0x000000073ae00000| Updating 
| 471|0x000000073ae00000, 0x000000073b000000, 0x000000073b000000|100%| O|  |TAMS 0x000000073b000000| PB 0x000000073b000000| Updating 
| 472|0x000000073b000000, 0x000000073b200000, 0x000000073b200000|100%| O|  |TAMS 0x000000073b200000| PB 0x000000073b200000| Updating 
| 473|0x000000073b200000, 0x000000073b400000, 0x000000073b400000|100%| O|  |TAMS 0x000000073b400000| PB 0x000000073b400000| Updating 
| 474|0x000000073b400000, 0x000000073b600000, 0x000000073b600000|100%| O|  |TAMS 0x000000073b600000| PB 0x000000073b600000| Updating 
| 475|0x000000073b600000, 0x000000073b800000, 0x000000073b800000|100%| O|  |TAMS 0x000000073b800000| PB 0x000000073b800000| Updating 
| 476|0x000000073b800000, 0x000000073ba00000, 0x000000073ba00000|100%| O|  |TAMS 0x000000073ba00000| PB 0x000000073ba00000| Updating 
| 477|0x000000073ba00000, 0x000000073bc00000, 0x000000073bc00000|100%| O|  |TAMS 0x000000073bc00000| PB 0x000000073bc00000| Updating 
| 478|0x000000073bc00000, 0x000000073be00000, 0x000000073be00000|100%| O|  |TAMS 0x000000073be00000| PB 0x000000073be00000| Updating 
| 479|0x000000073be00000, 0x000000073c000000, 0x000000073c000000|100%| O|  |TAMS 0x000000073c000000| PB 0x000000073c000000| Untracked 
| 480|0x000000073c000000, 0x000000073c200000, 0x000000073c200000|100%| O|  |TAMS 0x000000073c200000| PB 0x000000073c200000| Untracked 
| 481|0x000000073c200000, 0x000000073c400000, 0x000000073c400000|100%| O|  |TAMS 0x000000073c400000| PB 0x000000073c400000| Updating 
| 482|0x000000073c400000, 0x000000073c600000, 0x000000073c600000|100%| O|  |TAMS 0x000000073c600000| PB 0x000000073c600000| Untracked 
| 483|0x000000073c600000, 0x000000073c800000, 0x000000073c800000|100%| O|  |TAMS 0x000000073c800000| PB 0x000000073c800000| Untracked 
| 484|0x000000073c800000, 0x000000073ca00000, 0x000000073ca00000|100%| O|  |TAMS 0x000000073ca00000| PB 0x000000073ca00000| Updating 
| 485|0x000000073ca00000, 0x000000073cc00000, 0x000000073cc00000|100%| O|  |TAMS 0x000000073cc00000| PB 0x000000073cc00000| Updating 
| 486|0x000000073cc00000, 0x000000073ce00000, 0x000000073ce00000|100%| O|  |TAMS 0x000000073ce00000| PB 0x000000073ce00000| Untracked 
| 487|0x000000073ce00000, 0x000000073d000000, 0x000000073d000000|100%| O|  |TAMS 0x000000073d000000| PB 0x000000073d000000| Untracked 
| 488|0x000000073d000000, 0x000000073d200000, 0x000000073d200000|100%| O|  |TAMS 0x000000073d200000| PB 0x000000073d200000| Updating 
| 489|0x000000073d200000, 0x000000073d400000, 0x000000073d400000|100%| O|  |TAMS 0x000000073d400000| PB 0x000000073d400000| Updating 
| 490|0x000000073d400000, 0x000000073d600000, 0x000000073d600000|100%| O|  |TAMS 0x000000073d600000| PB 0x000000073d600000| Updating 
| 491|0x000000073d600000, 0x000000073d800000, 0x000000073d800000|100%| O|  |TAMS 0x000000073d800000| PB 0x000000073d800000| Updating 
| 492|0x000000073d800000, 0x000000073da00000, 0x000000073da00000|100%| O|  |TAMS 0x000000073da00000| PB 0x000000073da00000| Updating 
| 493|0x000000073da00000, 0x000000073dc00000, 0x000000073dc00000|100%| O|  |TAMS 0x000000073dc00000| PB 0x000000073dc00000| Updating 
| 494|0x000000073dc00000, 0x000000073de00000, 0x000000073de00000|100%| O|  |TAMS 0x000000073de00000| PB 0x000000073de00000| Updating 
| 495|0x000000073de00000, 0x000000073e000000, 0x000000073e000000|100%| O|  |TAMS 0x000000073e000000| PB 0x000000073e000000| Updating 
| 496|0x000000073e000000, 0x000000073e200000, 0x000000073e200000|100%| O|  |TAMS 0x000000073e200000| PB 0x000000073e200000| Updating 
| 497|0x000000073e200000, 0x000000073e400000, 0x000000073e400000|100%| O|  |TAMS 0x000000073e400000| PB 0x000000073e400000| Untracked 
| 498|0x000000073e400000, 0x000000073e600000, 0x000000073e600000|100%| O|  |TAMS 0x000000073e400000| PB 0x000000073e400000| Untracked 
| 499|0x000000073e600000, 0x000000073e800000, 0x000000073e800000|100%| O|  |TAMS 0x000000073e800000| PB 0x000000073e800000| Untracked 
| 500|0x000000073e800000, 0x000000073ea00000, 0x000000073ea00000|100%| O|  |TAMS 0x000000073ea00000| PB 0x000000073ea00000| Updating 
| 501|0x000000073ea00000, 0x000000073ec00000, 0x000000073ec00000|100%| O|  |TAMS 0x000000073ec00000| PB 0x000000073ec00000| Updating 
| 502|0x000000073ec00000, 0x000000073ee00000, 0x000000073ee00000|100%| O|  |TAMS 0x000000073ee00000| PB 0x000000073ee00000| Updating 
| 503|0x000000073ee00000, 0x000000073f000000, 0x000000073f000000|100%| O|  |TAMS 0x000000073ee00000| PB 0x000000073ee00000| Untracked 
| 504|0x000000073f000000, 0x000000073f200000, 0x000000073f200000|100%| O|  |TAMS 0x000000073f200000| PB 0x000000073f200000| Untracked 
| 505|0x000000073f200000, 0x000000073f400000, 0x000000073f400000|100%| O|  |TAMS 0x000000073f200000| PB 0x000000073f200000| Untracked 
| 506|0x000000073f400000, 0x000000073f600000, 0x000000073f600000|100%| O|  |TAMS 0x000000073f600000| PB 0x000000073f600000| Untracked 
| 507|0x000000073f600000, 0x000000073f800000, 0x000000073f800000|100%| O|  |TAMS 0x000000073f600000| PB 0x000000073f600000| Untracked 
| 508|0x000000073f800000, 0x000000073fa00000, 0x000000073fa00000|100%| O|  |TAMS 0x000000073fa00000| PB 0x000000073fa00000| Updating 
| 509|0x000000073fa00000, 0x000000073fc00000, 0x000000073fc00000|100%| O|  |TAMS 0x000000073fc00000| PB 0x000000073fc00000| Updating 
| 510|0x000000073fc00000, 0x000000073fe00000, 0x000000073fe00000|100%| O|  |TAMS 0x000000073fc00000| PB 0x000000073fc00000| Untracked 
| 511|0x000000073fe00000, 0x0000000740000000, 0x0000000740000000|100%| O|  |TAMS 0x0000000740000000| PB 0x0000000740000000| Updating 
| 512|0x0000000740000000, 0x0000000740200000, 0x0000000740200000|100%| O|  |TAMS 0x0000000740200000| PB 0x0000000740200000| Untracked 
| 513|0x0000000740200000, 0x0000000740400000, 0x0000000740400000|100%| O|  |TAMS 0x0000000740400000| PB 0x0000000740400000| Untracked 
| 514|0x0000000740400000, 0x0000000740600000, 0x0000000740600000|100%| O|  |TAMS 0x0000000740600000| PB 0x0000000740600000| Untracked 
| 515|0x0000000740600000, 0x0000000740800000, 0x0000000740800000|100%| O|  |TAMS 0x0000000740800000| PB 0x0000000740800000| Untracked 
| 516|0x0000000740800000, 0x0000000740a00000, 0x0000000740a00000|100%| O|  |TAMS 0x0000000740a00000| PB 0x0000000740a00000| Untracked 
| 517|0x0000000740a00000, 0x0000000740c00000, 0x0000000740c00000|100%| O|  |TAMS 0x0000000740a00000| PB 0x0000000740a00000| Untracked 
| 518|0x0000000740c00000, 0x0000000740e00000, 0x0000000740e00000|100%| O|  |TAMS 0x0000000740e00000| PB 0x0000000740e00000| Untracked 
| 519|0x0000000740e00000, 0x0000000741000000, 0x0000000741000000|100%| O|  |TAMS 0x0000000740e00000| PB 0x0000000740e00000| Untracked 
| 520|0x0000000741000000, 0x0000000741200000, 0x0000000741200000|100%| O|  |TAMS 0x0000000741000000| PB 0x0000000741000000| Untracked 
| 521|0x0000000741200000, 0x0000000741400000, 0x0000000741400000|100%| O|  |TAMS 0x0000000741400000| PB 0x0000000741400000| Updating 
| 522|0x0000000741400000, 0x0000000741600000, 0x0000000741600000|100%| O|  |TAMS 0x0000000741600000| PB 0x0000000741600000| Untracked 
| 523|0x0000000741600000, 0x0000000741800000, 0x0000000741800000|100%| O|  |TAMS 0x0000000741800000| PB 0x0000000741800000| Updating 
| 524|0x0000000741800000, 0x0000000741a00000, 0x0000000741a00000|100%| O|  |TAMS 0x0000000741a00000| PB 0x0000000741a00000| Updating 
| 525|0x0000000741a00000, 0x0000000741c00000, 0x0000000741c00000|100%| O|  |TAMS 0x0000000741a00000| PB 0x0000000741a00000| Untracked 
| 526|0x0000000741c00000, 0x0000000741e00000, 0x0000000741e00000|100%| O|  |TAMS 0x0000000741c00000| PB 0x0000000741c00000| Untracked 
| 527|0x0000000741e00000, 0x0000000742000000, 0x0000000742000000|100%| O|  |TAMS 0x0000000742000000| PB 0x0000000742000000| Untracked 
| 528|0x0000000742000000, 0x0000000742200000, 0x0000000742200000|100%| O|  |TAMS 0x0000000742200000| PB 0x0000000742200000| Updating 
| 529|0x0000000742200000, 0x0000000742400000, 0x0000000742400000|100%|HS|  |TAMS 0x0000000742400000| PB 0x0000000742200000| Complete 
| 530|0x0000000742400000, 0x0000000742600000, 0x0000000742600000|100%| O|  |TAMS 0x0000000742600000| PB 0x0000000742600000| Untracked 
| 531|0x0000000742600000, 0x0000000742800000, 0x0000000742800000|100%| O|  |TAMS 0x0000000742800000| PB 0x0000000742800000| Untracked 
| 532|0x0000000742800000, 0x0000000742a00000, 0x0000000742a00000|100%| O|  |TAMS 0x0000000742a00000| PB 0x0000000742a00000| Untracked 
| 533|0x0000000742a00000, 0x0000000742c00000, 0x0000000742c00000|100%| O|  |TAMS 0x0000000742c00000| PB 0x0000000742c00000| Untracked 
| 534|0x0000000742c00000, 0x0000000742e00000, 0x0000000742e00000|100%| O|  |TAMS 0x0000000742e00000| PB 0x0000000742e00000| Untracked 
| 535|0x0000000742e00000, 0x0000000743000000, 0x0000000743000000|100%| O|  |TAMS 0x0000000743000000| PB 0x0000000743000000| Untracked 
| 536|0x0000000743000000, 0x0000000743200000, 0x0000000743200000|100%| O|  |TAMS 0x0000000743200000| PB 0x0000000743200000| Untracked 
| 537|0x0000000743200000, 0x0000000743400000, 0x0000000743400000|100%| O|  |TAMS 0x0000000743400000| PB 0x0000000743400000| Untracked 
| 538|0x0000000743400000, 0x0000000743600000, 0x0000000743600000|100%| O|  |TAMS 0x0000000743600000| PB 0x0000000743600000| Untracked 
| 539|0x0000000743600000, 0x0000000743800000, 0x0000000743800000|100%| O|  |TAMS 0x0000000743800000| PB 0x0000000743800000| Untracked 
| 540|0x0000000743800000, 0x0000000743a00000, 0x0000000743a00000|100%| O|  |TAMS 0x0000000743a00000| PB 0x0000000743a00000| Untracked 
| 541|0x0000000743a00000, 0x0000000743c00000, 0x0000000743c00000|100%| O|  |TAMS 0x0000000743c00000| PB 0x0000000743c00000| Untracked 
| 542|0x0000000743c00000, 0x0000000743e00000, 0x0000000743e00000|100%| O|  |TAMS 0x0000000743e00000| PB 0x0000000743e00000| Untracked 
| 543|0x0000000743e00000, 0x0000000744000000, 0x0000000744000000|100%| O|  |TAMS 0x0000000744000000| PB 0x0000000744000000| Untracked 
| 544|0x0000000744000000, 0x0000000744200000, 0x0000000744200000|100%| O|  |TAMS 0x0000000744200000| PB 0x0000000744200000| Updating 
| 545|0x0000000744200000, 0x0000000744400000, 0x0000000744400000|100%| O|  |TAMS 0x0000000744400000| PB 0x0000000744400000| Updating 
| 546|0x0000000744400000, 0x0000000744600000, 0x0000000744600000|100%| O|  |TAMS 0x0000000744600000| PB 0x0000000744600000| Untracked 
| 547|0x0000000744600000, 0x0000000744800000, 0x0000000744800000|100%| O|  |TAMS 0x0000000744800000| PB 0x0000000744800000| Untracked 
| 548|0x0000000744800000, 0x0000000744a00000, 0x0000000744a00000|100%| O|  |TAMS 0x0000000744a00000| PB 0x0000000744a00000| Untracked 
| 549|0x0000000744a00000, 0x0000000744c00000, 0x0000000744c00000|100%| O|  |TAMS 0x0000000744c00000| PB 0x0000000744c00000| Untracked 
| 550|0x0000000744c00000, 0x0000000744e00000, 0x0000000744e00000|100%| O|  |TAMS 0x0000000744e00000| PB 0x0000000744e00000| Untracked 
| 551|0x0000000744e00000, 0x0000000745000000, 0x0000000745000000|100%| O|  |TAMS 0x0000000745000000| PB 0x0000000745000000| Updating 
| 552|0x0000000745000000, 0x0000000745200000, 0x0000000745200000|100%| O|  |TAMS 0x0000000745200000| PB 0x0000000745200000| Untracked 
| 553|0x0000000745200000, 0x0000000745400000, 0x0000000745400000|100%| O|  |TAMS 0x0000000745400000| PB 0x0000000745400000| Untracked 
| 554|0x0000000745400000, 0x0000000745600000, 0x0000000745600000|100%| O|  |TAMS 0x0000000745600000| PB 0x0000000745600000| Updating 
| 555|0x0000000745600000, 0x0000000745800000, 0x0000000745800000|100%| O|  |TAMS 0x0000000745800000| PB 0x0000000745800000| Updating 
| 556|0x0000000745800000, 0x0000000745a00000, 0x0000000745a00000|100%| O|  |TAMS 0x0000000745a00000| PB 0x0000000745a00000| Untracked 
| 557|0x0000000745a00000, 0x0000000745c00000, 0x0000000745c00000|100%| O|  |TAMS 0x0000000745a00000| PB 0x0000000745a00000| Untracked 
| 558|0x0000000745c00000, 0x0000000745e00000, 0x0000000745e00000|100%| O|  |TAMS 0x0000000745c00000| PB 0x0000000745c00000| Untracked 
| 559|0x0000000745e00000, 0x0000000746000000, 0x0000000746000000|100%|HS|  |TAMS 0x0000000746000000| PB 0x0000000745e00000| Complete 
| 560|0x0000000746000000, 0x0000000746200000, 0x0000000746200000|100%|HS|  |TAMS 0x0000000746200000| PB 0x0000000746000000| Complete 
| 561|0x0000000746200000, 0x0000000746400000, 0x0000000746400000|100%| O|  |TAMS 0x0000000746200000| PB 0x0000000746200000| Untracked 
| 562|0x0000000746400000, 0x0000000746600000, 0x0000000746600000|100%|HS|  |TAMS 0x0000000746600000| PB 0x0000000746400000| Complete 
| 563|0x0000000746600000, 0x0000000746800000, 0x0000000746800000|100%|HS|  |TAMS 0x0000000746800000| PB 0x0000000746600000| Complete 
| 564|0x0000000746800000, 0x0000000746a00000, 0x0000000746a00000|100%| O|  |TAMS 0x0000000746a00000| PB 0x0000000746a00000| Untracked 
| 565|0x0000000746a00000, 0x0000000746c00000, 0x0000000746c00000|100%| O|  |TAMS 0x0000000746c00000| PB 0x0000000746c00000| Untracked 
| 566|0x0000000746c00000, 0x0000000746e00000, 0x0000000746e00000|100%| O|  |TAMS 0x0000000746e00000| PB 0x0000000746e00000| Untracked 
| 567|0x0000000746e00000, 0x0000000747000000, 0x0000000747000000|100%| O|  |TAMS 0x0000000747000000| PB 0x0000000747000000| Untracked 
| 568|0x0000000747000000, 0x0000000747200000, 0x0000000747200000|100%| O|  |TAMS 0x0000000747200000| PB 0x0000000747200000| Untracked 
| 569|0x0000000747200000, 0x0000000747400000, 0x0000000747400000|100%| O|  |TAMS 0x0000000747400000| PB 0x0000000747400000| Untracked 
| 570|0x0000000747400000, 0x0000000747600000, 0x0000000747600000|100%| O|  |TAMS 0x0000000747600000| PB 0x0000000747600000| Untracked 
| 571|0x0000000747600000, 0x0000000747800000, 0x0000000747800000|100%| O|  |TAMS 0x0000000747800000| PB 0x0000000747800000| Untracked 
| 572|0x0000000747800000, 0x0000000747a00000, 0x0000000747a00000|100%| O|  |TAMS 0x0000000747a00000| PB 0x0000000747a00000| Untracked 
| 573|0x0000000747a00000, 0x0000000747c00000, 0x0000000747c00000|100%| O|  |TAMS 0x0000000747c00000| PB 0x0000000747c00000| Untracked 
| 574|0x0000000747c00000, 0x0000000747e00000, 0x0000000747e00000|100%| O|  |TAMS 0x0000000747e00000| PB 0x0000000747e00000| Updating 
| 575|0x0000000747e00000, 0x0000000748000000, 0x0000000748000000|100%| O|  |TAMS 0x0000000748000000| PB 0x0000000748000000| Updating 
| 576|0x0000000748000000, 0x0000000748200000, 0x0000000748200000|100%| O|  |TAMS 0x0000000748200000| PB 0x0000000748200000| Updating 
| 577|0x0000000748200000, 0x0000000748400000, 0x0000000748400000|100%| O|  |TAMS 0x0000000748400000| PB 0x0000000748400000| Untracked 
| 578|0x0000000748400000, 0x0000000748600000, 0x0000000748600000|100%| O|  |TAMS 0x0000000748600000| PB 0x0000000748600000| Untracked 
| 579|0x0000000748600000, 0x0000000748800000, 0x0000000748800000|100%| O|  |TAMS 0x0000000748800000| PB 0x0000000748800000| Updating 
| 580|0x0000000748800000, 0x0000000748a00000, 0x0000000748a00000|100%| O|  |TAMS 0x0000000748a00000| PB 0x0000000748a00000| Untracked 
| 581|0x0000000748a00000, 0x0000000748c00000, 0x0000000748c00000|100%| O|  |TAMS 0x0000000748c00000| PB 0x0000000748c00000| Untracked 
| 582|0x0000000748c00000, 0x0000000748e00000, 0x0000000748e00000|100%| O|  |TAMS 0x0000000748e00000| PB 0x0000000748e00000| Untracked 
| 583|0x0000000748e00000, 0x0000000749000000, 0x0000000749000000|100%| O|  |TAMS 0x0000000749000000| PB 0x0000000749000000| Untracked 
| 584|0x0000000749000000, 0x0000000749200000, 0x0000000749200000|100%| O|  |TAMS 0x0000000749200000| PB 0x0000000749200000| Untracked 
| 585|0x0000000749200000, 0x0000000749400000, 0x0000000749400000|100%| O|  |TAMS 0x0000000749400000| PB 0x0000000749400000| Untracked 
| 586|0x0000000749400000, 0x0000000749600000, 0x0000000749600000|100%| O|  |TAMS 0x0000000749600000| PB 0x0000000749600000| Untracked 
| 587|0x0000000749600000, 0x0000000749800000, 0x0000000749800000|100%| O|  |TAMS 0x0000000749800000| PB 0x0000000749800000| Untracked 
| 588|0x0000000749800000, 0x0000000749a00000, 0x0000000749a00000|100%| O|  |TAMS 0x0000000749a00000| PB 0x0000000749a00000| Untracked 
| 589|0x0000000749a00000, 0x0000000749c00000, 0x0000000749c00000|100%| O|  |TAMS 0x0000000749c00000| PB 0x0000000749c00000| Untracked 
| 590|0x0000000749c00000, 0x0000000749e00000, 0x0000000749e00000|100%| O|  |TAMS 0x0000000749e00000| PB 0x0000000749e00000| Untracked 
| 591|0x0000000749e00000, 0x000000074a000000, 0x000000074a000000|100%| O|  |TAMS 0x000000074a000000| PB 0x000000074a000000| Untracked 
| 592|0x000000074a000000, 0x000000074a200000, 0x000000074a200000|100%| O|  |TAMS 0x000000074a200000| PB 0x000000074a200000| Untracked 
| 593|0x000000074a200000, 0x000000074a400000, 0x000000074a400000|100%| O|  |TAMS 0x000000074a400000| PB 0x000000074a400000| Untracked 
| 594|0x000000074a400000, 0x000000074a600000, 0x000000074a600000|100%| O|  |TAMS 0x000000074a600000| PB 0x000000074a600000| Untracked 
| 595|0x000000074a600000, 0x000000074a800000, 0x000000074a800000|100%| O|  |TAMS 0x000000074a800000| PB 0x000000074a800000| Untracked 
| 596|0x000000074a800000, 0x000000074aa00000, 0x000000074aa00000|100%| O|  |TAMS 0x000000074aa00000| PB 0x000000074aa00000| Untracked 
| 597|0x000000074aa00000, 0x000000074ac00000, 0x000000074ac00000|100%| O|  |TAMS 0x000000074ac00000| PB 0x000000074ac00000| Untracked 
| 598|0x000000074ac00000, 0x000000074ae00000, 0x000000074ae00000|100%| O|  |TAMS 0x000000074ae00000| PB 0x000000074ae00000| Untracked 
| 599|0x000000074ae00000, 0x000000074b000000, 0x000000074b000000|100%| O|  |TAMS 0x000000074b000000| PB 0x000000074b000000| Untracked 
| 600|0x000000074b000000, 0x000000074b200000, 0x000000074b200000|100%| O|  |TAMS 0x000000074b200000| PB 0x000000074b200000| Untracked 
| 601|0x000000074b200000, 0x000000074b400000, 0x000000074b400000|100%| O|  |TAMS 0x000000074b400000| PB 0x000000074b400000| Untracked 
| 602|0x000000074b400000, 0x000000074b600000, 0x000000074b600000|100%| O|  |TAMS 0x000000074b600000| PB 0x000000074b600000| Updating 
| 603|0x000000074b600000, 0x000000074b800000, 0x000000074b800000|100%| O|  |TAMS 0x000000074b800000| PB 0x000000074b800000| Untracked 
| 604|0x000000074b800000, 0x000000074ba00000, 0x000000074ba00000|100%| O|  |TAMS 0x000000074ba00000| PB 0x000000074ba00000| Untracked 
| 605|0x000000074ba00000, 0x000000074bc00000, 0x000000074bc00000|100%| O|  |TAMS 0x000000074bc00000| PB 0x000000074bc00000| Updating 
| 606|0x000000074bc00000, 0x000000074be00000, 0x000000074be00000|100%| O|  |TAMS 0x000000074be00000| PB 0x000000074be00000| Untracked 
| 607|0x000000074be00000, 0x000000074c000000, 0x000000074c000000|100%| O|  |TAMS 0x000000074c000000| PB 0x000000074c000000| Untracked 
| 608|0x000000074c000000, 0x000000074c200000, 0x000000074c200000|100%| O|  |TAMS 0x000000074c200000| PB 0x000000074c200000| Updating 
| 609|0x000000074c200000, 0x000000074c400000, 0x000000074c400000|100%| O|  |TAMS 0x000000074c400000| PB 0x000000074c400000| Updating 
| 610|0x000000074c400000, 0x000000074c600000, 0x000000074c600000|100%| O|  |TAMS 0x000000074c400000| PB 0x000000074c400000| Untracked 
| 611|0x000000074c600000, 0x000000074c800000, 0x000000074c800000|100%| O|  |TAMS 0x000000074c600000| PB 0x000000074c600000| Untracked 
| 612|0x000000074c800000, 0x000000074ca00000, 0x000000074ca00000|100%| O|  |TAMS 0x000000074c800000| PB 0x000000074c800000| Untracked 
| 613|0x000000074ca00000, 0x000000074cc00000, 0x000000074cc00000|100%| O|  |TAMS 0x000000074ca00000| PB 0x000000074ca00000| Untracked 
| 614|0x000000074cc00000, 0x000000074ce00000, 0x000000074ce00000|100%| O|  |TAMS 0x000000074cc00000| PB 0x000000074cc00000| Untracked 
| 615|0x000000074ce00000, 0x000000074d000000, 0x000000074d000000|100%| O|  |TAMS 0x000000074ce00000| PB 0x000000074ce00000| Untracked 
| 616|0x000000074d000000, 0x000000074d200000, 0x000000074d200000|100%| O|  |TAMS 0x000000074d000000| PB 0x000000074d000000| Untracked 
| 617|0x000000074d200000, 0x000000074d400000, 0x000000074d400000|100%| O|  |TAMS 0x000000074d200000| PB 0x000000074d200000| Untracked 
| 618|0x000000074d400000, 0x000000074d500000, 0x000000074d600000| 50%| O|  |TAMS 0x000000074d400000| PB 0x000000074d400000| Updating 
| 619|0x000000074d600000, 0x000000074d800000, 0x000000074d800000|100%|HS|  |TAMS 0x000000074d600000| PB 0x000000074d600000| Complete 
| 620|0x000000074d800000, 0x000000074da00000, 0x000000074da00000|100%|HS|  |TAMS 0x000000074d800000| PB 0x000000074d800000| Complete 
| 621|0x000000074da00000, 0x000000074da00000, 0x000000074dc00000|  0%| F|  |TAMS 0x000000074da00000| PB 0x000000074da00000| Untracked 
| 622|0x000000074dc00000, 0x000000074dc00000, 0x000000074de00000|  0%| F|  |TAMS 0x000000074dc00000| PB 0x000000074dc00000| Untracked 
| 623|0x000000074de00000, 0x000000074de00000, 0x000000074e000000|  0%| F|  |TAMS 0x000000074de00000| PB 0x000000074de00000| Untracked 
| 624|0x000000074e000000, 0x000000074e000000, 0x000000074e200000|  0%| F|  |TAMS 0x000000074e000000| PB 0x000000074e000000| Untracked 
| 625|0x000000074e200000, 0x000000074e200000, 0x000000074e400000|  0%| F|  |TAMS 0x000000074e200000| PB 0x000000074e200000| Untracked 
| 626|0x000000074e400000, 0x000000074e400000, 0x000000074e600000|  0%| F|  |TAMS 0x000000074e400000| PB 0x000000074e400000| Untracked 
| 627|0x000000074e600000, 0x000000074e600000, 0x000000074e800000|  0%| F|  |TAMS 0x000000074e600000| PB 0x000000074e600000| Untracked 
| 628|0x000000074e800000, 0x000000074e800000, 0x000000074ea00000|  0%| F|  |TAMS 0x000000074e800000| PB 0x000000074e800000| Untracked 
| 629|0x000000074ea00000, 0x000000074ea00000, 0x000000074ec00000|  0%| F|  |TAMS 0x000000074ea00000| PB 0x000000074ea00000| Untracked 
| 630|0x000000074ec00000, 0x000000074ec00000, 0x000000074ee00000|  0%| F|  |TAMS 0x000000074ec00000| PB 0x000000074ec00000| Untracked 
| 631|0x000000074ee00000, 0x000000074ee00000, 0x000000074f000000|  0%| F|  |TAMS 0x000000074ee00000| PB 0x000000074ee00000| Untracked 
| 632|0x000000074f000000, 0x000000074f000000, 0x000000074f200000|  0%| F|  |TAMS 0x000000074f000000| PB 0x000000074f000000| Untracked 
| 633|0x000000074f200000, 0x000000074f200000, 0x000000074f400000|  0%| F|  |TAMS 0x000000074f200000| PB 0x000000074f200000| Untracked 
| 634|0x000000074f400000, 0x000000074f400000, 0x000000074f600000|  0%| F|  |TAMS 0x000000074f400000| PB 0x000000074f400000| Untracked 
| 635|0x000000074f600000, 0x000000074f600000, 0x000000074f800000|  0%| F|  |TAMS 0x000000074f600000| PB 0x000000074f600000| Untracked 
| 636|0x000000074f800000, 0x000000074f800000, 0x000000074fa00000|  0%| F|  |TAMS 0x000000074f800000| PB 0x000000074f800000| Untracked 
| 637|0x000000074fa00000, 0x000000074fa00000, 0x000000074fc00000|  0%| F|  |TAMS 0x000000074fa00000| PB 0x000000074fa00000| Untracked 
| 638|0x000000074fc00000, 0x000000074fc00000, 0x000000074fe00000|  0%| F|  |TAMS 0x000000074fc00000| PB 0x000000074fc00000| Untracked 
| 639|0x000000074fe00000, 0x000000074fe00000, 0x0000000750000000|  0%| F|  |TAMS 0x000000074fe00000| PB 0x000000074fe00000| Untracked 
| 640|0x0000000750000000, 0x0000000750000000, 0x0000000750200000|  0%| F|  |TAMS 0x0000000750000000| PB 0x0000000750000000| Untracked 
| 641|0x0000000750200000, 0x0000000750200000, 0x0000000750400000|  0%| F|  |TAMS 0x0000000750200000| PB 0x0000000750200000| Untracked 
| 642|0x0000000750400000, 0x0000000750400000, 0x0000000750600000|  0%| F|  |TAMS 0x0000000750400000| PB 0x0000000750400000| Untracked 
| 643|0x0000000750600000, 0x0000000750600000, 0x0000000750800000|  0%| F|  |TAMS 0x0000000750600000| PB 0x0000000750600000| Untracked 
| 644|0x0000000750800000, 0x0000000750800000, 0x0000000750a00000|  0%| F|  |TAMS 0x0000000750800000| PB 0x0000000750800000| Untracked 
| 645|0x0000000750a00000, 0x0000000750a00000, 0x0000000750c00000|  0%| F|  |TAMS 0x0000000750a00000| PB 0x0000000750a00000| Untracked 
| 646|0x0000000750c00000, 0x0000000750c00000, 0x0000000750e00000|  0%| F|  |TAMS 0x0000000750c00000| PB 0x0000000750c00000| Untracked 
| 647|0x0000000750e00000, 0x0000000750e00000, 0x0000000751000000|  0%| F|  |TAMS 0x0000000750e00000| PB 0x0000000750e00000| Untracked 
| 648|0x0000000751000000, 0x0000000751000000, 0x0000000751200000|  0%| F|  |TAMS 0x0000000751000000| PB 0x0000000751000000| Untracked 
| 649|0x0000000751200000, 0x0000000751200000, 0x0000000751400000|  0%| F|  |TAMS 0x0000000751200000| PB 0x0000000751200000| Untracked 
| 650|0x0000000751400000, 0x0000000751400000, 0x0000000751600000|  0%| F|  |TAMS 0x0000000751400000| PB 0x0000000751400000| Untracked 
| 651|0x0000000751600000, 0x0000000751600000, 0x0000000751800000|  0%| F|  |TAMS 0x0000000751600000| PB 0x0000000751600000| Untracked 
| 652|0x0000000751800000, 0x0000000751800000, 0x0000000751a00000|  0%| F|  |TAMS 0x0000000751800000| PB 0x0000000751800000| Untracked 
| 653|0x0000000751a00000, 0x0000000751a00000, 0x0000000751c00000|  0%| F|  |TAMS 0x0000000751a00000| PB 0x0000000751a00000| Untracked 
| 654|0x0000000751c00000, 0x0000000751c00000, 0x0000000751e00000|  0%| F|  |TAMS 0x0000000751c00000| PB 0x0000000751c00000| Untracked 
| 655|0x0000000751e00000, 0x0000000751e00000, 0x0000000752000000|  0%| F|  |TAMS 0x0000000751e00000| PB 0x0000000751e00000| Untracked 
| 656|0x0000000752000000, 0x0000000752000000, 0x0000000752200000|  0%| F|  |TAMS 0x0000000752000000| PB 0x0000000752000000| Untracked 
| 657|0x0000000752200000, 0x0000000752200000, 0x0000000752400000|  0%| F|  |TAMS 0x0000000752200000| PB 0x0000000752200000| Untracked 
| 658|0x0000000752400000, 0x0000000752400000, 0x0000000752600000|  0%| F|  |TAMS 0x0000000752400000| PB 0x0000000752400000| Untracked 
| 659|0x0000000752600000, 0x0000000752600000, 0x0000000752800000|  0%| F|  |TAMS 0x0000000752600000| PB 0x0000000752600000| Untracked 
| 660|0x0000000752800000, 0x0000000752800000, 0x0000000752a00000|  0%| F|  |TAMS 0x0000000752800000| PB 0x0000000752800000| Untracked 
| 661|0x0000000752a00000, 0x0000000752a00000, 0x0000000752c00000|  0%| F|  |TAMS 0x0000000752a00000| PB 0x0000000752a00000| Untracked 
| 662|0x0000000752c00000, 0x0000000752c00000, 0x0000000752e00000|  0%| F|  |TAMS 0x0000000752c00000| PB 0x0000000752c00000| Untracked 
| 663|0x0000000752e00000, 0x0000000752e00000, 0x0000000753000000|  0%| F|  |TAMS 0x0000000752e00000| PB 0x0000000752e00000| Untracked 
| 664|0x0000000753000000, 0x0000000753000000, 0x0000000753200000|  0%| F|  |TAMS 0x0000000753000000| PB 0x0000000753000000| Untracked 
| 665|0x0000000753200000, 0x0000000753200000, 0x0000000753400000|  0%| F|  |TAMS 0x0000000753200000| PB 0x0000000753200000| Untracked 
| 666|0x0000000753400000, 0x0000000753400000, 0x0000000753600000|  0%| F|  |TAMS 0x0000000753400000| PB 0x0000000753400000| Untracked 
| 667|0x0000000753600000, 0x0000000753600000, 0x0000000753800000|  0%| F|  |TAMS 0x0000000753600000| PB 0x0000000753600000| Untracked 
| 668|0x0000000753800000, 0x0000000753800000, 0x0000000753a00000|  0%| F|  |TAMS 0x0000000753800000| PB 0x0000000753800000| Untracked 
| 669|0x0000000753a00000, 0x0000000753a00000, 0x0000000753c00000|  0%| F|  |TAMS 0x0000000753a00000| PB 0x0000000753a00000| Untracked 
| 670|0x0000000753c00000, 0x0000000753c00000, 0x0000000753e00000|  0%| F|  |TAMS 0x0000000753c00000| PB 0x0000000753c00000| Untracked 
| 671|0x0000000753e00000, 0x0000000753e00000, 0x0000000754000000|  0%| F|  |TAMS 0x0000000753e00000| PB 0x0000000753e00000| Untracked 
| 672|0x0000000754000000, 0x0000000754000000, 0x0000000754200000|  0%| F|  |TAMS 0x0000000754000000| PB 0x0000000754000000| Untracked 
| 673|0x0000000754200000, 0x0000000754200000, 0x0000000754400000|  0%| F|  |TAMS 0x0000000754200000| PB 0x0000000754200000| Untracked 
| 674|0x0000000754400000, 0x0000000754400000, 0x0000000754600000|  0%| F|  |TAMS 0x0000000754400000| PB 0x0000000754400000| Untracked 
| 675|0x0000000754600000, 0x0000000754600000, 0x0000000754800000|  0%| F|  |TAMS 0x0000000754600000| PB 0x0000000754600000| Untracked 
| 676|0x0000000754800000, 0x0000000754800000, 0x0000000754a00000|  0%| F|  |TAMS 0x0000000754800000| PB 0x0000000754800000| Untracked 
| 677|0x0000000754a00000, 0x0000000754a00000, 0x0000000754c00000|  0%| F|  |TAMS 0x0000000754a00000| PB 0x0000000754a00000| Untracked 
| 678|0x0000000754c00000, 0x0000000754c00000, 0x0000000754e00000|  0%| F|  |TAMS 0x0000000754c00000| PB 0x0000000754c00000| Untracked 
| 679|0x0000000754e00000, 0x0000000754e00000, 0x0000000755000000|  0%| F|  |TAMS 0x0000000754e00000| PB 0x0000000754e00000| Untracked 
| 680|0x0000000755000000, 0x0000000755000000, 0x0000000755200000|  0%| F|  |TAMS 0x0000000755000000| PB 0x0000000755000000| Untracked 
| 681|0x0000000755200000, 0x0000000755200000, 0x0000000755400000|  0%| F|  |TAMS 0x0000000755200000| PB 0x0000000755200000| Untracked 
| 682|0x0000000755400000, 0x0000000755400000, 0x0000000755600000|  0%| F|  |TAMS 0x0000000755400000| PB 0x0000000755400000| Untracked 
| 683|0x0000000755600000, 0x0000000755600000, 0x0000000755800000|  0%| F|  |TAMS 0x0000000755600000| PB 0x0000000755600000| Untracked 
| 684|0x0000000755800000, 0x0000000755800000, 0x0000000755a00000|  0%| F|  |TAMS 0x0000000755800000| PB 0x0000000755800000| Untracked 
| 685|0x0000000755a00000, 0x0000000755a00000, 0x0000000755c00000|  0%| F|  |TAMS 0x0000000755a00000| PB 0x0000000755a00000| Untracked 
| 686|0x0000000755c00000, 0x0000000755c00000, 0x0000000755e00000|  0%| F|  |TAMS 0x0000000755c00000| PB 0x0000000755c00000| Untracked 
| 687|0x0000000755e00000, 0x0000000755e00000, 0x0000000756000000|  0%| F|  |TAMS 0x0000000755e00000| PB 0x0000000755e00000| Untracked 
| 688|0x0000000756000000, 0x0000000756000000, 0x0000000756200000|  0%| F|  |TAMS 0x0000000756000000| PB 0x0000000756000000| Untracked 
| 689|0x0000000756200000, 0x0000000756200000, 0x0000000756400000|  0%| F|  |TAMS 0x0000000756200000| PB 0x0000000756200000| Untracked 
| 690|0x0000000756400000, 0x0000000756400000, 0x0000000756600000|  0%| F|  |TAMS 0x0000000756400000| PB 0x0000000756400000| Untracked 
| 691|0x0000000756600000, 0x0000000756600000, 0x0000000756800000|  0%| F|  |TAMS 0x0000000756600000| PB 0x0000000756600000| Untracked 
| 692|0x0000000756800000, 0x0000000756800000, 0x0000000756a00000|  0%| F|  |TAMS 0x0000000756800000| PB 0x0000000756800000| Untracked 
| 693|0x0000000756a00000, 0x0000000756a00000, 0x0000000756c00000|  0%| F|  |TAMS 0x0000000756a00000| PB 0x0000000756a00000| Untracked 
| 694|0x0000000756c00000, 0x0000000756c00000, 0x0000000756e00000|  0%| F|  |TAMS 0x0000000756c00000| PB 0x0000000756c00000| Untracked 
| 695|0x0000000756e00000, 0x0000000756e00000, 0x0000000757000000|  0%| F|  |TAMS 0x0000000756e00000| PB 0x0000000756e00000| Untracked 
| 696|0x0000000757000000, 0x0000000757000000, 0x0000000757200000|  0%| F|  |TAMS 0x0000000757000000| PB 0x0000000757000000| Untracked 
| 697|0x0000000757200000, 0x0000000757200000, 0x0000000757400000|  0%| F|  |TAMS 0x0000000757200000| PB 0x0000000757200000| Untracked 
| 698|0x0000000757400000, 0x0000000757400000, 0x0000000757600000|  0%| F|  |TAMS 0x0000000757400000| PB 0x0000000757400000| Untracked 
| 699|0x0000000757600000, 0x0000000757600000, 0x0000000757800000|  0%| F|  |TAMS 0x0000000757600000| PB 0x0000000757600000| Untracked 
| 700|0x0000000757800000, 0x0000000757800000, 0x0000000757a00000|  0%| F|  |TAMS 0x0000000757800000| PB 0x0000000757800000| Untracked 
| 701|0x0000000757a00000, 0x0000000757a00000, 0x0000000757c00000|  0%| F|  |TAMS 0x0000000757a00000| PB 0x0000000757a00000| Untracked 
| 702|0x0000000757c00000, 0x0000000757c00000, 0x0000000757e00000|  0%| F|  |TAMS 0x0000000757c00000| PB 0x0000000757c00000| Untracked 
| 703|0x0000000757e00000, 0x0000000757e00000, 0x0000000758000000|  0%| F|  |TAMS 0x0000000757e00000| PB 0x0000000757e00000| Untracked 
| 704|0x0000000758000000, 0x0000000758000000, 0x0000000758200000|  0%| F|  |TAMS 0x0000000758000000| PB 0x0000000758000000| Untracked 
| 705|0x0000000758200000, 0x0000000758200000, 0x0000000758400000|  0%| F|  |TAMS 0x0000000758200000| PB 0x0000000758200000| Untracked 
| 706|0x0000000758400000, 0x0000000758400000, 0x0000000758600000|  0%| F|  |TAMS 0x0000000758400000| PB 0x0000000758400000| Untracked 
| 707|0x0000000758600000, 0x0000000758600000, 0x0000000758800000|  0%| F|  |TAMS 0x0000000758600000| PB 0x0000000758600000| Untracked 
| 708|0x0000000758800000, 0x0000000758800000, 0x0000000758a00000|  0%| F|  |TAMS 0x0000000758800000| PB 0x0000000758800000| Untracked 
| 709|0x0000000758a00000, 0x0000000758a00000, 0x0000000758c00000|  0%| F|  |TAMS 0x0000000758a00000| PB 0x0000000758a00000| Untracked 
| 710|0x0000000758c00000, 0x0000000758c00000, 0x0000000758e00000|  0%| F|  |TAMS 0x0000000758c00000| PB 0x0000000758c00000| Untracked 
| 711|0x0000000758e00000, 0x0000000758e00000, 0x0000000759000000|  0%| F|  |TAMS 0x0000000758e00000| PB 0x0000000758e00000| Untracked 
| 712|0x0000000759000000, 0x0000000759000000, 0x0000000759200000|  0%| F|  |TAMS 0x0000000759000000| PB 0x0000000759000000| Untracked 
| 713|0x0000000759200000, 0x0000000759200000, 0x0000000759400000|  0%| F|  |TAMS 0x0000000759200000| PB 0x0000000759200000| Untracked 
| 714|0x0000000759400000, 0x0000000759400000, 0x0000000759600000|  0%| F|  |TAMS 0x0000000759400000| PB 0x0000000759400000| Untracked 
| 715|0x0000000759600000, 0x0000000759600000, 0x0000000759800000|  0%| F|  |TAMS 0x0000000759600000| PB 0x0000000759600000| Untracked 
| 716|0x0000000759800000, 0x0000000759800000, 0x0000000759a00000|  0%| F|  |TAMS 0x0000000759800000| PB 0x0000000759800000| Untracked 
| 717|0x0000000759a00000, 0x0000000759a00000, 0x0000000759c00000|  0%| F|  |TAMS 0x0000000759a00000| PB 0x0000000759a00000| Untracked 
| 718|0x0000000759c00000, 0x0000000759c00000, 0x0000000759e00000|  0%| F|  |TAMS 0x0000000759c00000| PB 0x0000000759c00000| Untracked 
| 719|0x0000000759e00000, 0x0000000759e00000, 0x000000075a000000|  0%| F|  |TAMS 0x0000000759e00000| PB 0x0000000759e00000| Untracked 
| 720|0x000000075a000000, 0x000000075a000000, 0x000000075a200000|  0%| F|  |TAMS 0x000000075a000000| PB 0x000000075a000000| Untracked 
| 721|0x000000075a200000, 0x000000075a200000, 0x000000075a400000|  0%| F|  |TAMS 0x000000075a200000| PB 0x000000075a200000| Untracked 
| 722|0x000000075a400000, 0x000000075a400000, 0x000000075a600000|  0%| F|  |TAMS 0x000000075a400000| PB 0x000000075a400000| Untracked 
| 723|0x000000075a600000, 0x000000075a600000, 0x000000075a800000|  0%| F|  |TAMS 0x000000075a600000| PB 0x000000075a600000| Untracked 
| 724|0x000000075a800000, 0x000000075a800000, 0x000000075aa00000|  0%| F|  |TAMS 0x000000075a800000| PB 0x000000075a800000| Untracked 
| 725|0x000000075aa00000, 0x000000075aa00000, 0x000000075ac00000|  0%| F|  |TAMS 0x000000075aa00000| PB 0x000000075aa00000| Untracked 
| 726|0x000000075ac00000, 0x000000075ac00000, 0x000000075ae00000|  0%| F|  |TAMS 0x000000075ac00000| PB 0x000000075ac00000| Untracked 
| 727|0x000000075ae00000, 0x000000075ae00000, 0x000000075b000000|  0%| F|  |TAMS 0x000000075ae00000| PB 0x000000075ae00000| Untracked 
| 728|0x000000075b000000, 0x000000075b000000, 0x000000075b200000|  0%| F|  |TAMS 0x000000075b000000| PB 0x000000075b000000| Untracked 
| 729|0x000000075b200000, 0x000000075b200000, 0x000000075b400000|  0%| F|  |TAMS 0x000000075b200000| PB 0x000000075b200000| Untracked 
| 730|0x000000075b400000, 0x000000075b400000, 0x000000075b600000|  0%| F|  |TAMS 0x000000075b400000| PB 0x000000075b400000| Untracked 
| 731|0x000000075b600000, 0x000000075b600000, 0x000000075b800000|  0%| F|  |TAMS 0x000000075b600000| PB 0x000000075b600000| Untracked 
| 732|0x000000075b800000, 0x000000075b800000, 0x000000075ba00000|  0%| F|  |TAMS 0x000000075b800000| PB 0x000000075b800000| Untracked 
| 733|0x000000075ba00000, 0x000000075ba00000, 0x000000075bc00000|  0%| F|  |TAMS 0x000000075ba00000| PB 0x000000075ba00000| Untracked 
| 734|0x000000075bc00000, 0x000000075bc00000, 0x000000075be00000|  0%| F|  |TAMS 0x000000075bc00000| PB 0x000000075bc00000| Untracked 
| 735|0x000000075be00000, 0x000000075be00000, 0x000000075c000000|  0%| F|  |TAMS 0x000000075be00000| PB 0x000000075be00000| Untracked 
| 736|0x000000075c000000, 0x000000075c000000, 0x000000075c200000|  0%| F|  |TAMS 0x000000075c000000| PB 0x000000075c000000| Untracked 
| 737|0x000000075c200000, 0x000000075c200000, 0x000000075c400000|  0%| F|  |TAMS 0x000000075c200000| PB 0x000000075c200000| Untracked 
| 738|0x000000075c400000, 0x000000075c400000, 0x000000075c600000|  0%| F|  |TAMS 0x000000075c400000| PB 0x000000075c400000| Untracked 
| 739|0x000000075c600000, 0x000000075c600000, 0x000000075c800000|  0%| F|  |TAMS 0x000000075c600000| PB 0x000000075c600000| Untracked 
| 740|0x000000075c800000, 0x000000075c800000, 0x000000075ca00000|  0%| F|  |TAMS 0x000000075c800000| PB 0x000000075c800000| Untracked 
| 741|0x000000075ca00000, 0x000000075ca00000, 0x000000075cc00000|  0%| F|  |TAMS 0x000000075ca00000| PB 0x000000075ca00000| Untracked 
| 742|0x000000075cc00000, 0x000000075cc00000, 0x000000075ce00000|  0%| F|  |TAMS 0x000000075cc00000| PB 0x000000075cc00000| Untracked 
| 743|0x000000075ce00000, 0x000000075ce00000, 0x000000075d000000|  0%| F|  |TAMS 0x000000075ce00000| PB 0x000000075ce00000| Untracked 
| 744|0x000000075d000000, 0x000000075d000000, 0x000000075d200000|  0%| F|  |TAMS 0x000000075d000000| PB 0x000000075d000000| Untracked 
| 745|0x000000075d200000, 0x000000075d200000, 0x000000075d400000|  0%| F|  |TAMS 0x000000075d200000| PB 0x000000075d200000| Untracked 
| 746|0x000000075d400000, 0x000000075d400000, 0x000000075d600000|  0%| F|  |TAMS 0x000000075d400000| PB 0x000000075d400000| Untracked 
| 747|0x000000075d600000, 0x000000075d600000, 0x000000075d800000|  0%| F|  |TAMS 0x000000075d600000| PB 0x000000075d600000| Untracked 
| 748|0x000000075d800000, 0x000000075d800000, 0x000000075da00000|  0%| F|  |TAMS 0x000000075d800000| PB 0x000000075d800000| Untracked 
| 749|0x000000075da00000, 0x000000075da00000, 0x000000075dc00000|  0%| F|  |TAMS 0x000000075da00000| PB 0x000000075da00000| Untracked 
| 750|0x000000075dc00000, 0x000000075dc00000, 0x000000075de00000|  0%| F|  |TAMS 0x000000075dc00000| PB 0x000000075dc00000| Untracked 
| 751|0x000000075de00000, 0x000000075de00000, 0x000000075e000000|  0%| F|  |TAMS 0x000000075de00000| PB 0x000000075de00000| Untracked 
| 752|0x000000075e000000, 0x000000075e000000, 0x000000075e200000|  0%| F|  |TAMS 0x000000075e000000| PB 0x000000075e000000| Untracked 
| 753|0x000000075e200000, 0x000000075e200000, 0x000000075e400000|  0%| F|  |TAMS 0x000000075e200000| PB 0x000000075e200000| Untracked 
| 754|0x000000075e400000, 0x000000075e400000, 0x000000075e600000|  0%| F|  |TAMS 0x000000075e400000| PB 0x000000075e400000| Untracked 
| 755|0x000000075e600000, 0x000000075e600000, 0x000000075e800000|  0%| F|  |TAMS 0x000000075e600000| PB 0x000000075e600000| Untracked 
| 756|0x000000075e800000, 0x000000075e800000, 0x000000075ea00000|  0%| F|  |TAMS 0x000000075e800000| PB 0x000000075e800000| Untracked 
| 757|0x000000075ea00000, 0x000000075ea00000, 0x000000075ec00000|  0%| F|  |TAMS 0x000000075ea00000| PB 0x000000075ea00000| Untracked 
| 758|0x000000075ec00000, 0x000000075ec00000, 0x000000075ee00000|  0%| F|  |TAMS 0x000000075ec00000| PB 0x000000075ec00000| Untracked 
| 759|0x000000075ee00000, 0x000000075ee00000, 0x000000075f000000|  0%| F|  |TAMS 0x000000075ee00000| PB 0x000000075ee00000| Untracked 
| 760|0x000000075f000000, 0x000000075f000000, 0x000000075f200000|  0%| F|  |TAMS 0x000000075f000000| PB 0x000000075f000000| Untracked 
| 761|0x000000075f200000, 0x000000075f200000, 0x000000075f400000|  0%| F|  |TAMS 0x000000075f200000| PB 0x000000075f200000| Untracked 
| 762|0x000000075f400000, 0x000000075f400000, 0x000000075f600000|  0%| F|  |TAMS 0x000000075f400000| PB 0x000000075f400000| Untracked 
| 763|0x000000075f600000, 0x000000075f600000, 0x000000075f800000|  0%| F|  |TAMS 0x000000075f600000| PB 0x000000075f600000| Untracked 
| 764|0x000000075f800000, 0x000000075f800000, 0x000000075fa00000|  0%| F|  |TAMS 0x000000075f800000| PB 0x000000075f800000| Untracked 
| 765|0x000000075fa00000, 0x000000075fa00000, 0x000000075fc00000|  0%| F|  |TAMS 0x000000075fa00000| PB 0x000000075fa00000| Untracked 
| 766|0x000000075fc00000, 0x000000075fc00000, 0x000000075fe00000|  0%| F|  |TAMS 0x000000075fc00000| PB 0x000000075fc00000| Untracked 
| 767|0x000000075fe00000, 0x000000075fe00000, 0x0000000760000000|  0%| F|  |TAMS 0x000000075fe00000| PB 0x000000075fe00000| Untracked 
| 768|0x0000000760000000, 0x0000000760000000, 0x0000000760200000|  0%| F|  |TAMS 0x0000000760000000| PB 0x0000000760000000| Untracked 
| 769|0x0000000760200000, 0x0000000760200000, 0x0000000760400000|  0%| F|  |TAMS 0x0000000760200000| PB 0x0000000760200000| Untracked 
| 770|0x0000000760400000, 0x0000000760400000, 0x0000000760600000|  0%| F|  |TAMS 0x0000000760400000| PB 0x0000000760400000| Untracked 
| 771|0x0000000760600000, 0x0000000760600000, 0x0000000760800000|  0%| F|  |TAMS 0x0000000760600000| PB 0x0000000760600000| Untracked 
| 772|0x0000000760800000, 0x0000000760800000, 0x0000000760a00000|  0%| F|  |TAMS 0x0000000760800000| PB 0x0000000760800000| Untracked 
| 773|0x0000000760a00000, 0x0000000760a00000, 0x0000000760c00000|  0%| F|  |TAMS 0x0000000760a00000| PB 0x0000000760a00000| Untracked 
| 774|0x0000000760c00000, 0x0000000760c00000, 0x0000000760e00000|  0%| F|  |TAMS 0x0000000760c00000| PB 0x0000000760c00000| Untracked 
| 775|0x0000000760e00000, 0x0000000760e00000, 0x0000000761000000|  0%| F|  |TAMS 0x0000000760e00000| PB 0x0000000760e00000| Untracked 
| 776|0x0000000761000000, 0x0000000761000000, 0x0000000761200000|  0%| F|  |TAMS 0x0000000761000000| PB 0x0000000761000000| Untracked 
| 777|0x0000000761200000, 0x0000000761200000, 0x0000000761400000|  0%| F|  |TAMS 0x0000000761200000| PB 0x0000000761200000| Untracked 
| 778|0x0000000761400000, 0x0000000761400000, 0x0000000761600000|  0%| F|  |TAMS 0x0000000761400000| PB 0x0000000761400000| Untracked 
| 779|0x0000000761600000, 0x0000000761600000, 0x0000000761800000|  0%| F|  |TAMS 0x0000000761600000| PB 0x0000000761600000| Untracked 
| 780|0x0000000761800000, 0x0000000761800000, 0x0000000761a00000|  0%| F|  |TAMS 0x0000000761800000| PB 0x0000000761800000| Untracked 
| 781|0x0000000761a00000, 0x0000000761a00000, 0x0000000761c00000|  0%| F|  |TAMS 0x0000000761a00000| PB 0x0000000761a00000| Untracked 
| 782|0x0000000761c00000, 0x0000000761c00000, 0x0000000761e00000|  0%| F|  |TAMS 0x0000000761c00000| PB 0x0000000761c00000| Untracked 
| 783|0x0000000761e00000, 0x0000000761e00000, 0x0000000762000000|  0%| F|  |TAMS 0x0000000761e00000| PB 0x0000000761e00000| Untracked 
| 784|0x0000000762000000, 0x0000000762000000, 0x0000000762200000|  0%| F|  |TAMS 0x0000000762000000| PB 0x0000000762000000| Untracked 
| 785|0x0000000762200000, 0x0000000762200000, 0x0000000762400000|  0%| F|  |TAMS 0x0000000762200000| PB 0x0000000762200000| Untracked 
| 786|0x0000000762400000, 0x0000000762400000, 0x0000000762600000|  0%| F|  |TAMS 0x0000000762400000| PB 0x0000000762400000| Untracked 
| 787|0x0000000762600000, 0x0000000762600000, 0x0000000762800000|  0%| F|  |TAMS 0x0000000762600000| PB 0x0000000762600000| Untracked 
| 788|0x0000000762800000, 0x0000000762800000, 0x0000000762a00000|  0%| F|  |TAMS 0x0000000762800000| PB 0x0000000762800000| Untracked 
| 789|0x0000000762a00000, 0x0000000762a00000, 0x0000000762c00000|  0%| F|  |TAMS 0x0000000762a00000| PB 0x0000000762a00000| Untracked 
| 790|0x0000000762c00000, 0x0000000762c00000, 0x0000000762e00000|  0%| F|  |TAMS 0x0000000762c00000| PB 0x0000000762c00000| Untracked 
| 791|0x0000000762e00000, 0x0000000762e00000, 0x0000000763000000|  0%| F|  |TAMS 0x0000000762e00000| PB 0x0000000762e00000| Untracked 
| 792|0x0000000763000000, 0x0000000763000000, 0x0000000763200000|  0%| F|  |TAMS 0x0000000763000000| PB 0x0000000763000000| Untracked 
| 793|0x0000000763200000, 0x0000000763200000, 0x0000000763400000|  0%| F|  |TAMS 0x0000000763200000| PB 0x0000000763200000| Untracked 
| 794|0x0000000763400000, 0x0000000763400000, 0x0000000763600000|  0%| F|  |TAMS 0x0000000763400000| PB 0x0000000763400000| Untracked 
| 795|0x0000000763600000, 0x0000000763600000, 0x0000000763800000|  0%| F|  |TAMS 0x0000000763600000| PB 0x0000000763600000| Untracked 
| 796|0x0000000763800000, 0x0000000763800000, 0x0000000763a00000|  0%| F|  |TAMS 0x0000000763800000| PB 0x0000000763800000| Untracked 
| 797|0x0000000763a00000, 0x0000000763a00000, 0x0000000763c00000|  0%| F|  |TAMS 0x0000000763a00000| PB 0x0000000763a00000| Untracked 
| 798|0x0000000763c00000, 0x0000000763c00000, 0x0000000763e00000|  0%| F|  |TAMS 0x0000000763c00000| PB 0x0000000763c00000| Untracked 
| 799|0x0000000763e00000, 0x0000000763e00000, 0x0000000764000000|  0%| F|  |TAMS 0x0000000763e00000| PB 0x0000000763e00000| Untracked 
| 800|0x0000000764000000, 0x0000000764000000, 0x0000000764200000|  0%| F|  |TAMS 0x0000000764000000| PB 0x0000000764000000| Untracked 
| 801|0x0000000764200000, 0x0000000764200000, 0x0000000764400000|  0%| F|  |TAMS 0x0000000764200000| PB 0x0000000764200000| Untracked 
| 802|0x0000000764400000, 0x0000000764400000, 0x0000000764600000|  0%| F|  |TAMS 0x0000000764400000| PB 0x0000000764400000| Untracked 
| 803|0x0000000764600000, 0x0000000764600000, 0x0000000764800000|  0%| F|  |TAMS 0x0000000764600000| PB 0x0000000764600000| Untracked 
| 804|0x0000000764800000, 0x0000000764800000, 0x0000000764a00000|  0%| F|  |TAMS 0x0000000764800000| PB 0x0000000764800000| Untracked 
| 805|0x0000000764a00000, 0x0000000764a00000, 0x0000000764c00000|  0%| F|  |TAMS 0x0000000764a00000| PB 0x0000000764a00000| Untracked 
| 806|0x0000000764c00000, 0x0000000764c00000, 0x0000000764e00000|  0%| F|  |TAMS 0x0000000764c00000| PB 0x0000000764c00000| Untracked 
| 807|0x0000000764e00000, 0x0000000764e00000, 0x0000000765000000|  0%| F|  |TAMS 0x0000000764e00000| PB 0x0000000764e00000| Untracked 
| 808|0x0000000765000000, 0x0000000765000000, 0x0000000765200000|  0%| F|  |TAMS 0x0000000765000000| PB 0x0000000765000000| Untracked 
| 809|0x0000000765200000, 0x0000000765200000, 0x0000000765400000|  0%| F|  |TAMS 0x0000000765200000| PB 0x0000000765200000| Untracked 
| 810|0x0000000765400000, 0x0000000765400000, 0x0000000765600000|  0%| F|  |TAMS 0x0000000765400000| PB 0x0000000765400000| Untracked 
| 811|0x0000000765600000, 0x0000000765600000, 0x0000000765800000|  0%| F|  |TAMS 0x0000000765600000| PB 0x0000000765600000| Untracked 
| 812|0x0000000765800000, 0x0000000765800000, 0x0000000765a00000|  0%| F|  |TAMS 0x0000000765800000| PB 0x0000000765800000| Untracked 
| 813|0x0000000765a00000, 0x0000000765a00000, 0x0000000765c00000|  0%| F|  |TAMS 0x0000000765a00000| PB 0x0000000765a00000| Untracked 
| 814|0x0000000765c00000, 0x0000000765c00000, 0x0000000765e00000|  0%| F|  |TAMS 0x0000000765c00000| PB 0x0000000765c00000| Untracked 
| 815|0x0000000765e00000, 0x0000000765e00000, 0x0000000766000000|  0%| F|  |TAMS 0x0000000765e00000| PB 0x0000000765e00000| Untracked 
| 816|0x0000000766000000, 0x0000000766000000, 0x0000000766200000|  0%| F|  |TAMS 0x0000000766000000| PB 0x0000000766000000| Untracked 
| 817|0x0000000766200000, 0x0000000766200000, 0x0000000766400000|  0%| F|  |TAMS 0x0000000766200000| PB 0x0000000766200000| Untracked 
| 818|0x0000000766400000, 0x0000000766400000, 0x0000000766600000|  0%| F|  |TAMS 0x0000000766400000| PB 0x0000000766400000| Untracked 
| 819|0x0000000766600000, 0x0000000766600000, 0x0000000766800000|  0%| F|  |TAMS 0x0000000766600000| PB 0x0000000766600000| Untracked 
| 820|0x0000000766800000, 0x0000000766800000, 0x0000000766a00000|  0%| F|  |TAMS 0x0000000766800000| PB 0x0000000766800000| Untracked 
| 821|0x0000000766a00000, 0x0000000766a00000, 0x0000000766c00000|  0%| F|  |TAMS 0x0000000766a00000| PB 0x0000000766a00000| Untracked 
| 822|0x0000000766c00000, 0x0000000766c00000, 0x0000000766e00000|  0%| F|  |TAMS 0x0000000766c00000| PB 0x0000000766c00000| Untracked 
| 823|0x0000000766e00000, 0x0000000766e00000, 0x0000000767000000|  0%| F|  |TAMS 0x0000000766e00000| PB 0x0000000766e00000| Untracked 
| 824|0x0000000767000000, 0x0000000767000000, 0x0000000767200000|  0%| F|  |TAMS 0x0000000767000000| PB 0x0000000767000000| Untracked 
| 825|0x0000000767200000, 0x0000000767200000, 0x0000000767400000|  0%| F|  |TAMS 0x0000000767200000| PB 0x0000000767200000| Untracked 
| 826|0x0000000767400000, 0x0000000767400000, 0x0000000767600000|  0%| F|  |TAMS 0x0000000767400000| PB 0x0000000767400000| Untracked 
| 827|0x0000000767600000, 0x0000000767600000, 0x0000000767800000|  0%| F|  |TAMS 0x0000000767600000| PB 0x0000000767600000| Untracked 
| 828|0x0000000767800000, 0x0000000767800000, 0x0000000767a00000|  0%| F|  |TAMS 0x0000000767800000| PB 0x0000000767800000| Untracked 
| 829|0x0000000767a00000, 0x0000000767a00000, 0x0000000767c00000|  0%| F|  |TAMS 0x0000000767a00000| PB 0x0000000767a00000| Untracked 
| 830|0x0000000767c00000, 0x0000000767c00000, 0x0000000767e00000|  0%| F|  |TAMS 0x0000000767c00000| PB 0x0000000767c00000| Untracked 
| 831|0x0000000767e00000, 0x0000000767e00000, 0x0000000768000000|  0%| F|  |TAMS 0x0000000767e00000| PB 0x0000000767e00000| Untracked 
| 832|0x0000000768000000, 0x0000000768000000, 0x0000000768200000|  0%| F|  |TAMS 0x0000000768000000| PB 0x0000000768000000| Untracked 
| 833|0x0000000768200000, 0x0000000768200000, 0x0000000768400000|  0%| F|  |TAMS 0x0000000768200000| PB 0x0000000768200000| Untracked 
| 834|0x0000000768400000, 0x0000000768400000, 0x0000000768600000|  0%| F|  |TAMS 0x0000000768400000| PB 0x0000000768400000| Untracked 
| 835|0x0000000768600000, 0x0000000768600000, 0x0000000768800000|  0%| F|  |TAMS 0x0000000768600000| PB 0x0000000768600000| Untracked 
| 836|0x0000000768800000, 0x0000000768800000, 0x0000000768a00000|  0%| F|  |TAMS 0x0000000768800000| PB 0x0000000768800000| Untracked 
| 837|0x0000000768a00000, 0x0000000768a00000, 0x0000000768c00000|  0%| F|  |TAMS 0x0000000768a00000| PB 0x0000000768a00000| Untracked 
| 838|0x0000000768c00000, 0x0000000768c00000, 0x0000000768e00000|  0%| F|  |TAMS 0x0000000768c00000| PB 0x0000000768c00000| Untracked 
| 839|0x0000000768e00000, 0x0000000768e00000, 0x0000000769000000|  0%| F|  |TAMS 0x0000000768e00000| PB 0x0000000768e00000| Untracked 
| 840|0x0000000769000000, 0x0000000769000000, 0x0000000769200000|  0%| F|  |TAMS 0x0000000769000000| PB 0x0000000769000000| Untracked 
| 841|0x0000000769200000, 0x0000000769200000, 0x0000000769400000|  0%| F|  |TAMS 0x0000000769200000| PB 0x0000000769200000| Untracked 
| 842|0x0000000769400000, 0x0000000769400000, 0x0000000769600000|  0%| F|  |TAMS 0x0000000769400000| PB 0x0000000769400000| Untracked 
| 843|0x0000000769600000, 0x0000000769600000, 0x0000000769800000|  0%| F|  |TAMS 0x0000000769600000| PB 0x0000000769600000| Untracked 
| 844|0x0000000769800000, 0x0000000769800000, 0x0000000769a00000|  0%| F|  |TAMS 0x0000000769800000| PB 0x0000000769800000| Untracked 
| 845|0x0000000769a00000, 0x0000000769a00000, 0x0000000769c00000|  0%| F|  |TAMS 0x0000000769a00000| PB 0x0000000769a00000| Untracked 
| 846|0x0000000769c00000, 0x0000000769c00000, 0x0000000769e00000|  0%| F|  |TAMS 0x0000000769c00000| PB 0x0000000769c00000| Untracked 
| 847|0x0000000769e00000, 0x0000000769e00000, 0x000000076a000000|  0%| F|  |TAMS 0x0000000769e00000| PB 0x0000000769e00000| Untracked 
| 848|0x000000076a000000, 0x000000076a000000, 0x000000076a200000|  0%| F|  |TAMS 0x000000076a000000| PB 0x000000076a000000| Untracked 
| 849|0x000000076a200000, 0x000000076a200000, 0x000000076a400000|  0%| F|  |TAMS 0x000000076a200000| PB 0x000000076a200000| Untracked 
| 850|0x000000076a400000, 0x000000076a400000, 0x000000076a600000|  0%| F|  |TAMS 0x000000076a400000| PB 0x000000076a400000| Untracked 
| 851|0x000000076a600000, 0x000000076a600000, 0x000000076a800000|  0%| F|  |TAMS 0x000000076a600000| PB 0x000000076a600000| Untracked 
| 852|0x000000076a800000, 0x000000076a800000, 0x000000076aa00000|  0%| F|  |TAMS 0x000000076a800000| PB 0x000000076a800000| Untracked 
| 853|0x000000076aa00000, 0x000000076aa00000, 0x000000076ac00000|  0%| F|  |TAMS 0x000000076aa00000| PB 0x000000076aa00000| Untracked 
| 854|0x000000076ac00000, 0x000000076ac00000, 0x000000076ae00000|  0%| F|  |TAMS 0x000000076ac00000| PB 0x000000076ac00000| Untracked 
| 855|0x000000076ae00000, 0x000000076ae00000, 0x000000076b000000|  0%| F|  |TAMS 0x000000076ae00000| PB 0x000000076ae00000| Untracked 
| 856|0x000000076b000000, 0x000000076b000000, 0x000000076b200000|  0%| F|  |TAMS 0x000000076b000000| PB 0x000000076b000000| Untracked 
| 857|0x000000076b200000, 0x000000076b200000, 0x000000076b400000|  0%| F|  |TAMS 0x000000076b200000| PB 0x000000076b200000| Untracked 
| 858|0x000000076b400000, 0x000000076b400000, 0x000000076b600000|  0%| F|  |TAMS 0x000000076b400000| PB 0x000000076b400000| Untracked 
| 859|0x000000076b600000, 0x000000076b600000, 0x000000076b800000|  0%| F|  |TAMS 0x000000076b600000| PB 0x000000076b600000| Untracked 
| 860|0x000000076b800000, 0x000000076b800000, 0x000000076ba00000|  0%| F|  |TAMS 0x000000076b800000| PB 0x000000076b800000| Untracked 
| 861|0x000000076ba00000, 0x000000076ba00000, 0x000000076bc00000|  0%| F|  |TAMS 0x000000076ba00000| PB 0x000000076ba00000| Untracked 
| 862|0x000000076bc00000, 0x000000076bc00000, 0x000000076be00000|  0%| F|  |TAMS 0x000000076bc00000| PB 0x000000076bc00000| Untracked 
| 863|0x000000076be00000, 0x000000076be00000, 0x000000076c000000|  0%| F|  |TAMS 0x000000076be00000| PB 0x000000076be00000| Untracked 
| 864|0x000000076c000000, 0x000000076c000000, 0x000000076c200000|  0%| F|  |TAMS 0x000000076c000000| PB 0x000000076c000000| Untracked 
| 865|0x000000076c200000, 0x000000076c200000, 0x000000076c400000|  0%| F|  |TAMS 0x000000076c200000| PB 0x000000076c200000| Untracked 
| 866|0x000000076c400000, 0x000000076c400000, 0x000000076c600000|  0%| F|  |TAMS 0x000000076c400000| PB 0x000000076c400000| Untracked 
| 867|0x000000076c600000, 0x000000076c600000, 0x000000076c800000|  0%| F|  |TAMS 0x000000076c600000| PB 0x000000076c600000| Untracked 
| 868|0x000000076c800000, 0x000000076c894e20, 0x000000076ca00000| 29%| E|  |TAMS 0x000000076c800000| PB 0x000000076c800000| Complete 
| 869|0x000000076ca00000, 0x000000076cc00000, 0x000000076cc00000|100%| E|CS|TAMS 0x000000076ca00000| PB 0x000000076ca00000| Complete 
| 870|0x000000076cc00000, 0x000000076ce00000, 0x000000076ce00000|100%| E|CS|TAMS 0x000000076cc00000| PB 0x000000076cc00000| Complete 
| 871|0x000000076ce00000, 0x000000076d000000, 0x000000076d000000|100%| E|CS|TAMS 0x000000076ce00000| PB 0x000000076ce00000| Complete 
| 872|0x000000076d000000, 0x000000076d200000, 0x000000076d200000|100%| E|CS|TAMS 0x000000076d000000| PB 0x000000076d000000| Complete 
| 873|0x000000076d200000, 0x000000076d400000, 0x000000076d400000|100%| E|CS|TAMS 0x000000076d200000| PB 0x000000076d200000| Complete 
| 874|0x000000076d400000, 0x000000076d600000, 0x000000076d600000|100%| E|CS|TAMS 0x000000076d400000| PB 0x000000076d400000| Complete 
| 875|0x000000076d600000, 0x000000076d800000, 0x000000076d800000|100%| E|CS|TAMS 0x000000076d600000| PB 0x000000076d600000| Complete 
| 876|0x000000076d800000, 0x000000076da00000, 0x000000076da00000|100%| E|CS|TAMS 0x000000076d800000| PB 0x000000076d800000| Complete 
| 877|0x000000076da00000, 0x000000076dc00000, 0x000000076dc00000|100%| E|CS|TAMS 0x000000076da00000| PB 0x000000076da00000| Complete 
| 878|0x000000076dc00000, 0x000000076de00000, 0x000000076de00000|100%| E|CS|TAMS 0x000000076dc00000| PB 0x000000076dc00000| Complete 
| 879|0x000000076de00000, 0x000000076e000000, 0x000000076e000000|100%| E|CS|TAMS 0x000000076de00000| PB 0x000000076de00000| Complete 
| 880|0x000000076e000000, 0x000000076e200000, 0x000000076e200000|100%| E|CS|TAMS 0x000000076e000000| PB 0x000000076e000000| Complete 
| 881|0x000000076e200000, 0x000000076e400000, 0x000000076e400000|100%| E|CS|TAMS 0x000000076e200000| PB 0x000000076e200000| Complete 
| 882|0x000000076e400000, 0x000000076e600000, 0x000000076e600000|100%| E|CS|TAMS 0x000000076e400000| PB 0x000000076e400000| Complete 
| 883|0x000000076e600000, 0x000000076e800000, 0x000000076e800000|100%| E|CS|TAMS 0x000000076e600000| PB 0x000000076e600000| Complete 
| 884|0x000000076e800000, 0x000000076ea00000, 0x000000076ea00000|100%| E|CS|TAMS 0x000000076e800000| PB 0x000000076e800000| Complete 
| 885|0x000000076ea00000, 0x000000076ec00000, 0x000000076ec00000|100%| E|CS|TAMS 0x000000076ea00000| PB 0x000000076ea00000| Complete 
| 886|0x000000076ec00000, 0x000000076ee00000, 0x000000076ee00000|100%| E|CS|TAMS 0x000000076ec00000| PB 0x000000076ec00000| Complete 
| 887|0x000000076ee00000, 0x000000076f000000, 0x000000076f000000|100%| E|CS|TAMS 0x000000076ee00000| PB 0x000000076ee00000| Complete 
| 888|0x000000076f000000, 0x000000076f200000, 0x000000076f200000|100%| E|CS|TAMS 0x000000076f000000| PB 0x000000076f000000| Complete 
| 889|0x000000076f200000, 0x000000076f400000, 0x000000076f400000|100%| E|CS|TAMS 0x000000076f200000| PB 0x000000076f200000| Complete 
| 890|0x000000076f400000, 0x000000076f600000, 0x000000076f600000|100%| E|CS|TAMS 0x000000076f400000| PB 0x000000076f400000| Complete 
| 891|0x000000076f600000, 0x000000076f800000, 0x000000076f800000|100%| E|CS|TAMS 0x000000076f600000| PB 0x000000076f600000| Complete 
| 892|0x000000076f800000, 0x000000076fa00000, 0x000000076fa00000|100%| E|CS|TAMS 0x000000076f800000| PB 0x000000076f800000| Complete 
| 893|0x000000076fa00000, 0x000000076fc00000, 0x000000076fc00000|100%| E|CS|TAMS 0x000000076fa00000| PB 0x000000076fa00000| Complete 
| 894|0x000000076fc00000, 0x000000076fe00000, 0x000000076fe00000|100%| E|CS|TAMS 0x000000076fc00000| PB 0x000000076fc00000| Complete 
| 895|0x000000076fe00000, 0x0000000770000000, 0x0000000770000000|100%| E|CS|TAMS 0x000000076fe00000| PB 0x000000076fe00000| Complete 
| 896|0x0000000770000000, 0x0000000770200000, 0x0000000770200000|100%| E|CS|TAMS 0x0000000770000000| PB 0x0000000770000000| Complete 
| 897|0x0000000770200000, 0x0000000770400000, 0x0000000770400000|100%| E|CS|TAMS 0x0000000770200000| PB 0x0000000770200000| Complete 
| 898|0x0000000770400000, 0x0000000770600000, 0x0000000770600000|100%| E|CS|TAMS 0x0000000770400000| PB 0x0000000770400000| Complete 
| 899|0x0000000770600000, 0x0000000770800000, 0x0000000770800000|100%| E|CS|TAMS 0x0000000770600000| PB 0x0000000770600000| Complete 
| 900|0x0000000770800000, 0x0000000770a00000, 0x0000000770a00000|100%| E|CS|TAMS 0x0000000770800000| PB 0x0000000770800000| Complete 
| 901|0x0000000770a00000, 0x0000000770c00000, 0x0000000770c00000|100%| E|CS|TAMS 0x0000000770a00000| PB 0x0000000770a00000| Complete 
| 902|0x0000000770c00000, 0x0000000770e00000, 0x0000000770e00000|100%| E|CS|TAMS 0x0000000770c00000| PB 0x0000000770c00000| Complete 
| 903|0x0000000770e00000, 0x0000000771000000, 0x0000000771000000|100%| E|CS|TAMS 0x0000000770e00000| PB 0x0000000770e00000| Complete 
| 904|0x0000000771000000, 0x0000000771200000, 0x0000000771200000|100%| E|CS|TAMS 0x0000000771000000| PB 0x0000000771000000| Complete 
| 905|0x0000000771200000, 0x0000000771400000, 0x0000000771400000|100%| E|CS|TAMS 0x0000000771200000| PB 0x0000000771200000| Complete 
| 906|0x0000000771400000, 0x0000000771600000, 0x0000000771600000|100%| E|CS|TAMS 0x0000000771400000| PB 0x0000000771400000| Complete 
| 907|0x0000000771600000, 0x0000000771800000, 0x0000000771800000|100%| E|CS|TAMS 0x0000000771600000| PB 0x0000000771600000| Complete 
| 908|0x0000000771800000, 0x0000000771a00000, 0x0000000771a00000|100%| E|CS|TAMS 0x0000000771800000| PB 0x0000000771800000| Complete 
| 909|0x0000000771a00000, 0x0000000771c00000, 0x0000000771c00000|100%| E|CS|TAMS 0x0000000771a00000| PB 0x0000000771a00000| Complete 
| 910|0x0000000771c00000, 0x0000000771e00000, 0x0000000771e00000|100%| E|CS|TAMS 0x0000000771c00000| PB 0x0000000771c00000| Complete 
| 911|0x0000000771e00000, 0x0000000772000000, 0x0000000772000000|100%| E|CS|TAMS 0x0000000771e00000| PB 0x0000000771e00000| Complete 
| 912|0x0000000772000000, 0x0000000772200000, 0x0000000772200000|100%| E|CS|TAMS 0x0000000772000000| PB 0x0000000772000000| Complete 
| 913|0x0000000772200000, 0x0000000772400000, 0x0000000772400000|100%| E|CS|TAMS 0x0000000772200000| PB 0x0000000772200000| Complete 
| 914|0x0000000772400000, 0x0000000772600000, 0x0000000772600000|100%| E|CS|TAMS 0x0000000772400000| PB 0x0000000772400000| Complete 
| 915|0x0000000772600000, 0x0000000772800000, 0x0000000772800000|100%| E|  |TAMS 0x0000000772600000| PB 0x0000000772600000| Complete 
| 916|0x0000000772800000, 0x0000000772a00000, 0x0000000772a00000|100%| E|CS|TAMS 0x0000000772800000| PB 0x0000000772800000| Complete 
| 917|0x0000000772a00000, 0x0000000772c00000, 0x0000000772c00000|100%| E|CS|TAMS 0x0000000772a00000| PB 0x0000000772a00000| Complete 
| 918|0x0000000772c00000, 0x0000000772e00000, 0x0000000772e00000|100%| E|CS|TAMS 0x0000000772c00000| PB 0x0000000772c00000| Complete 
| 919|0x0000000772e00000, 0x0000000773000000, 0x0000000773000000|100%| E|CS|TAMS 0x0000000772e00000| PB 0x0000000772e00000| Complete 
| 920|0x0000000773000000, 0x0000000773200000, 0x0000000773200000|100%| E|CS|TAMS 0x0000000773000000| PB 0x0000000773000000| Complete 
| 921|0x0000000773200000, 0x0000000773400000, 0x0000000773400000|100%| E|CS|TAMS 0x0000000773200000| PB 0x0000000773200000| Complete 
| 922|0x0000000773400000, 0x0000000773600000, 0x0000000773600000|100%| E|CS|TAMS 0x0000000773400000| PB 0x0000000773400000| Complete 
| 923|0x0000000773600000, 0x0000000773800000, 0x0000000773800000|100%| E|CS|TAMS 0x0000000773600000| PB 0x0000000773600000| Complete 
| 924|0x0000000773800000, 0x0000000773a00000, 0x0000000773a00000|100%| E|CS|TAMS 0x0000000773800000| PB 0x0000000773800000| Complete 
| 925|0x0000000773a00000, 0x0000000773c00000, 0x0000000773c00000|100%| E|CS|TAMS 0x0000000773a00000| PB 0x0000000773a00000| Complete 
| 926|0x0000000773c00000, 0x0000000773d80048, 0x0000000773e00000| 75%| S|CS|TAMS 0x0000000773c00000| PB 0x0000000773c00000| Complete 
| 927|0x0000000773e00000, 0x0000000774000000, 0x0000000774000000|100%| S|CS|TAMS 0x0000000773e00000| PB 0x0000000773e00000| Complete 
| 928|0x0000000774000000, 0x0000000774200000, 0x0000000774200000|100%| S|CS|TAMS 0x0000000774000000| PB 0x0000000774000000| Complete 
| 929|0x0000000774200000, 0x0000000774400000, 0x0000000774400000|100%| S|CS|TAMS 0x0000000774200000| PB 0x0000000774200000| Complete 
| 930|0x0000000774400000, 0x0000000774600000, 0x0000000774600000|100%| S|CS|TAMS 0x0000000774400000| PB 0x0000000774400000| Complete 
| 931|0x0000000774600000, 0x0000000774800000, 0x0000000774800000|100%| S|CS|TAMS 0x0000000774600000| PB 0x0000000774600000| Complete 
|2031|0x00000007fde00000, 0x00000007fe000000, 0x00000007fe000000|100%| O|  |TAMS 0x00000007fe000000| PB 0x00000007fe000000| Updating 
|2032|0x00000007fe000000, 0x00000007fe200000, 0x00000007fe200000|100%| E|CS|TAMS 0x00000007fe000000| PB 0x00000007fe000000| Complete 
|2033|0x00000007fe200000, 0x00000007fe400000, 0x00000007fe400000|100%| E|CS|TAMS 0x00000007fe200000| PB 0x00000007fe200000| Complete 
|2034|0x00000007fe400000, 0x00000007fe600000, 0x00000007fe600000|100%| E|CS|TAMS 0x00000007fe400000| PB 0x00000007fe400000| Complete 
|2035|0x00000007fe600000, 0x00000007fe800000, 0x00000007fe800000|100%| E|CS|TAMS 0x00000007fe600000| PB 0x00000007fe600000| Complete 
|2036|0x00000007fe800000, 0x00000007fea00000, 0x00000007fea00000|100%| E|CS|TAMS 0x00000007fe800000| PB 0x00000007fe800000| Complete 
|2037|0x00000007fea00000, 0x00000007fec00000, 0x00000007fec00000|100%| O|  |TAMS 0x00000007fec00000| PB 0x00000007fec00000| Updating 
|2038|0x00000007fec00000, 0x00000007fee00000, 0x00000007fee00000|100%| O|  |TAMS 0x00000007fee00000| PB 0x00000007fee00000| Updating 
|2039|0x00000007fee00000, 0x00000007ff000000, 0x00000007ff000000|100%| E|CS|TAMS 0x00000007fee00000| PB 0x00000007fee00000| Complete 
|2040|0x00000007ff000000, 0x00000007ff200000, 0x00000007ff200000|100%| O|  |TAMS 0x00000007ff200000| PB 0x00000007ff200000| Untracked 
|2041|0x00000007ff200000, 0x00000007ff400000, 0x00000007ff400000|100%| O|  |TAMS 0x00000007ff400000| PB 0x00000007ff400000| Updating 
|2042|0x00000007ff400000, 0x00000007ff600000, 0x00000007ff600000|100%| E|CS|TAMS 0x00000007ff400000| PB 0x00000007ff400000| Complete 
|2043|0x00000007ff600000, 0x00000007ff800000, 0x00000007ff800000|100%| E|CS|TAMS 0x00000007ff600000| PB 0x00000007ff600000| Complete 
|2044|0x00000007ff800000, 0x00000007ffa00000, 0x00000007ffa00000|100%| O|  |TAMS 0x00000007ffa00000| PB 0x00000007ffa00000| Untracked 
|2045|0x00000007ffa00000, 0x00000007ffc00000, 0x00000007ffc00000|100%| O|  |TAMS 0x00000007ffc00000| PB 0x00000007ffc00000| Untracked 
|2046|0x00000007ffc00000, 0x00000007ffe00000, 0x00000007ffe00000|100%| O|  |TAMS 0x00000007ffe00000| PB 0x00000007ffe00000| Untracked 
|2047|0x00000007ffe00000, 0x0000000800000000, 0x0000000800000000|100%| O|  |TAMS 0x0000000800000000| PB 0x0000000800000000| Untracked 

Card table byte_map: [0x000001cd4bc00000,0x000001cd4c400000] _byte_map_base: 0x000001cd48400000

Marking Bits: (CMBitMap*) 0x000001cd38dad280
 Bits: [0x000001cd4c400000, 0x000001cd50400000)

Polling page: 0x000001cd36c10000

Metaspace:

Usage:
  Non-class:    213.11 MB used.
      Class:     31.35 MB used.
       Both:    244.46 MB used.

Virtual space:
  Non-class space:      256.00 MB reserved,     214.44 MB ( 84%) committed,  4 nodes.
      Class space:      832.00 MB reserved,      32.69 MB (  4%) committed,  1 nodes.
             Both:        1.06 GB reserved,     247.12 MB ( 23%) committed. 

Chunk freelists:
   Non-Class:  9.58 MB
       Class:  15.30 MB
        Both:  24.88 MB

MaxMetaspaceSize: 1.00 GB
CompressedClassSpaceSize: 832.00 MB
Initial GC threshold: 21.00 MB
Current GC threshold: 348.12 MB
CDS: off
 - commit_granule_bytes: 65536.
 - commit_granule_words: 8192.
 - virtual_space_node_default_size: 8388608.
 - enlarge_chunks_in_place: 1.
 - use_allocation_guard: 0.


Internal statistics:

num_allocs_failed_limit: 9.
num_arena_births: 5892.
num_arena_deaths: 504.
num_vsnodes_births: 5.
num_vsnodes_deaths: 0.
num_space_committed: 3965.
num_space_uncommitted: 12.
num_chunks_returned_to_freelist: 877.
num_chunks_taken_from_freelist: 18925.
num_chunk_merges: 208.
num_chunk_splits: 11305.
num_chunks_enlarged: 6014.
num_inconsistent_stats: 0.

CodeHeap 'non-profiled nmethods': size=120000Kb used=21897Kb max_used=25349Kb free=98102Kb
 bounds [0x000001cd43970000, 0x000001cd45250000, 0x000001cd4aea0000]
CodeHeap 'profiled nmethods': size=120000Kb used=51445Kb max_used=62835Kb free=68554Kb
 bounds [0x000001cd3bea0000, 0x000001cd3fc00000, 0x000001cd433d0000]
CodeHeap 'non-nmethods': size=5760Kb used=2319Kb max_used=2389Kb free=3440Kb
 bounds [0x000001cd433d0000, 0x000001cd43640000, 0x000001cd43970000]
CodeCache: size=245760Kb, used=75661Kb, max_used=90573Kb, free=170096Kb
 total_blobs=24485, nmethods=23340, adapters=1045, full_count=0
Compilation: enabled, stopped_count=0, restarted_count=0

Compilation events (20 events):
Event: 34.665 Thread 0x000001cd5328a750 nmethod 38571 0x000001cd444a2d10 code [0x000001cd444a2f20, 0x000001cd444a3858]
Event: 34.665 Thread 0x000001cd532a81f0 nmethod 38594 0x000001cd3ed25b90 code [0x000001cd3ed25de0, 0x000001cd3ed265d0]
Event: 34.665 Thread 0x000001cd5328a750 38590       4       ksp.org.jetbrains.kotlin.analysis.low.level.api.fir.transformers.LLFirLazyResolver::checkTypeParametersAreResolved (61 bytes)
Event: 34.665 Thread 0x000001cd532a81f0 38588       3       java.util.concurrent.atomic.AtomicReferenceFieldUpdater$AtomicReferenceFieldUpdaterImpl::set (23 bytes)
Event: 34.665 Thread 0x000001cd532a81f0 nmethod 38588 0x000001cd3ed25310 code [0x000001cd3ed25500, 0x000001cd3ed259c0]
Event: 34.665 Thread 0x000001cd532a81f0 38583       3       ksp.org.jetbrains.kotlin.analysis.low.level.api.fir.file.builder.JumpingResolutionStatesStack::push (54 bytes)
Event: 34.665 Thread 0x000001cd532a81f0 nmethod 38583 0x000001cd3ed23210 code [0x000001cd3ed235a0, 0x000001cd3ed24c90]
Event: 34.665 Thread 0x000001cd532a81f0 38584       3       ksp.org.jetbrains.kotlin.analysis.low.level.api.fir.file.builder.JumpingResolutionStatesStack$$Lambda/0x0000000801864288::get (4 bytes)
Event: 34.666 Thread 0x000001cd532a81f0 nmethod 38584 0x000001cd3ed22b10 code [0x000001cd3ed22ce0, 0x000001cd3ed23098]
Event: 34.666 Thread 0x000001cd532a81f0 38585       3       ksp.org.jetbrains.kotlin.analysis.low.level.api.fir.file.builder.JumpingResolutionStatesStack::pop (182 bytes)
Event: 34.666 Thread 0x000001cd532a81f0 nmethod 38585 0x000001cd3ed20690 code [0x000001cd3ed20a40, 0x000001cd3ed22228]
Event: 34.666 Thread 0x000001cd532a81f0 38596       3       ksp.org.jetbrains.kotlin.fir.declarations.impl.FirBackingFieldImpl::transformAnnotations (18 bytes)
Event: 34.666 Thread 0x000001cd5328a750 nmethod 38590 0x000001cd441cd010 code [0x000001cd441cd1e0, 0x000001cd441cd478]
Event: 34.667 Thread 0x000001cd532a81f0 nmethod 38596 0x000001cd3ebc0890 code [0x000001cd3ebc0b40, 0x000001cd3ebc16f8]
Event: 34.667 Thread 0x000001cd5328a750 38595       4       ksp.org.jetbrains.org.objectweb.asm.ClassReader::readMethod (1061 bytes)
Event: 34.667 Thread 0x000001cd532a81f0 38575   !   3       com.google.devtools.ksp.impl.symbol.kotlin.AbstractKSDeclarationImpl$parent$2::invoke (294 bytes)
Event: 34.669 Thread 0x000001cd532a81f0 nmethod 38575 0x000001cd3ebbaa10 code [0x000001cd3ebbb100, 0x000001cd3ebbea18]
Event: 34.669 Thread 0x000001cd532a81f0 38598       3       ksp.org.jetbrains.kotlin.fir.declarations.impl.FirEnumEntryImpl::<init> (26 bytes)
Event: 34.669 Thread 0x000001cd532a81f0 nmethod 38598 0x000001cd3ed20210 code [0x000001cd3ed203c0, 0x000001cd3ed20568]
Event: 34.669 Thread 0x000001cd532a81f0 38599       3       ksp.org.jetbrains.kotlin.fir.declarations.impl.FirEnumEntryImpl::<init> (231 bytes)

GC Heap History (20 events):
Event: 23.934 GC heap before
{Heap before GC invocations=72 (full 0):
 garbage-first heap   total 1689600K, used 1449998K [0x0000000700000000, 0x0000000800000000)
  region size 2048K, 219 young (448512K), 7 survivors (14336K)
 Metaspace       used 142744K, committed 145152K, reserved 983040K
  class space    used 19090K, committed 20352K, reserved 851968K
}
Event: 24.006 GC heap after
{Heap after GC invocations=73 (full 0):
 garbage-first heap   total 1689600K, used 980297K [0x0000000700000000, 0x0000000800000000)
  region size 2048K, 28 young (57344K), 28 survivors (57344K)
 Metaspace       used 142744K, committed 145152K, reserved 983040K
  class space    used 19090K, committed 20352K, reserved 851968K
}
Event: 24.984 GC heap before
{Heap before GC invocations=73 (full 0):
 garbage-first heap   total 1689600K, used 1424713K [0x0000000700000000, 0x0000000800000000)
  region size 2048K, 244 young (499712K), 28 survivors (57344K)
 Metaspace       used 150849K, committed 153408K, reserved 1048576K
  class space    used 19967K, committed 21248K, reserved 851968K
}
Event: 25.037 GC heap after
{Heap after GC invocations=74 (full 0):
 garbage-first heap   total 1689600K, used 974589K [0x0000000700000000, 0x0000000800000000)
  region size 2048K, 28 young (57344K), 28 survivors (57344K)
 Metaspace       used 150849K, committed 153408K, reserved 1048576K
  class space    used 19967K, committed 21248K, reserved 851968K
}
Event: 26.549 GC heap before
{Heap before GC invocations=74 (full 0):
 garbage-first heap   total 1689600K, used 1437437K [0x0000000700000000, 0x0000000800000000)
  region size 2048K, 253 young (518144K), 28 survivors (57344K)
 Metaspace       used 164482K, committed 167104K, reserved 1048576K
  class space    used 21686K, committed 22976K, reserved 851968K
}
Event: 26.570 GC heap after
{Heap after GC invocations=75 (full 0):
 garbage-first heap   total 1689600K, used 993128K [0x0000000700000000, 0x0000000800000000)
  region size 2048K, 19 young (38912K), 19 survivors (38912K)
 Metaspace       used 164482K, committed 167104K, reserved 1048576K
  class space    used 21686K, committed 22976K, reserved 851968K
}
Event: 26.720 GC heap before
{Heap before GC invocations=75 (full 0):
 garbage-first heap   total 1689600K, used 1029992K [0x0000000700000000, 0x0000000800000000)
  region size 2048K, 38 young (77824K), 19 survivors (38912K)
 Metaspace       used 164806K, committed 167424K, reserved 1048576K
  class space    used 21719K, committed 23040K, reserved 851968K
}
Event: 26.732 GC heap after
{Heap after GC invocations=76 (full 0):
 garbage-first heap   total 1689600K, used 999549K [0x0000000700000000, 0x0000000800000000)
  region size 2048K, 6 young (12288K), 6 survivors (12288K)
 Metaspace       used 164806K, committed 167424K, reserved 1048576K
  class space    used 21719K, committed 23040K, reserved 851968K
}
Event: 28.820 GC heap before
{Heap before GC invocations=77 (full 0):
 garbage-first heap   total 1689600K, used 1464445K [0x0000000700000000, 0x0000000800000000)
  region size 2048K, 242 young (495616K), 6 survivors (12288K)
 Metaspace       used 179156K, committed 181760K, reserved 1048576K
  class space    used 23654K, committed 24960K, reserved 851968K
}
Event: 28.848 GC heap after
{Heap after GC invocations=78 (full 0):
 garbage-first heap   total 1689600K, used 1033883K [0x0000000700000000, 0x0000000800000000)
  region size 2048K, 31 young (63488K), 31 survivors (63488K)
 Metaspace       used 179156K, committed 181760K, reserved 1048576K
  class space    used 23654K, committed 24960K, reserved 851968K
}
Event: 30.281 GC heap before
{Heap before GC invocations=78 (full 0):
 garbage-first heap   total 1689600K, used 1517211K [0x0000000700000000, 0x0000000800000000)
  region size 2048K, 256 young (524288K), 31 survivors (63488K)
 Metaspace       used 200964K, committed 203648K, reserved 1048576K
  class space    used 26053K, committed 27392K, reserved 851968K
}
Event: 30.344 GC heap after
{Heap after GC invocations=79 (full 0):
 garbage-first heap   total 1689600K, used 1072128K [0x0000000700000000, 0x0000000800000000)
  region size 2048K, 32 young (65536K), 32 survivors (65536K)
 Metaspace       used 200964K, committed 203648K, reserved 1048576K
  class space    used 26053K, committed 27392K, reserved 851968K
}
Event: 31.560 GC heap before
{Heap before GC invocations=79 (full 0):
 garbage-first heap   total 1689600K, used 1502208K [0x0000000700000000, 0x0000000800000000)
  region size 2048K, 243 young (497664K), 32 survivors (65536K)
 Metaspace       used 210591K, committed 213312K, reserved 1048576K
  class space    used 27227K, committed 28608K, reserved 851968K
}
Event: 31.599 GC heap after
{Heap after GC invocations=80 (full 0):
 garbage-first heap   total 1689600K, used 1169408K [0x0000000700000000, 0x0000000800000000)
  region size 2048K, 31 young (63488K), 31 survivors (63488K)
 Metaspace       used 210591K, committed 213312K, reserved 1048576K
  class space    used 27227K, committed 28608K, reserved 851968K
}
Event: 32.953 GC heap before
{Heap before GC invocations=81 (full 0):
 garbage-first heap   total 1943552K, used 1509376K [0x0000000700000000, 0x0000000800000000)
  region size 2048K, 200 young (409600K), 31 survivors (63488K)
 Metaspace       used 221847K, committed 224448K, reserved 1048576K
  class space    used 28633K, committed 29952K, reserved 851968K
}
Event: 32.982 GC heap after
{Heap after GC invocations=82 (full 0):
 garbage-first heap   total 1943552K, used 1221632K [0x0000000700000000, 0x0000000800000000)
  region size 2048K, 25 young (51200K), 25 survivors (51200K)
 Metaspace       used 221847K, committed 224448K, reserved 1048576K
  class space    used 28633K, committed 29952K, reserved 851968K
}
Event: 34.015 GC heap before
{Heap before GC invocations=82 (full 0):
 garbage-first heap   total 1943552K, used 1725440K [0x0000000700000000, 0x0000000800000000)
  region size 2048K, 265 young (542720K), 25 survivors (51200K)
 Metaspace       used 244299K, committed 246976K, reserved 1114112K
  class space    used 31365K, committed 32704K, reserved 851968K
}
Event: 34.059 GC heap after
{Heap after GC invocations=83 (full 0):
 garbage-first heap   total 1943552K, used 1282048K [0x0000000700000000, 0x0000000800000000)
  region size 2048K, 34 young (69632K), 34 survivors (69632K)
 Metaspace       used 244299K, committed 246976K, reserved 1114112K
  class space    used 31365K, committed 32704K, reserved 851968K
}
Event: 34.082 GC heap before
{Heap before GC invocations=83 (full 0):
 garbage-first heap   total 1943552K, used 1294336K [0x0000000700000000, 0x0000000800000000)
  region size 2048K, 42 young (86016K), 34 survivors (69632K)
 Metaspace       used 244318K, committed 246976K, reserved 1114112K
  class space    used 31365K, committed 32704K, reserved 851968K
}
Event: 34.097 GC heap after
{Heap after GC invocations=84 (full 0):
 garbage-first heap   total 1943552K, used 1296896K [0x0000000700000000, 0x0000000800000000)
  region size 2048K, 6 young (12288K), 6 survivors (12288K)
 Metaspace       used 244318K, committed 246976K, reserved 1114112K
  class space    used 31365K, committed 32704K, reserved 851968K
}

Dll operation events (3 events):
Event: 0.006 Loaded shared library D:\iti\Andriod studio\Files\jbr\bin\java.dll
Event: 0.010 Loaded shared library D:\iti\Andriod studio\Files\jbr\bin\zip.dll
Event: 0.311 Loaded shared library D:\iti\Andriod studio\Files\jbr\bin\verify.dll

Deoptimization events (20 events):
Event: 33.985 Thread 0x000001cd5f73e260 DEOPT PACKING pc=0x000001cd44546f0c sp=0x0000002b033fe610
Event: 33.985 Thread 0x000001cd5f73e260 DEOPT UNPACKING pc=0x000001cd43424422 sp=0x0000002b033fe5b0 mode 2
Event: 34.443 Thread 0x000001cd5f0b2b20 DEOPT PACKING pc=0x000001cd3d5a2760 sp=0x0000002b03efed90
Event: 34.443 Thread 0x000001cd5f0b2b20 DEOPT UNPACKING pc=0x000001cd43424bc2 sp=0x0000002b03efe350 mode 0
Event: 34.454 Thread 0x000001cd59e583c0 Uncommon trap: trap_request=0xffffffd6 fr.pc=0x000001cd44b4371c relative=0x00000000000016bc
Event: 34.454 Thread 0x000001cd59e583c0 Uncommon trap: reason=array_check action=maybe_recompile pc=0x000001cd44b4371c method=java.util.ComparableTimSort.mergeLo(IIII)V @ 240 c2
Event: 34.454 Thread 0x000001cd59e583c0 DEOPT PACKING pc=0x000001cd44b4371c sp=0x0000002b00df9e60
Event: 34.454 Thread 0x000001cd59e583c0 DEOPT UNPACKING pc=0x000001cd43424422 sp=0x0000002b00df9e18 mode 2
Event: 34.546 Thread 0x000001cd59e583c0 Uncommon trap: trap_request=0xffffffd6 fr.pc=0x000001cd44c5c188 relative=0x00000000000015c8
Event: 34.546 Thread 0x000001cd59e583c0 Uncommon trap: reason=array_check action=maybe_recompile pc=0x000001cd44c5c188 method=java.util.ComparableTimSort.mergeLo(IIII)V @ 240 c2
Event: 34.546 Thread 0x000001cd59e583c0 DEOPT PACKING pc=0x000001cd44c5c188 sp=0x0000002b00df9e60
Event: 34.546 Thread 0x000001cd59e583c0 DEOPT UNPACKING pc=0x000001cd43424422 sp=0x0000002b00df9e18 mode 2
Event: 34.597 Thread 0x000001cd5e86c850 Uncommon trap: trap_request=0xffffff45 fr.pc=0x000001cd44699f64 relative=0x0000000000000484
Event: 34.597 Thread 0x000001cd5e86c850 Uncommon trap: reason=unstable_if action=reinterpret pc=0x000001cd44699f64 method=ksp.it.unimi.dsi.fastutil.ints.Int2ObjectOpenHashMap.b(I)I @ 56 c2
Event: 34.597 Thread 0x000001cd5e86c850 DEOPT PACKING pc=0x000001cd44699f64 sp=0x0000002b017fbe40
Event: 34.597 Thread 0x000001cd5e86c850 DEOPT UNPACKING pc=0x000001cd43424422 sp=0x0000002b017fbd90 mode 2
Event: 34.597 Thread 0x000001cd60666380 Uncommon trap: trap_request=0xffffff45 fr.pc=0x000001cd43d04dc8 relative=0x00000000000001a8
Event: 34.597 Thread 0x000001cd60666380 Uncommon trap: reason=unstable_if action=reinterpret pc=0x000001cd43d04dc8 method=ksp.it.unimi.dsi.fastutil.ints.Int2ObjectOpenHashMap.b(I)I @ 56 c2
Event: 34.597 Thread 0x000001cd60666380 DEOPT PACKING pc=0x000001cd43d04dc8 sp=0x0000002b016fbcd0
Event: 34.597 Thread 0x000001cd60666380 DEOPT UNPACKING pc=0x000001cd43424422 sp=0x0000002b016fbc60 mode 2

Classes loaded (20 events):
Event: 30.406 Loading class java/nio/channels/Channels$ReadableByteChannelImpl
Event: 30.406 Loading class java/nio/channels/Channels$ReadableByteChannelImpl done
Event: 30.449 Loading class java/nio/channels/NonWritableChannelException
Event: 30.452 Loading class java/nio/channels/NonWritableChannelException done
Event: 30.495 Loading class sun/awt/AppContext$PostShutdownEventRunnable
Event: 30.495 Loading class sun/awt/AppContext$PostShutdownEventRunnable done
Event: 30.495 Loading class sun/awt/AWTAutoShutdown$1
Event: 30.495 Loading class sun/awt/AWTAutoShutdown$1 done
Event: 30.495 Loading class java/awt/AWTEvent$1
Event: 30.495 Loading class sun/awt/AWTAccessor$AWTEventAccessor
Event: 30.495 Loading class sun/awt/AWTAccessor$AWTEventAccessor done
Event: 30.495 Loading class java/awt/AWTEvent$1 done
Event: 31.220 Loading class java/util/Spliterators$AbstractSpliterator
Event: 31.220 Loading class java/util/Spliterators$AbstractSpliterator done
Event: 32.241 Loading class java/util/regex/Pattern$LineEnding
Event: 32.241 Loading class java/util/regex/Pattern$LineEnding done
Event: 32.840 Loading class jdk/internal/math/FloatToDecimal
Event: 32.841 Loading class jdk/internal/math/FloatToDecimal done
Event: 33.331 Loading class java/util/AbstractList$RandomAccessSpliterator
Event: 33.331 Loading class java/util/AbstractList$RandomAccessSpliterator done

Classes unloaded (20 events):
Event: 32.071 Thread 0x000001cd530be550 Unloading class 0x00000008015b27b0 'jdk/internal/jimage/ImageReader$SharedImageReader'
Event: 32.071 Thread 0x000001cd530be550 Unloading class 0x00000008015b24b8 'jdk/internal/jimage/BasicImageReader'
Event: 32.071 Thread 0x000001cd530be550 Unloading class 0x00000008015b2260 'jdk/internal/jimage/ImageReader'
Event: 32.071 Thread 0x000001cd530be550 Unloading class 0x00000008015b2000 'jdk/internal/jrtfs/SystemImage$2'
Event: 32.072 Thread 0x000001cd530be550 Unloading class 0x000000080159ad70 'jdk/internal/jrtfs/SystemImage$$Lambda+0x000000080159ad70'
Event: 32.072 Thread 0x000001cd530be550 Unloading class 0x000000080159ab08 'jdk/internal/jrtfs/ExplodedImage'
Event: 32.072 Thread 0x000001cd530be550 Unloading class 0x000000080159a898 'jdk/internal/jrtfs/SystemImage$1'
Event: 32.072 Thread 0x000001cd530be550 Unloading class 0x000000080159a648 'jdk/internal/jrtfs/SystemImage'
Event: 32.072 Thread 0x000001cd530be550 Unloading class 0x000000080159a3b0 'jdk/internal/jrtfs/JrtFileStore'
Event: 32.072 Thread 0x000001cd530be550 Unloading class 0x000000080159a000 'jdk/internal/jrtfs/JrtPath'
Event: 32.072 Thread 0x000001cd530be550 Unloading class 0x0000000801591328 'jdk/internal/jrtfs/JrtFileSystem'
Event: 32.072 Thread 0x000001cd530be550 Unloading class 0x0000000801591000 'jdk/internal/jrtfs/JrtFileSystemProvider'
Event: 34.673 Thread 0x000001cd530be550 Unloading class 0x00000008017a9400 'java/lang/invoke/LambdaForm$DMH+0x00000008017a9400'
Event: 34.673 Thread 0x000001cd530be550 Unloading class 0x00000008017a9000 'java/lang/invoke/LambdaForm$DMH+0x00000008017a9000'
Event: 34.673 Thread 0x000001cd530be550 Unloading class 0x00000008017aa000 'java/lang/invoke/LambdaForm$DMH+0x00000008017aa000'
Event: 34.673 Thread 0x000001cd530be550 Unloading class 0x00000008017aa400 'java/lang/invoke/LambdaForm$DMH+0x00000008017aa400'
Event: 34.673 Thread 0x000001cd530be550 Unloading class 0x0000000801b29000 'java/lang/invoke/LambdaForm$DMH+0x0000000801b29000'
Event: 34.673 Thread 0x000001cd530be550 Unloading class 0x0000000801b28c00 'java/lang/invoke/LambdaForm$DMH+0x0000000801b28c00'
Event: 34.673 Thread 0x000001cd530be550 Unloading class 0x0000000801b28400 'java/lang/invoke/LambdaForm$DMH+0x0000000801b28400'
Event: 34.673 Thread 0x000001cd530be550 Unloading class 0x0000000801b28800 'java/lang/invoke/LambdaForm$DMH+0x0000000801b28800'

Classes redefined (0 events):
No events

Internal exceptions (20 events):
Event: 34.081 Thread 0x000001cd5af5f3b0 Exception <a 'sun/nio/fs/WindowsException'{0x00000007ff765d68}> (0x00000007ff765d68) 
thrown [s\src\hotspot\share\prims\jni.cpp, line 537]
Event: 34.081 Thread 0x000001cd5af5f3b0 Exception <a 'sun/nio/fs/WindowsException'{0x00000007ff767ed8}> (0x00000007ff767ed8) 
thrown [s\src\hotspot\share\prims\jni.cpp, line 537]
Event: 34.081 Thread 0x000001cd5af5f3b0 Exception <a 'sun/nio/fs/WindowsException'{0x00000007ff7689b8}> (0x00000007ff7689b8) 
thrown [s\src\hotspot\share\prims\jni.cpp, line 537]
Event: 34.082 Thread 0x000001cd5af5f3b0 Exception <a 'sun/nio/fs/WindowsException'{0x00000007ff76a7d0}> (0x00000007ff76a7d0) 
thrown [s\src\hotspot\share\prims\jni.cpp, line 537]
Event: 34.082 Thread 0x000001cd5af5f3b0 Exception <a 'sun/nio/fs/WindowsException'{0x00000007ff76c2b0}> (0x00000007ff76c2b0) 
thrown [s\src\hotspot\share\prims\jni.cpp, line 537]
Event: 34.105 Thread 0x000001cd5af5f3b0 Exception <a 'sun/nio/fs/WindowsException'{0x00000007feed5a60}> (0x00000007feed5a60) 
thrown [s\src\hotspot\share\prims\jni.cpp, line 537]
Event: 34.381 Thread 0x000001cd5e86c850 Exception <a 'java/lang/IncompatibleClassChangeError'{0x0000000773556208}: Found class java.lang.Object, but interface was expected> (0x0000000773556208) 
thrown [s\src\hotspot\share\interpreter\linkResolver.cpp, line 851]
Event: 34.434 Thread 0x000001cd60666380 Exception <a 'java/lang/IncompatibleClassChangeError'{0x0000000772f771e0}: Found class java.lang.Object, but interface was expected> (0x0000000772f771e0) 
thrown [s\src\hotspot\share\interpreter\linkResolver.cpp, line 851]
Event: 34.492 Thread 0x000001cd5fd3daa0 Exception <a 'java/lang/IncompatibleClassChangeError'{0x00000007719456b8}: Found class java.lang.Object, but interface was expected> (0x00000007719456b8) 
thrown [s\src\hotspot\share\interpreter\linkResolver.cpp, line 851]
Event: 34.503 Thread 0x000001cd5e86bb30 Exception <a 'java/lang/IncompatibleClassChangeError'{0x0000000771754d40}: Found class java.lang.Object, but interface was expected> (0x0000000771754d40) 
thrown [s\src\hotspot\share\interpreter\linkResolver.cpp, line 851]
Event: 34.511 Thread 0x000001cd5f468a40 Exception <a 'java/lang/IncompatibleClassChangeError'{0x00000007716da530}: Found class java.lang.Object, but interface was expected> (0x00000007716da530) 
thrown [s\src\hotspot\share\interpreter\linkResolver.cpp, line 851]
Event: 34.566 Thread 0x000001cd5af5f3b0 Exception <a 'sun/nio/fs/WindowsException'{0x00000007feed7a20}> (0x00000007feed7a20) 
thrown [s\src\hotspot\share\prims\jni.cpp, line 537]
Event: 34.568 Thread 0x000001cd5b8e5ed0 Exception <a 'java/lang/IncompatibleClassChangeError'{0x00000007717e6cf0}: Found class java.lang.Object, but interface was expected> (0x00000007717e6cf0) 
thrown [s\src\hotspot\share\interpreter\linkResolver.cpp, line 851]
Event: 34.619 Thread 0x000001cd5fd3daa0 Exception <a 'java/lang/IncompatibleClassChangeError'{0x000000076e3533b0}: Found class java.lang.Object, but interface was expected> (0x000000076e3533b0) 
thrown [s\src\hotspot\share\interpreter\linkResolver.cpp, line 851]
Event: 34.628 Thread 0x000001cd5e86bb30 Exception <a 'java/lang/IncompatibleClassChangeError'{0x000000076e19b450}: Found class java.lang.Object, but interface was expected> (0x000000076e19b450) 
thrown [s\src\hotspot\share\interpreter\linkResolver.cpp, line 851]
Event: 34.630 Thread 0x000001cd5f468a40 Exception <a 'java/lang/IncompatibleClassChangeError'{0x000000076df04f30}: Found class java.lang.Object, but interface was expected> (0x000000076df04f30) 
thrown [s\src\hotspot\share\interpreter\linkResolver.cpp, line 851]
Event: 34.631 Thread 0x000001cd5e86c850 Exception <a 'java/lang/IncompatibleClassChangeError'{0x000000076e098628}: Found class java.lang.Object, but interface was expected> (0x000000076e098628) 
thrown [s\src\hotspot\share\interpreter\linkResolver.cpp, line 851]
Event: 34.646 Thread 0x000001cd59e583c0 Exception <a 'sun/nio/fs/WindowsException'{0x000000076ec7bbf0}> (0x000000076ec7bbf0) 
thrown [s\src\hotspot\share\prims\jni.cpp, line 537]
Event: 34.646 Thread 0x000001cd59e583c0 Exception <a 'sun/nio/fs/WindowsException'{0x000000076ec7d788}> (0x000000076ec7d788) 
thrown [s\src\hotspot\share\prims\jni.cpp, line 537]
Event: 34.646 Thread 0x000001cd59e583c0 Exception <a 'sun/nio/fs/WindowsException'{0x000000076ec7f328}> (0x000000076ec7f328) 
thrown [s\src\hotspot\share\prims\jni.cpp, line 537]

ZGC Phase Switch (0 events):
No events

VM Operations (20 events):
Event: 33.155 Executing non-safepoint VM operation: HandshakeAllThreads (Deoptimize) done
Event: 33.264 Executing safepoint VM operation: ICBufferFull
Event: 33.265 Executing safepoint VM operation: ICBufferFull done
Event: 33.401 Executing safepoint VM operation: ICBufferFull
Event: 33.403 Executing safepoint VM operation: ICBufferFull done
Event: 33.513 Executing non-safepoint VM operation: HandshakeAllThreads (Deoptimize)
Event: 33.560 Executing non-safepoint VM operation: HandshakeAllThreads (Deoptimize) done
Event: 33.674 Executing safepoint VM operation: ICBufferFull
Event: 33.683 Executing safepoint VM operation: ICBufferFull done
Event: 33.908 Executing safepoint VM operation: ICBufferFull
Event: 33.915 Executing safepoint VM operation: ICBufferFull done
Event: 34.013 Executing safepoint VM operation: G1CollectForAllocation (G1 Evacuation Pause)
Event: 34.059 Executing safepoint VM operation: G1CollectForAllocation (G1 Evacuation Pause) done
Event: 34.082 Executing safepoint VM operation: G1TryInitiateConcMark (G1 Humongous Allocation)
Event: 34.097 Executing safepoint VM operation: G1TryInitiateConcMark (G1 Humongous Allocation) done
Event: 34.470 Executing non-safepoint VM operation: HandshakeAllThreads (Deoptimize)
Event: 34.561 Executing non-safepoint VM operation: HandshakeAllThreads (Deoptimize) done
Event: 34.571 Executing non-safepoint VM operation: HandshakeAllThreads (Deoptimize)
Event: 34.591 Executing non-safepoint VM operation: HandshakeAllThreads (Deoptimize) done
Event: 34.672 Executing safepoint VM operation: G1PauseRemark

Memory protections (0 events):
No events

Nmethod flushes (20 events):
Event: 34.689 Thread 0x000001cd530be550 flushing  nmethod 0x000001cd3f461410
Event: 34.689 Thread 0x000001cd530be550 flushing  nmethod 0x000001cd3f462310
Event: 34.689 Thread 0x000001cd530be550 flushing  nmethod 0x000001cd3f462990
Event: 34.689 Thread 0x000001cd530be550 flushing  nmethod 0x000001cd3f463010
Event: 34.689 Thread 0x000001cd530be550 flushing  nmethod 0x000001cd3f463710
Event: 34.689 Thread 0x000001cd530be550 flushing  nmethod 0x000001cd3f4e2c90
Event: 34.689 Thread 0x000001cd530be550 flushing  nmethod 0x000001cd3f4e3c10
Event: 34.689 Thread 0x000001cd530be550 flushing  nmethod 0x000001cd3f4e7710
Event: 34.689 Thread 0x000001cd530be550 flushing  nmethod 0x000001cd3f4e7e10
Event: 34.689 Thread 0x000001cd530be550 flushing  nmethod 0x000001cd3f531410
Event: 34.689 Thread 0x000001cd530be550 flushing  nmethod 0x000001cd3f533590
Event: 34.689 Thread 0x000001cd530be550 flushing  nmethod 0x000001cd3f533f10
Event: 34.689 Thread 0x000001cd530be550 flushing  nmethod 0x000001cd3f535a90
Event: 34.689 Thread 0x000001cd530be550 flushing  nmethod 0x000001cd3f536890
Event: 34.689 Thread 0x000001cd530be550 flushing  nmethod 0x000001cd3f539610
Event: 34.689 Thread 0x000001cd530be550 flushing  nmethod 0x000001cd3f539a90
Event: 34.689 Thread 0x000001cd530be550 flushing  nmethod 0x000001cd3f5a1410
Event: 34.689 Thread 0x000001cd530be550 flushing  nmethod 0x000001cd3f63e410
Event: 34.689 Thread 0x000001cd530be550 flushing  nmethod 0x000001cd3f645690
Event: 34.689 Thread 0x000001cd530be550 flushing  nmethod 0x000001cd3f704190

Events (20 events):
Event: 27.192 Thread 0x000001cd5adb7af0 Thread exited: 0x000001cd5adb7af0
Event: 27.477 Thread 0x000001cd532a81f0 Thread added: 0x000001cd5adb9630
Event: 28.173 Thread 0x000001cd5fd3daa0 Thread added: 0x000001cd5adccb30
Event: 28.196 Thread 0x000001cd5fd3daa0 Thread added: 0x000001cd69b88180
Event: 28.805 Thread 0x000001cd5f4662e0 Thread added: 0x000001cd69b87460
Event: 28.805 Thread 0x000001cd5af5f3b0 Thread added: 0x000001cd5b8112a0
Event: 28.805 Thread 0x000001cd5fd3daa0 Thread added: 0x000001cd53a29490
Event: 28.805 Thread 0x000001cd5e86bb30 Thread added: 0x000001cd6b3b5250
Event: 28.805 Thread 0x000001cd5e86c850 Thread added: 0x000001cd5f0b3840
Event: 28.805 Thread 0x000001cd5f468a40 Thread added: 0x000001cd53a8b3d0
Event: 28.805 Thread 0x000001cd60666380 Thread added: 0x000001cd53a8c0f0
Event: 28.815 Thread 0x000001cd5b8e5ed0 Thread added: 0x000001cd6b3b8d60
Event: 28.849 Thread 0x000001cd69b87460 Thread added: 0x000001cd53a28e00
Event: 28.850 Thread 0x000001cd69b87460 Thread added: 0x000001cd53a29b20
Event: 28.850 Thread 0x000001cd69b87460 Thread added: 0x000001cd53a2aed0
Event: 29.287 Loaded shared library D:\iti\Andriod studio\Files\jbr\bin\awt.dll
Event: 29.370 Thread 0x000001cd60666380 Thread added: 0x000001cd608a05c0
Event: 29.371 Thread 0x000001cd60666380 Thread added: 0x000001cd53a280e0
Event: 29.416 Thread 0x000001cd60666380 Thread added: 0x000001cd53a885e0
Event: 30.495 Thread 0x000001cd53a280e0 Thread exited: 0x000001cd53a280e0


Dynamic libraries:
0x00007ff7a5f30000 - 0x00007ff7a5f3a000 	D:\iti\Andriod studio\Files\jbr\bin\java.exe
0x00007ffdef080000 - 0x00007ffdef2e8000 	C:\WINDOWS\SYSTEM32\ntdll.dll
0x00007ffdece80000 - 0x00007ffdecf49000 	C:\WINDOWS\System32\KERNEL32.DLL
0x00007ffdebe40000 - 0x00007ffdec231000 	C:\WINDOWS\System32\KERNELBASE.dll
0x00007ffdecab0000 - 0x00007ffdecbfb000 	C:\WINDOWS\System32\ucrtbase.dll
0x00007ffde1270000 - 0x00007ffde128b000 	D:\iti\Andriod studio\Files\jbr\bin\VCRUNTIME140.dll
0x00007ffdd3e60000 - 0x00007ffdd3e78000 	D:\iti\Andriod studio\Files\jbr\bin\jli.dll
0x00007ffdee940000 - 0x00007ffdeeb06000 	C:\WINDOWS\System32\USER32.dll
0x00007ffdd1b40000 - 0x00007ffdd1dd3000 	C:\WINDOWS\WinSxS\amd64_microsoft.windows.common-controls_6595b64144ccf1df_6.0.26100.7653_none_3e0b88a0e3318624\COMCTL32.dll
0x00007ffdeba20000 - 0x00007ffdeba47000 	C:\WINDOWS\System32\win32u.dll
0x00007ffdee4a0000 - 0x00007ffdee549000 	C:\WINDOWS\System32\msvcrt.dll
0x00007ffded310000 - 0x00007ffded33b000 	C:\WINDOWS\System32\GDI32.dll
0x00007ffdebd10000 - 0x00007ffdebe3b000 	C:\WINDOWS\System32\gdi32full.dll
0x00007ffdecd70000 - 0x00007ffdece13000 	C:\WINDOWS\System32\msvcp_win.dll
0x00007ffdece40000 - 0x00007ffdece71000 	C:\WINDOWS\System32\IMM32.DLL
0x00007ffde6870000 - 0x00007ffde687c000 	D:\iti\Andriod studio\Files\jbr\bin\vcruntime140_1.dll
0x00007ffdae3d0000 - 0x00007ffdae45d000 	D:\iti\Andriod studio\Files\jbr\bin\msvcp140.dll
0x00007ffce9830000 - 0x00007ffcea4c6000 	D:\iti\Andriod studio\Files\jbr\bin\server\jvm.dll
0x00007ffdee3e0000 - 0x00007ffdee494000 	C:\WINDOWS\System32\ADVAPI32.dll
0x00007ffded910000 - 0x00007ffded9b6000 	C:\WINDOWS\System32\sechost.dll
0x00007ffdecf50000 - 0x00007ffded068000 	C:\WINDOWS\System32\RPCRT4.dll
0x00007ffdee8c0000 - 0x00007ffdee934000 	C:\WINDOWS\System32\WS2_32.dll
0x00007ffdea560000 - 0x00007ffdea5be000 	C:\WINDOWS\SYSTEM32\POWRPROF.dll
0x00007ffde2430000 - 0x00007ffde2465000 	C:\WINDOWS\SYSTEM32\WINMM.dll
0x00007ffdda7d0000 - 0x00007ffdda7db000 	C:\WINDOWS\SYSTEM32\VERSION.dll
0x00007ffdea540000 - 0x00007ffdea554000 	C:\WINDOWS\SYSTEM32\UMPDC.dll
0x00007ffdea830000 - 0x00007ffdea84b000 	C:\WINDOWS\SYSTEM32\kernel.appcore.dll
0x00007ffde24a0000 - 0x00007ffde24aa000 	D:\iti\Andriod studio\Files\jbr\bin\jimage.dll
0x00007ffde9960000 - 0x00007ffde9ba2000 	C:\WINDOWS\SYSTEM32\DBGHELP.DLL
0x00007ffded340000 - 0x00007ffded6c6000 	C:\WINDOWS\System32\combase.dll
0x00007ffded7b0000 - 0x00007ffded887000 	C:\WINDOWS\System32\OLEAUT32.dll
0x00007ffdd33e0000 - 0x00007ffdd341b000 	C:\WINDOWS\SYSTEM32\dbgcore.DLL
0x00007ffdebae0000 - 0x00007ffdebb85000 	C:\WINDOWS\System32\bcryptPrimitives.dll
0x00007ffde3e40000 - 0x00007ffde3e4e000 	D:\iti\Andriod studio\Files\jbr\bin\instrument.dll
0x00007ffdd3ed0000 - 0x00007ffdd3ef0000 	D:\iti\Andriod studio\Files\jbr\bin\java.dll
0x00007ffdd3eb0000 - 0x00007ffdd3ec8000 	D:\iti\Andriod studio\Files\jbr\bin\zip.dll
0x00007ffdedc80000 - 0x00007ffdee3d1000 	C:\WINDOWS\System32\SHELL32.dll
0x00007ffdecc00000 - 0x00007ffdecd6a000 	C:\WINDOWS\System32\wintypes.dll
0x00007ffdec240000 - 0x00007ffdecaa4000 	C:\WINDOWS\System32\windows.storage.dll
0x00007ffded210000 - 0x00007ffded306000 	C:\WINDOWS\System32\SHCORE.dll
0x00007ffdee800000 - 0x00007ffdee867000 	C:\WINDOWS\System32\shlwapi.dll
0x00007ffdeb880000 - 0x00007ffdeb8a8000 	C:\WINDOWS\SYSTEM32\profapi.dll
0x00007ffddc660000 - 0x00007ffddc670000 	D:\iti\Andriod studio\Files\jbr\bin\net.dll
0x00007ffde4f50000 - 0x00007ffde5077000 	C:\WINDOWS\SYSTEM32\WINHTTP.dll
0x00007ffdeada0000 - 0x00007ffdeae0b000 	C:\WINDOWS\system32\mswsock.dll
0x00007ffdd3e90000 - 0x00007ffdd3ea6000 	D:\iti\Andriod studio\Files\jbr\bin\nio.dll
0x00007ffddc5f0000 - 0x00007ffddc600000 	D:\iti\Andriod studio\Files\jbr\bin\verify.dll
0x00007ffdbca50000 - 0x00007ffdbca77000 	C:\Users\Hazem\.gradle\native\660c5614fbf4a5f2a75b1949f50a0caf5cd603558e7d8a26e50b933a0cfb79d1\windows-amd64\native-platform.dll
0x00007ffda95f0000 - 0x00007ffda9667000 	C:\Users\Hazem\.gradle\native\0.2.8\x86_64-windows-gnu\gradle-fileevents.dll
0x00007ffddb720000 - 0x00007ffddb729000 	D:\iti\Andriod studio\Files\jbr\bin\management.dll
0x00007ffdd4850000 - 0x00007ffdd485b000 	D:\iti\Andriod studio\Files\jbr\bin\management_ext.dll
0x00007ffdee580000 - 0x00007ffdee588000 	C:\WINDOWS\System32\PSAPI.DLL
0x00007ffdea220000 - 0x00007ffdea254000 	C:\WINDOWS\SYSTEM32\IPHLPAPI.DLL
0x00007ffdece30000 - 0x00007ffdece3a000 	C:\WINDOWS\System32\NSI.dll
0x00007ffddb940000 - 0x00007ffddb949000 	D:\iti\Andriod studio\Files\jbr\bin\extnet.dll
0x00007ffdeb060000 - 0x00007ffdeb07b000 	C:\WINDOWS\SYSTEM32\CRYPTSP.dll
0x00007ffdea790000 - 0x00007ffdea7c9000 	C:\WINDOWS\system32\rsaenh.dll
0x00007ffdeae50000 - 0x00007ffdeae7b000 	C:\WINDOWS\SYSTEM32\USERENV.dll
0x00007ffdeb850000 - 0x00007ffdeb87a000 	C:\WINDOWS\SYSTEM32\bcrypt.dll
0x00007ffdeb080000 - 0x00007ffdeb08c000 	C:\WINDOWS\SYSTEM32\CRYPTBASE.dll
0x00007ffdc47a0000 - 0x00007ffdc47a8000 	C:\WINDOWS\system32\wshunix.dll
0x00007ffdea950000 - 0x00007ffdea986000 	C:\WINDOWS\SYSTEM32\ntmarta.dll
0x00007ffd947a0000 - 0x00007ffd947b8000 	C:\WINDOWS\system32\napinsp.dll
0x00007ffdea260000 - 0x00007ffdea38c000 	C:\WINDOWS\SYSTEM32\DNSAPI.dll
0x00007ffd94780000 - 0x00007ffd94792000 	C:\WINDOWS\System32\winrnr.dll
0x00007ffdcd5e0000 - 0x00007ffdcd602000 	C:\WINDOWS\system32\nlansp_c.dll
0x00007ffde1a10000 - 0x00007ffde1a26000 	C:\WINDOWS\system32\wshbth.dll
0x00007ffde5170000 - 0x00007ffde517b000 	C:\Windows\System32\rasadhlp.dll
0x00007ffde51b0000 - 0x00007ffde5236000 	C:\WINDOWS\System32\fwpuclnt.dll
0x00007ffdd3e50000 - 0x00007ffdd3e57000 	D:\iti\Andriod studio\Files\jbr\bin\rmi.dll
0x00007ffd83690000 - 0x00007ffd83829000 	D:\iti\Andriod studio\Files\jbr\bin\awt.dll
0x00007ffde8e30000 - 0x00007ffde8e61000 	C:\WINDOWS\SYSTEM32\dwmapi.dll
0x00007ffdbc4b0000 - 0x00007ffdbc4f4000 	D:\iti\Andriod studio\Files\jbr\bin\nvdaControllerClient64.dll
0x00007ffdd1a00000 - 0x00007ffdd1a79000 	C:\WINDOWS\SYSTEM32\OLEACC.dll
0x00007ffde8a20000 - 0x00007ffde8abe000 	C:\WINDOWS\SYSTEM32\apphelp.dll
0x00007ffde8b80000 - 0x00007ffde8c2b000 	C:\WINDOWS\system32\uxtheme.dll
0x00007ffdee690000 - 0x00007ffdee7ef000 	C:\WINDOWS\System32\MSCTF.dll
0x00007ffded070000 - 0x00007ffded207000 	C:\WINDOWS\System32\ole32.dll

JVMTI agents:
C:\Users\Hazem\.gradle\wrapper\dists\gradle-9.4.1-bin\arn2x92ynaizyzdaamcbpbhtj\gradle-9.4.1\lib\agents\gradle-instrumentation-agent-9.4.1.jar path:D:\iti\Andriod studio\Files\jbr\bin\instrument.dll, loaded, initialized, instrumentlib options:none

dbghelp: loaded successfully - version: 4.0.5 - missing functions: none
symbol engine: initialized successfully - sym options: 0x614 - pdb path: .;D:\iti\Andriod studio\Files\jbr\bin;C:\WINDOWS\SYSTEM32;C:\WINDOWS\WinSxS\amd64_microsoft.windows.common-controls_6595b64144ccf1df_6.0.26100.7653_none_3e0b88a0e3318624;D:\iti\Andriod studio\Files\jbr\bin\server;C:\Users\Hazem\.gradle\native\660c5614fbf4a5f2a75b1949f50a0caf5cd603558e7d8a26e50b933a0cfb79d1\windows-amd64;C:\Users\Hazem\.gradle\native\0.2.8\x86_64-windows-gnu

VM Arguments:
jvm_args: --add-opens=java.base/java.lang=ALL-UNNAMED --add-opens=java.base/java.lang.invoke=ALL-UNNAMED --add-opens=java.base/java.util=ALL-UNNAMED --add-opens=java.prefs/java.util.prefs=ALL-UNNAMED --add-exports=jdk.compiler/com.sun.tools.javac.api=ALL-UNNAMED --add-exports=jdk.compiler/com.sun.tools.javac.util=ALL-UNNAMED --add-opens=java.base/java.util=ALL-UNNAMED --add-opens=java.prefs/java.util.prefs=ALL-UNNAMED --add-opens=java.base/java.nio.charset=ALL-UNNAMED --add-opens=java.base/java.net=ALL-UNNAMED --add-opens=java.base/java.util.concurrent=ALL-UNNAMED --add-opens=java.base/java.util.concurrent.atomic=ALL-UNNAMED --add-opens=java.xml/javax.xml.namespace=ALL-UNNAMED --add-opens=java.base/java.time=ALL-UNNAMED -XX:MaxMetaspaceSize=1024m -Xmx4096m -Dfile.encoding=UTF-8 -Duser.country=US -Duser.language=en -Duser.variant -javaagent:C:\Users\Hazem\.gradle\wrapper\dists\gradle-9.4.1-bin\arn2x92ynaizyzdaamcbpbhtj\gradle-9.4.1\lib\agents\gradle-instrumentation-agent-9.4.1.jar 
java_command: org.gradle.launcher.daemon.bootstrap.GradleDaemon 9.4.1
java_class_path (initial): C:\Users\Hazem\.gradle\wrapper\dists\gradle-9.4.1-bin\arn2x92ynaizyzdaamcbpbhtj\gradle-9.4.1\lib\gradle-daemon-main-9.4.1.jar
Launcher Type: SUN_STANDARD

[Global flags]
     intx CICompilerCount                          = 4                                         {product} {ergonomic}
   size_t CompressedClassSpaceSize                 = 872415232                                 {product} {ergonomic}
     uint ConcGCThreads                            = 3                                         {product} {ergonomic}
     uint G1ConcRefinementThreads                  = 10                                        {product} {ergonomic}
   size_t G1HeapRegionSize                         = 2097152                                   {product} {ergonomic}
    uintx GCDrainStackTargetSize                   = 64                                        {product} {ergonomic}
   size_t InitialHeapSize                          = 264241152                                 {product} {ergonomic}
   size_t MarkStackSize                            = 4194304                                   {product} {ergonomic}
   size_t MaxHeapSize                              = 4294967296                                {product} {command line}
   size_t MaxMetaspaceSize                         = 1073741824                                {product} {command line}
   size_t MaxNewSize                               = 2575302656                                {product} {ergonomic}
   size_t MinHeapDeltaBytes                        = 2097152                                   {product} {ergonomic}
   size_t MinHeapSize                              = 8388608                                   {product} {ergonomic}
    uintx NonNMethodCodeHeapSize                   = 5839372                                {pd product} {ergonomic}
    uintx NonProfiledCodeHeapSize                  = 122909434                              {pd product} {ergonomic}
    uintx ProfiledCodeHeapSize                     = 122909434                              {pd product} {ergonomic}
    uintx ReservedCodeCacheSize                    = 251658240                              {pd product} {ergonomic}
     bool SegmentedCodeCache                       = true                                      {product} {ergonomic}
   size_t SoftMaxHeapSize                          = 4294967296                             {manageable} {ergonomic}
     bool UseCompressedOops                        = true                           {product lp64_product} {ergonomic}
     bool UseG1GC                                  = true                                      {product} {ergonomic}
     bool UseLargePagesIndividualAllocation        = false                                  {pd product} {ergonomic}

Logging:
Log output configuration:
 #0: stdout all=warning uptime,level,tags foldmultilines=false
 #1: stderr all=off uptime,level,tags foldmultilines=false

Release file:
JAVA_VERSION="21.0.10" 
MODULES="java.base java.compiler java.datatransfer java.xml java.prefs java.desktop java.instrument java.logging java.management java.security.sasl java.naming java.rmi java.management.rmi java.net.http java.scripting java.security.jgss java.transaction.xa java.sql java.sql.rowset java.xml.crypto java.se java.smartcardio jdk.accessibility jdk.internal.jvmstat jdk.attach jdk.charsets jdk.internal.opt jdk.zipfs jdk.compiler jdk.crypto.ec jdk.crypto.cryptoki jdk.dynalink jdk.hotspot.agent jdk.httpserver jdk.internal.ed jdk.internal.le jdk.internal.vm.ci jdk.jartool jdk.javadoc jdk.jcmd jdk.jdeps jdk.jdwp.agent jdk.jdi jdk.jfr jdk.jlink jdk.jsobject jdk.localedata jdk.management jdk.management.agent jdk.management.jfr jdk.naming.dns jdk.naming.rmi jdk.net jdk.sctp jdk.security.auth jdk.security.jgss jdk.unsupported jdk.unsupported.desktop jdk.xml.dom" 
IMPLEMENTOR="JetBrains s.r.o." 
JAVA_RUNTIME_VERSION="21.0.10+-14961533-b1163.108" 
LIBC="default" 
OS_ARCH="x86_64" 
OS_NAME="Windows" 
SOURCE=".:git:1351622c2ff2" 

Environment Variables:
JAVA_HOME=D:\iti\Andriod studio\Files\jbr
PATH=C:/Users/Hazem/.gemini/antigravity/bin;C:\Users\Hazem\AppData\Roaming\Antigravity\bin;D:\iti\Andriod studio\Files\jbr\bin;C:\Program Files\Java\jre1.8.0_461\bin;C:\Program Files (x86)\Common Files\Oracle\Java\java8path;C:\Windows\system32;C:\Windows;C:\Windows\System32\Wbem;C:\Windows\System32\WindowsPowerShell\v1.0\;C:\Windows\System32\OpenSSH\;C:\WINDOWS\system32;C:\WINDOWS;C:\WINDOWS\System32\Wbem;C:\WINDOWS\System32\WindowsPowerShell\v1.0\;C:\WINDOWS\System32\OpenSSH\;C:\Program Files\nodejs\;C:\Program Files\NVIDIA Corporation\NVIDIA App\NvDLISR;C:\Program Files (x86)\NVIDIA Corporation\PhysX\Common;C:\Program Files\Java\jdk-1.8\bin;C:\Program Files\Git\cmd;C:\Program Files\dotnet\;C:\Program Files\Java\jdk-20\bin;C:\Users\Hazem\AppData\Local\Microsoft\WindowsApps;C:\Users\Hazem\AppData\Local\Programs\Microsoft VS Code\bin;C:\flutter\src\flutter\bin;C:\dart\dart-sdk\bin;C:\Users\Hazem\AppData\Roaming\npm;D:\Antigravity\bin;C:\Users\Hazem\AppData\AndroidCLI
USERNAME=Hazem
OS=Windows_NT
PROCESSOR_IDENTIFIER=Intel64 Family 6 Model 154 Stepping 3, GenuineIntel
TMP=C:\Users\Hazem\AppData\Local\Temp
TEMP=C:\Users\Hazem\AppData\Local\Temp




Periodic native trim disabled

JNI global refs:
JNI global refs: 43, weak refs: 10

JNI global refs memory usage: 835, weak refs: 833

Process memory usage:
Resident Set Size: 2652888K (16% of 16389492K total physical memory with 1821068K free physical memory)

OOME stack traces (most recent first):
Classloader memory used:
Loader java.net.URLClassLoader                                                         : 107M
Loader org.gradle.internal.classloader.VisitableURLClassLoader$InstrumentingVisitableURLClassLoader: 51342K
Loader org.gradle.internal.classloader.VisitableURLClassLoader                         : 42872K
Loader bootstrap                                                                       : 33121K
Loader org.gradle.initialization.MixInLegacyTypesClassLoader                           : 10061K
Loader jdk.internal.reflect.DelegatingClassLoader                                      : 1689K
Loader jdk.internal.jrtfs.JrtFileSystemProvider$JrtFsLoader                            : 322K
Loader jdk.internal.loader.ClassLoaders$PlatformClassLoader                            : 265K
Loader jdk.internal.loader.ClassLoaders$AppClassLoader                                 : 192K
Loader sun.reflect.misc.MethodUtil                                                     : 2984B

Classes loaded by more than one classloader:
Class com.google.common.collect.ImmutableSet$RegularSetBuilderImpl                    : loaded 12 times (x 77B)
Class com.google.common.collect.AbstractIterator                                      : loaded 12 times (x 82B)
Class com.google.common.math.IntMath$1                                                : loaded 12 times (x 71B)
Class com.google.common.collect.RegularImmutableList                                  : loaded 12 times (x 208B)
Class com.google.common.collect.AbstractIndexedListIterator                           : loaded 12 times (x 96B)
Class com.google.common.math.MathPreconditions                                        : loaded 12 times (x 71B)
Class com.google.common.collect.Iterators$ArrayItr                                    : loaded 12 times (x 97B)
Class com.google.common.collect.ImmutableCollection$Builder                           : loaded 12 times (x 76B)
Class com.google.common.math.IntMath                                                  : loaded 12 times (x 71B)
Class com.google.common.collect.ImmutableAsList                                       : loaded 12 times (x 210B)
Class com.google.common.collect.Iterators$9                                           : loaded 12 times (x 81B)
Class com.google.common.collect.UnmodifiableIterator                                  : loaded 12 times (x 80B)
Class com.google.common.collect.Hashing                                               : loaded 12 times (x 71B)
Class com.google.common.base.Preconditions                                            : loaded 12 times (x 71B)
Class com.google.common.collect.ImmutableSet$CachingAsList                            : loaded 12 times (x 148B)
Class com.google.common.collect.PeekingIterator                                       : loaded 12 times (x 70B)
Class com.google.common.collect.ImmutableCollection                                   : loaded 12 times (x 125B)
Class com.google.common.collect.Iterators$SingletonIterator                           : loaded 12 times (x 81B)
Class com.google.common.collect.RegularImmutableSet                                   : loaded 12 times (x 149B)
Class com.google.common.collect.Iterators$MergingIterator                             : loaded 12 times (x 81B)
Class com.google.common.collect.ImmutableSet$JdkBackedSetBuilderImpl                  : loaded 12 times (x 76B)
Class com.google.common.collect.UnmodifiableListIterator                              : loaded 12 times (x 95B)
Class com.google.common.collect.Iterators$5                                           : loaded 12 times (x 82B)
Class com.google.common.collect.Iterators$4                                           : loaded 12 times (x 82B)
Class com.google.common.collect.ImmutableSet                                          : loaded 12 times (x 145B)
Class com.google.common.collect.Multimap                                              : loaded 12 times (x 70B)
Class com.google.common.collect.SingletonImmutableSet                                 : loaded 12 times (x 146B)
Class com.google.common.collect.RegularImmutableAsList                                : loaded 12 times (x 218B)
Class com.google.common.collect.ImmutableList$SubList                                 : loaded 12 times (x 208B)
Class com.google.common.collect.Iterators$1                                           : loaded 12 times (x 81B)
Class com.google.common.collect.SingletonImmutableList                                : loaded 12 times (x 208B)
Class com.google.common.collect.Iterators                                             : loaded 12 times (x 71B)
Class com.google.common.collect.ImmutableList$1                                       : loaded 12 times (x 97B)
Class com.google.common.collect.ImmutableList$ReverseImmutableList                    : loaded 12 times (x 208B)
Class com.google.common.collect.ImmutableList                                         : loaded 12 times (x 207B)
Class com.google.common.collect.ImmutableSet$SetBuilderImpl                           : loaded 12 times (x 76B)
Class [Ldagger.hilt.processor.internal.optionvalues.GradleProjectType;                : loaded 11 times (x 69B)
Class dagger.hilt.processor.internal.optionvalues.GradleProjectType                   : loaded 11 times (x 79B)
Class dagger.hilt.processor.internal.aliasof.KspAliasOfProcessor$Provider             : loaded 10 times (x 74B)
Class dagger.spi.internal.shaded.androidx.room3.compiler.processing.XProcessingEnv$Companion: loaded 10 times (x 71B)
Class dagger.hilt.processor.internal.aggregateddeps.AggregatedDepsProcessingStep      : loaded 10 times (x 86B)
Class dagger.hilt.processor.internal.root.KspComponentTreeDepsProcessor$Provider      : loaded 10 times (x 74B)
Class dagger.hilt.processor.internal.ClassNames                                       : loaded 10 times (x 71B)
Class dagger.hilt.processor.internal.HiltProcessingEnvConfigs                         : loaded 10 times (x 71B)
Class dagger.hilt.android.processor.internal.customtestapplication.CustomTestApplicationProcessingStep: loaded 10 times (x 86B)
Class dagger.hilt.android.processor.internal.viewmodel.KspViewModelProcessor$Provider : loaded 10 times (x 74B)
Class dagger.spi.internal.shaded.androidx.room3.compiler.processing.XBasicAnnotationProcessor: loaded 10 times (x 70B)
Class dagger.internal.codegen.extension.DaggerStreams                                 : loaded 10 times (x 71B)
Class com.google.common.collect.ImmutableSet$Builder                                  : loaded 10 times (x 85B)
Class dagger.spi.internal.shaded.androidx.room3.compiler.processing.XRoundEnv         : loaded 10 times (x 70B)
Class [Ldagger.hilt.processor.internal.optionvalues.BooleanValue;                     : loaded 10 times (x 69B)
Class dagger.spi.internal.shaded.androidx.room3.compiler.processing.ksp.KspArrayType$Factory: loaded 10 times (x 72B)
Class dagger.hilt.android.processor.internal.customtestapplication.KspCustomTestApplicationProcessor$Provider: loaded 10 times (x 74B)
Class dagger.hilt.processor.internal.originatingelement.KspOriginatingElementProcessor$Provider: loaded 10 times (x 74B)
Class dagger.spi.internal.shaded.androidx.room3.compiler.processing.XElement          : loaded 10 times (x 70B)
Class [Ldagger.spi.internal.shaded.androidx.room3.compiler.processing.XProcessingEnv$Platform;: loaded 10 times (x 69B)
Class dagger.hilt.processor.internal.root.KspComponentTreeDepsProcessor               : loaded 10 times (x 89B)
Class dagger.spi.internal.shaded.androidx.room3.compiler.processing.ksp.KspExecutableElement: loaded 10 times (x 214B)
Class dagger.hilt.processor.internal.root.RootProcessingStep                          : loaded 10 times (x 86B)
Class dagger.spi.internal.shaded.androidx.room3.compiler.processing.XParameterizable  : loaded 10 times (x 70B)
Class dagger.spi.internal.shaded.androidx.room3.compiler.processing.ksp.KspFiler      : loaded 10 times (x 78B)
Class dagger.spi.internal.shaded.androidx.room3.compiler.processing.XProcessingEnvConfig$Companion: loaded 10 times (x 71B)
Class dagger.spi.internal.shaded.androidx.room3.compiler.processing.XProcessingEnv    : loaded 10 times (x 70B)
Class dagger.hilt.processor.internal.generatesrootinput.KspGeneratesRootInputProcessor: loaded 10 times (x 89B)
Class dagger.hilt.processor.internal.uninstallmodules.UninstallModulesProcessingStep  : loaded 10 times (x 86B)
Class dagger.hilt.processor.internal.originatingelement.OriginatingElementProcessingStep: loaded 10 times (x 86B)
Class dagger.spi.internal.shaded.androidx.room3.compiler.processing.ksp.KspResolver   : loaded 10 times (x 72B)
Class dagger.spi.internal.shaded.androidx.room3.compiler.processing.XMemberContainer  : loaded 10 times (x 70B)
Class dagger.hilt.processor.internal.HiltCompilerOptions$EnumOption                   : loaded 10 times (x 72B)
Class dagger.hilt.processor.internal.earlyentrypoint.EarlyEntryPointProcessingStep    : loaded 10 times (x 86B)
Class dagger.hilt.processor.internal.earlyentrypoint.KspEarlyEntryPointProcessor      : loaded 10 times (x 89B)
Class com.google.common.base.Joiner$2                                                 : loaded 10 times (x 80B)
Class dagger.hilt.processor.internal.aliasof.KspAliasOfProcessor                      : loaded 10 times (x 89B)
Class dagger.hilt.processor.internal.aliasof.AliasOfProcessingStep                    : loaded 10 times (x 86B)
Class dagger.hilt.processor.internal.uninstallmodules.KspUninstallModulesProcessor$Provider: loaded 10 times (x 74B)
Class dagger.spi.internal.shaded.androidx.room3.compiler.processing.XHasModifiers     : loaded 10 times (x 70B)
Class dagger.spi.internal.shaded.androidx.room3.compiler.processing.XProcessingEnv$Backend: loaded 10 times (x 79B)
Class dagger.spi.internal.shaded.androidx.room3.compiler.processing.ksp.KSTypeVarianceResolver: loaded 10 times (x 72B)
Class com.squareup.javapoet.TypeName                                                  : loaded 10 times (x 81B)
Class com.google.common.base.Joiner$1                                                 : loaded 10 times (x 81B)
Class dagger.hilt.processor.internal.generatesrootinput.KspGeneratesRootInputProcessor$Provider: loaded 10 times (x 74B)
Class dagger.hilt.processor.internal.earlyentrypoint.KspEarlyEntryPointProcessor$Provider: loaded 10 times (x 74B)
Class com.google.common.base.Equivalence$Equals                                       : loaded 10 times (x 82B)
Class com.squareup.javapoet.ParameterizedTypeName                                     : loaded 10 times (x 81B)
Class dagger.spi.internal.shaded.androidx.room3.compiler.processing.XFiler            : loaded 10 times (x 70B)
Class com.google.common.collect.ObjectArrays                                          : loaded 10 times (x 71B)
Class dagger.spi.internal.shaded.androidx.room3.compiler.processing.ksp.KspMessager   : loaded 10 times (x 73B)
Class dagger.hilt.android.processor.internal.androidentrypoint.AndroidEntryPointProcessingStep: loaded 10 times (x 86B)
Class com.squareup.javapoet.ClassName                                                 : loaded 10 times (x 84B)
Class dagger.spi.internal.shaded.androidx.room3.compiler.processing.ksp.KspRoundEnv   : loaded 10 times (x 77B)
Class dagger.spi.internal.shaded.androidx.room3.compiler.processing.XProcessingEnv$Platform: loaded 10 times (x 79B)
Class dagger.spi.internal.shaded.androidx.room3.compiler.processing.ksp.KspAnnotated  : loaded 10 times (x 139B)
Class dagger.spi.internal.shaded.androidx.room3.compiler.processing.javac.XTypeElementStore: loaded 10 times (x 72B)
Class com.google.common.base.FunctionalEquivalence                                    : loaded 10 times (x 83B)
Class com.google.common.base.Joiner                                                   : loaded 10 times (x 80B)
Class dagger.spi.internal.shaded.androidx.room3.compiler.processing.ksp.KspMemberContainer: loaded 10 times (x 70B)
Class [Ldagger.spi.internal.shaded.androidx.room3.compiler.processing.XProcessingEnv$Backend;: loaded 10 times (x 69B)
Class dagger.hilt.processor.internal.aggregateddeps.KspAggregatedDepsProcessor        : loaded 10 times (x 89B)
Class dagger.hilt.processor.internal.KspBaseProcessingStepProcessor                   : loaded 10 times (x 89B)
Class com.google.common.base.Equivalence$Identity                                     : loaded 10 times (x 82B)
Class dagger.spi.internal.shaded.androidx.room3.compiler.processing.XExecutableElementStore: loaded 10 times (x 72B)
Class dagger.spi.internal.shaded.androidx.room3.compiler.processing.ksp.KspTypeElement: loaded 10 times (x 311B)
Class com.google.common.base.PairwiseEquivalence                                      : loaded 10 times (x 83B)
Class dagger.hilt.processor.internal.BaseProcessingStep                               : loaded 10 times (x 86B)
Class dagger.hilt.processor.internal.definecomponent.DefineComponentProcessingStep    : loaded 10 times (x 86B)
Class dagger.spi.internal.shaded.androidx.room3.compiler.processing.XProcessingEnvConfig$Builder: loaded 10 times (x 72B)
Class dagger.hilt.android.processor.internal.bindvalue.KspBindValueProcessor$Provider : loaded 10 times (x 74B)
Class dagger.hilt.processor.internal.HiltCompilerOptions                              : loaded 10 times (x 71B)
Class com.google.common.collect.ImmutableSet$EmptySetBuilderImpl                      : loaded 10 times (x 76B)
Class com.google.common.base.Equivalence                                              : loaded 10 times (x 82B)
Class dagger.hilt.android.processor.internal.androidentrypoint.KspAndroidEntryPointProcessor: loaded 10 times (x 89B)
Class dagger.hilt.android.processor.internal.bindvalue.KspBindValueProcessor          : loaded 10 times (x 89B)
Class dagger.hilt.processor.internal.optionvalues.BooleanValue                        : loaded 10 times (x 79B)
Class dagger.spi.internal.shaded.androidx.room3.compiler.processing.XMessager         : loaded 10 times (x 73B)
Class dagger.spi.internal.shaded.androidx.room3.compiler.processing.XTypeElement      : loaded 10 times (x 70B)
Class com.squareup.javapoet.TypeVariableName                                          : loaded 10 times (x 81B)
Class dagger.hilt.processor.internal.aggregateddeps.KspAggregatedDepsProcessor$Provider: loaded 10 times (x 74B)
Class dagger.hilt.processor.internal.definecomponent.KspDefineComponentProcessor      : loaded 10 times (x 89B)
Class dagger.spi.internal.shaded.androidx.room3.compiler.processing.ksp.KspProcessingEnv$JvmDefaultMode: loaded 10 times (x 79B)
Class dagger.spi.internal.shaded.androidx.room3.compiler.processing.CommonProcessorDelegate: loaded 10 times (x 72B)
Class dagger.spi.internal.shaded.androidx.room3.compiler.processing.XExecutableElement: loaded 10 times (x 70B)
Class dagger.spi.internal.shaded.androidx.room3.compiler.processing.ksp.KspVoidType   : loaded 10 times (x 188B)
Class com.squareup.javapoet.ArrayTypeName                                             : loaded 10 times (x 81B)
Class dagger.spi.internal.shaded.androidx.room3.compiler.processing.ksp.KspElement    : loaded 10 times (x 152B)
Class dagger.internal.codegen.KspComponentProcessor                                   : loaded 10 times (x 88B)
Class dagger.spi.internal.shaded.androidx.room3.compiler.processing.XEquality         : loaded 10 times (x 70B)
Class dagger.spi.internal.shaded.androidx.room3.compiler.processing.ksp.KspBasicAnnotationProcessor$DelegateLogger: loaded 10 times (x 79B)
Class dagger.hilt.android.processor.internal.customtestapplication.KspCustomTestApplicationProcessor: loaded 10 times (x 89B)
Class dagger.spi.internal.shaded.androidx.room3.compiler.processing.XProcessingStep   : loaded 10 times (x 70B)
Class dagger.hilt.android.processor.internal.viewmodel.KspViewModelProcessor          : loaded 10 times (x 89B)
Class dagger.hilt.android.processor.internal.bindvalue.BindValueProcessingStep        : loaded 10 times (x 86B)
Class dagger.spi.internal.shaded.androidx.room3.compiler.processing.ksp.KspProcessingEnv: loaded 10 times (x 128B)
Class dagger.internal.codegen.KspComponentProcessor$Provider                          : loaded 10 times (x 75B)
Class dagger.hilt.processor.internal.definecomponent.KspDefineComponentProcessor$Provider: loaded 10 times (x 74B)
Class dagger.spi.internal.shaded.androidx.room3.compiler.processing.InternalXAnnotated: loaded 10 times (x 70B)
Class dagger.spi.internal.shaded.androidx.room3.compiler.processing.ksp.KspBasicAnnotationProcessor: loaded 10 times (x 88B)
Class dagger.spi.internal.shaded.androidx.room3.compiler.processing.XProcessingEnvConfig: loaded 10 times (x 71B)
Class dagger.hilt.processor.internal.ProcessorErrorHandler                            : loaded 10 times (x 72B)
Class dagger.spi.internal.shaded.androidx.room3.compiler.processing.XType             : loaded 10 times (x 70B)
Class dagger.spi.internal.shaded.androidx.room3.compiler.processing.ksp.KspType       : loaded 10 times (x 188B)
Class com.google.common.base.Predicate                                                : loaded 10 times (x 70B)
Class dagger.internal.codegen.DelegateComponentProcessor                              : loaded 10 times (x 72B)
Class com.squareup.javapoet.Util                                                      : loaded 10 times (x 71B)
Class dagger.hilt.processor.internal.root.ComponentTreeDepsProcessingStep             : loaded 10 times (x 86B)
Class dagger.hilt.processor.internal.uninstallmodules.KspUninstallModulesProcessor    : loaded 10 times (x 89B)
Class dagger.hilt.android.processor.internal.androidentrypoint.KspAndroidEntryPointProcessor$Provider: loaded 10 times (x 74B)
Class dagger.spi.internal.shaded.androidx.room3.compiler.processing.XAnnotated        : loaded 10 times (x 70B)
Class dagger.hilt.processor.internal.root.KspRootProcessor$Provider                   : loaded 10 times (x 74B)
Class dagger.hilt.processor.internal.generatesrootinput.GeneratesRootInputProcessingStep: loaded 10 times (x 86B)
Class dagger.hilt.processor.internal.root.KspRootProcessor                            : loaded 10 times (x 89B)
Class dagger.hilt.processor.internal.originatingelement.KspOriginatingElementProcessor: loaded 10 times (x 89B)
Class com.google.common.base.Suppliers$MemoizingSupplier                              : loaded 9 times (x 79B)
Class com.google.common.collect.IndexedImmutableSet                                   : loaded 9 times (x 152B)
Class com.google.common.collect.ArrayListMultimap                                     : loaded 9 times (x 172B)
Class com.google.common.collect.SortedMapDifference                                   : loaded 9 times (x 70B)
Class com.google.common.collect.Sets$2                                                : loaded 9 times (x 143B)
Class com.google.common.collect.ImmutableMap$1                                        : loaded 9 times (x 81B)
Class com.google.common.base.CharMatcher$NegatedFastMatcher                           : loaded 9 times (x 114B)
Class com.google.common.collect.Maps$ViewCachingAbstractMap                           : loaded 9 times (x 125B)
Class com.google.common.collect.BiMap                                                 : loaded 9 times (x 70B)
Class com.squareup.kotlinpoet.ClassNames                                              : loaded 9 times (x 71B)
Class com.google.common.base.CharMatcher$And                                          : loaded 9 times (x 113B)
Class com.google.common.collect.RegularImmutableMap$KeySet                            : loaded 9 times (x 152B)
Class com.google.common.collect.Iterables                                             : loaded 9 times (x 71B)
Class com.google.common.collect.Multiset                                              : loaded 9 times (x 70B)
Class com.google.common.collect.ImmutableMap                                          : loaded 9 times (x 120B)
Class com.google.common.collect.ImmutableSortedSet$Builder                            : loaded 9 times (x 86B)
Class com.google.common.collect.ImmutableMapEntrySet                                  : loaded 9 times (x 152B)
Class com.squareup.kotlinpoet.Dynamic                                                 : loaded 9 times (x 82B)
Class com.google.common.collect.ImmutableMap$Builder                                  : loaded 9 times (x 82B)
Class com.google.common.base.CharMatcher$FastMatcher                                  : loaded 9 times (x 112B)
Class com.google.common.collect.Sets$3                                                : loaded 9 times (x 143B)
Class com.squareup.kotlinpoet.ParameterizedTypeName$Companion                         : loaded 9 times (x 71B)
Class com.google.common.collect.Sets                                                  : loaded 9 times (x 71B)
Class com.google.common.collect.ImmutableMultimap$Keys                                : loaded 9 times (x 163B)
Class com.google.common.base.CharMatcher$IsEither                                     : loaded 9 times (x 112B)
Class com.google.common.collect.Maps$EntrySet                                         : loaded 9 times (x 136B)
Class com.google.common.collect.ImmutableMultimap$EntryCollection                     : loaded 9 times (x 126B)
Class com.google.common.collect.Sets$1                                                : loaded 9 times (x 143B)
Class com.google.common.collect.ImmutableMapKeySet                                    : loaded 9 times (x 152B)
Class com.google.common.base.Supplier                                                 : loaded 9 times (x 70B)
Class com.google.common.base.CharMatcher$Or                                           : loaded 9 times (x 113B)
Class com.google.common.collect.ImmutableMultimap$Builder                             : loaded 9 times (x 86B)
Class com.google.common.collect.ImmutableEnumSet                                      : loaded 9 times (x 146B)
Class com.google.common.collect.AbstractMapBasedMultimap$WrappedCollection            : loaded 9 times (x 124B)
Class com.google.common.base.CharMatcher$BitSetMatcher                                : loaded 9 times (x 113B)
Class com.google.common.collect.Sets$4                                                : loaded 9 times (x 143B)
Class com.google.common.base.CharMatcher$InRange                                      : loaded 9 times (x 112B)
Class com.google.common.collect.RegularImmutableMap$Values                            : loaded 9 times (x 208B)
Class com.google.common.collect.SetMultimap                                           : loaded 9 times (x 70B)
Class com.google.common.collect.Maps$BiMapConverter                                   : loaded 9 times (x 90B)
Class com.squareup.kotlinpoet.ParameterizedTypeName                                   : loaded 9 times (x 82B)
Class com.squareup.kotlinpoet.TypeName$Companion                                      : loaded 9 times (x 71B)
Class com.google.common.collect.ImmutableMapEntrySet$RegularEntrySet                  : loaded 9 times (x 152B)
Class com.google.common.collect.ImmutableMap$IteratorBasedImmutableMap                : loaded 9 times (x 126B)
Class com.google.common.collect.RegularImmutableMap                                   : loaded 9 times (x 121B)
Class com.google.common.collect.ImmutableList$Builder                                 : loaded 9 times (x 77B)
Class com.google.common.collect.AbstractMultimap                                      : loaded 9 times (x 123B)
Class com.google.common.graph.SuccessorsFunction                                      : loaded 9 times (x 70B)
Class com.google.common.collect.Sets$ImprovedAbstractSet                              : loaded 9 times (x 135B)
Class com.squareup.kotlinpoet.WildcardTypeName                                        : loaded 9 times (x 82B)
Class com.squareup.kotlinpoet.ClassName                                               : loaded 9 times (x 85B)
Class com.google.common.collect.Sets$SetView                                          : loaded 9 times (x 140B)
Class com.google.common.collect.ImmutableMap$MapViewOfValuesAsSingletonSets           : loaded 9 times (x 126B)
Class com.google.common.collect.AbstractSetMultimap                                   : loaded 9 times (x 174B)
Class com.google.common.collect.ListMultimap                                          : loaded 9 times (x 70B)
Class com.google.common.base.CharMatcher$1                                            : loaded 9 times (x 114B)
Class com.google.common.collect.AbstractMapBasedMultimap$WrappedList                  : loaded 9 times (x 205B)
Class com.google.common.collect.Maps$8                                                : loaded 9 times (x 82B)
Class com.google.common.collect.SortedIterable                                        : loaded 9 times (x 70B)
Class com.google.common.collect.ImmutableBiMap                                        : loaded 9 times (x 143B)
Class com.google.common.collect.ImmutableEnumMap                                      : loaded 9 times (x 126B)
Class com.squareup.kotlinpoet.TypeNames                                               : loaded 9 times (x 71B)
Class com.google.common.collect.AbstractListMultimap                                  : loaded 9 times (x 172B)
Class com.google.common.base.CharMatcher$NamedFastMatcher                             : loaded 9 times (x 113B)
Class com.google.common.base.Ascii                                                    : loaded 9 times (x 71B)
Class com.squareup.kotlinpoet.TypeName                                                : loaded 9 times (x 82B)
Class com.google.common.collect.SingletonImmutableBiMap                               : loaded 9 times (x 143B)
Class com.google.common.collect.AbstractMapEntry                                      : loaded 9 times (x 81B)
Class com.squareup.kotlinpoet.TagMap                                                  : loaded 9 times (x 77B)
Class com.google.common.collect.ImmutableMultimap$Values                              : loaded 9 times (x 126B)
Class com.google.common.collect.MapDifference                                         : loaded 9 times (x 70B)
Class com.google.common.collect.Maps                                                  : loaded 9 times (x 71B)
Class com.google.common.base.CharMatcher$ForPredicate                                 : loaded 9 times (x 113B)
Class com.google.common.base.CharMatcher                                              : loaded 9 times (x 112B)
Class com.google.common.base.CharMatcher$AnyOf                                        : loaded 9 times (x 113B)
Class com.google.common.collect.Platform                                              : loaded 9 times (x 71B)
Class [Lcom.google.common.collect.ImmutableMapEntry;                                  : loaded 9 times (x 69B)
Class com.google.common.collect.ImmutableSetMultimap                                  : loaded 9 times (x 179B)
Class com.squareup.kotlinpoet.Taggable                                                : loaded 9 times (x 70B)
Class com.google.common.base.Converter                                                : loaded 9 times (x 90B)
Class com.google.common.base.Suppliers                                                : loaded 9 times (x 71B)
Class com.google.common.collect.CollectPreconditions                                  : loaded 9 times (x 71B)
Class com.google.common.base.CharMatcher$Is                                           : loaded 9 times (x 112B)
Class com.squareup.kotlinpoet.WildcardTypeName$Companion                              : loaded 9 times (x 71B)
Class com.google.common.base.CharMatcher$Negated                                      : loaded 9 times (x 114B)
Class com.google.common.base.Function                                                 : loaded 9 times (x 70B)
Class com.google.common.collect.AbstractMapBasedMultimap                              : loaded 9 times (x 139B)
Class com.google.common.collect.ImmutableMultimap                                     : loaded 9 times (x 147B)
Class com.google.common.collect.ImmutableMapEntry$NonTerminalImmutableMapEntry        : loaded 9 times (x 85B)
Class com.google.common.collect.RegularImmutableMap$BucketOverflowException           : loaded 9 times (x 82B)
Class com.google.common.collect.ImmutableMapEntry                                     : loaded 9 times (x 85B)
Class com.google.common.base.Suppliers$NonSerializableMemoizingSupplier               : loaded 9 times (x 79B)
Class com.squareup.kotlinpoet.ClassName$Companion                                     : loaded 9 times (x 71B)
Class com.google.common.collect.RegularImmutableBiMap                                 : loaded 9 times (x 144B)
Class com.google.common.collect.RegularImmutableSortedSet                             : loaded 9 times (x 300B)
Class com.google.common.collect.ImmutableMultiset                                     : loaded 9 times (x 163B)
Class com.google.common.collect.BaseImmutableMultimap                                 : loaded 9 times (x 123B)
Class com.google.common.collect.ImmutableMultimap$1                                   : loaded 9 times (x 82B)
Class com.google.common.collect.ImmutableMultimap$2                                   : loaded 9 times (x 81B)
Class com.squareup.kotlinpoet.UtilKt                                                  : loaded 9 times (x 71B)
Class com.google.common.collect.AbstractMapBasedMultimap$RandomAccessWrappedList      : loaded 9 times (x 205B)
Class com.google.common.base.CharMatcher$IsNot                                        : loaded 9 times (x 112B)
Class com.google.common.collect.ImmutableListMultimap                                 : loaded 9 times (x 176B)
Class com.google.common.collect.ImmutableSortedSet                                    : loaded 9 times (x 300B)
Class com.squareup.kotlinpoet.TypeName$cachedString$2                                 : loaded 8 times (x 79B)
Class dagger.internal.codegen.xprocessing.XElements                                   : loaded 8 times (x 71B)
Class com.squareup.kotlinpoet.CodeWriter                                              : loaded 8 times (x 78B)
Class dagger.spi.internal.shaded.androidx.room3.compiler.processing.ksp.KspEnumEntry$Companion: loaded 8 times (x 71B)
Class com.squareup.javapoet.LineWrapper                                               : loaded 8 times (x 72B)
Class dagger.spi.internal.shaded.androidx.room3.compiler.processing.ksp.KspPrimitiveType: loaded 8 times (x 188B)
Class [Ldagger.spi.internal.shaded.androidx.room3.compiler.processing.XParameterizable;: loaded 8 times (x 69B)
Class dagger.spi.internal.shaded.androidx.room3.compiler.processing.ksp.KspExecutableElement$Companion: loaded 8 times (x 71B)
Class com.google.common.collect.Maps$EntryTransformer                                 : loaded 8 times (x 70B)
Class dagger.spi.internal.shaded.androidx.room3.compiler.processing.XConstructorElement: loaded 8 times (x 70B)
Class dagger.spi.internal.shaded.androidx.room3.compiler.processing.ksp.KspTypeElement$DefaultKspTypeElement: loaded 8 times (x 311B)
Class com.google.common.base.CaseFormat$StringConverter                               : loaded 8 times (x 90B)
Class dagger.spi.internal.shaded.androidx.room3.compiler.processing.ksp.KspAnnotated$KSAnnotatedDelegate: loaded 8 times (x 139B)
Class dagger.spi.internal.shaded.androidx.room3.compiler.processing.ksp.DefaultKspType: loaded 8 times (x 188B)
Class com.squareup.javapoet.WildcardTypeName                                          : loaded 8 times (x 81B)
Class dagger.spi.internal.shaded.androidx.room3.compiler.processing.JavaPoetExtKt     : loaded 8 times (x 71B)
Class com.squareup.javapoet.TypeSpec$Builder                                          : loaded 8 times (x 72B)
Class dagger.hilt.processor.internal.ProcessorErrors                                  : loaded 8 times (x 71B)
Class dagger.spi.internal.shaded.androidx.room3.compiler.processing.XAnnotation       : loaded 8 times (x 70B)
Class dagger.spi.internal.shaded.androidx.room3.compiler.processing.ksp.KSTypeKotlinPoetExtKt$WhenMappings: loaded 8 times (x 71B)
Class dagger.spi.internal.shaded.androidx.room3.compiler.processing.ksp.synthetic.KspSyntheticPropertyMethodElement: loaded 8 times (x 263B)
Class com.google.common.collect.ImmutableMapValues                                    : loaded 8 times (x 126B)
Class dagger.spi.internal.shaded.androidx.room3.compiler.processing.ksp.KspAnnotation$wrap$$inlined$sortedBy$1: loaded 8 times (x 90B)
Class dagger.spi.internal.shaded.androidx.room3.compiler.processing.ksp.KspFieldElement$Companion: loaded 8 times (x 71B)
Class dagger.spi.internal.shaded.androidx.room3.compiler.processing.ksp.PropertyFieldModifiers: loaded 8 times (x 92B)
Class [Ldagger.spi.internal.shaded.androidx.room3.compiler.processing.XEquality;      : loaded 8 times (x 69B)
Class dagger.spi.internal.shaded.androidx.room3.compiler.codegen.XClassName$Companion : loaded 8 times (x 71B)
Class [Lcom.squareup.javapoet.TypeName;                                               : loaded 8 times (x 69B)
Class dagger.spi.internal.shaded.androidx.room3.compiler.processing.ksp.KSAsMemberOfKt: loaded 8 times (x 71B)
Class com.google.common.collect.IndexedImmutableSet$1                                 : loaded 8 times (x 214B)
Class dagger.hilt.processor.internal.BadInputException                                : loaded 8 times (x 82B)
Class [Ldagger.spi.internal.shaded.androidx.room3.compiler.processing.XElement;       : loaded 8 times (x 69B)
Class [Ldagger.spi.internal.shaded.androidx.room3.compiler.processing.ksp.KspAnnotated$UseSiteFilter;: loaded 8 times (x 69B)
Class com.google.common.base.CaseFormat                                               : loaded 8 times (x 83B)
Class dagger.spi.internal.shaded.androidx.room3.compiler.processing.ksp.KspArrayType  : loaded 8 times (x 214B)
Class dagger.spi.internal.shaded.androidx.room3.compiler.processing.ksp.KspResolver$WhenMappings: loaded 8 times (x 71B)
Class dagger.spi.internal.shaded.androidx.room3.compiler.processing.ksp.KSTypeVarianceResolverScope$PropertyGetterMethodReturnType: loaded 8 times (x 74B)
Class dagger.spi.internal.shaded.androidx.room3.compiler.processing.XTypeKt           : loaded 8 times (x 71B)
Class dagger.spi.internal.shaded.androidx.room3.compiler.processing.ksp.KspFiler$OriginatingElements: loaded 8 times (x 72B)
Class com.squareup.javapoet.JavaFile$1                                                : loaded 8 times (x 79B)
Class dagger.spi.internal.shaded.androidx.room3.compiler.processing.ksp.KspExecutableType: loaded 8 times (x 81B)
Class dagger.spi.internal.shaded.androidx.room3.compiler.processing.ksp.KspEnumEntry  : loaded 8 times (x 179B)
Class dagger.spi.internal.shaded.androidx.room3.compiler.codegen.XClassNameKt         : loaded 8 times (x 71B)
Class [Lcom.squareup.javapoet.TypeSpec$Kind;                                          : loaded 8 times (x 69B)
Class com.google.common.collect.Maps$IteratorBasedAbstractMap                         : loaded 8 times (x 125B)
Class dagger.spi.internal.shaded.androidx.room3.compiler.processing.ksp.KSTypeExtKt   : loaded 8 times (x 71B)
Class [Ldagger.spi.internal.shaded.androidx.room3.compiler.processing.XAnnotated;     : loaded 8 times (x 69B)
Class dagger.spi.internal.shaded.androidx.room3.compiler.processing.XMethodElementKt  : loaded 8 times (x 71B)
Class dagger.spi.internal.shaded.androidx.room3.compiler.processing.ksp.KSTypeKotlinPoetExtKt: loaded 8 times (x 71B)
Class dagger.spi.internal.shaded.androidx.room3.compiler.processing.XVariableElement  : loaded 8 times (x 70B)
Class com.google.common.base.CaseFormat$5                                             : loaded 8 times (x 83B)
Class com.squareup.javapoet.LineWrapper$RecordingAppendable                           : loaded 8 times (x 77B)
Class dagger.spi.internal.shaded.androidx.room3.compiler.processing.ksp.KspAnnotationValueKt: loaded 8 times (x 71B)
Class com.google.common.collect.TransformedIterator                                   : loaded 8 times (x 80B)
Class dagger.spi.internal.shaded.androidx.room3.compiler.processing.ksp.KspMethodType : loaded 8 times (x 90B)
Class dagger.spi.internal.shaded.androidx.room3.compiler.processing.XFiler$Mode       : loaded 8 times (x 79B)
Class dagger.spi.internal.shaded.androidx.room3.compiler.processing.XElementKt        : loaded 8 times (x 71B)
Class com.google.common.collect.AbstractMapBasedMultimap$AsMap                        : loaded 8 times (x 128B)
Class dagger.spi.internal.shaded.androidx.room3.compiler.processing.ksp.KSDeclarationExtKt: loaded 8 times (x 71B)
Class dagger.spi.internal.shaded.androidx.room3.compiler.processing.ksp.KspType$WhenMappings: loaded 8 times (x 71B)
Class [Ldagger.spi.internal.shaded.androidx.room3.compiler.processing.XHasModifiers;  : loaded 8 times (x 69B)
Class dagger.spi.internal.shaded.androidx.room3.compiler.processing.ksp.KspAnnotationValue$Companion: loaded 8 times (x 71B)
Class com.google.common.base.CaseFormat$4                                             : loaded 8 times (x 83B)
Class dagger.spi.internal.shaded.androidx.room3.compiler.processing.ksp.KspAnnotated$Companion: loaded 8 times (x 71B)
Class dagger.spi.internal.shaded.androidx.room3.compiler.codegen.XTypeNameKt          : loaded 8 times (x 71B)
Class dagger.spi.internal.shaded.androidx.room3.compiler.processing.XEquality$Companion: loaded 8 times (x 71B)
Class dagger.spi.internal.shaded.androidx.room3.compiler.processing.ksp.KspConstructorType: loaded 8 times (x 83B)
Class dagger.spi.internal.shaded.androidx.room3.compiler.processing.XEnumEntry        : loaded 8 times (x 70B)
Class dagger.spi.internal.shaded.androidx.room3.compiler.processing.ksp.TypeResolutionContext: loaded 8 times (x 72B)
Class dagger.hilt.processor.internal.Processors                                       : loaded 8 times (x 71B)
Class dagger.spi.internal.shaded.androidx.room3.compiler.processing.XEnumTypeElement  : loaded 8 times (x 70B)
Class [Ldagger.spi.internal.shaded.androidx.room3.compiler.processing.XMethodElement; : loaded 8 times (x 69B)
Class com.google.common.collect.AbstractMapBasedMultimap$AsMap$AsMapEntries           : loaded 8 times (x 137B)
Class com.squareup.javapoet.CodeWriter$Multiset                                       : loaded 8 times (x 72B)
Class com.squareup.javapoet.TypeSpec                                                  : loaded 8 times (x 72B)
Class dagger.spi.internal.shaded.androidx.room3.compiler.processing.ksp.KspTypeElement$Companion$WhenMappings: loaded 8 times (x 71B)
Class dagger.spi.internal.shaded.androidx.room3.compiler.processing.ksp.KspFileMemberContainer$Companion: loaded 8 times (x 71B)
Class dagger.spi.internal.shaded.androidx.room3.compiler.codegen.XTypeName$Companion  : loaded 8 times (x 71B)
Class dagger.spi.internal.shaded.androidx.room3.compiler.processing.ksp.KspMethodElement$Companion: loaded 8 times (x 71B)
Class dagger.spi.internal.shaded.androidx.room3.compiler.processing.XNullability      : loaded 8 times (x 79B)
Class dagger.spi.internal.shaded.androidx.room3.compiler.processing.InternalXAnnotation: loaded 8 times (x 140B)
Class dagger.spi.internal.shaded.androidx.room3.compiler.processing.ksp.KSTypeWrapper : loaded 8 times (x 72B)
Class dagger.spi.internal.shaded.androidx.room3.compiler.processing.ksp.KspMethodElement: loaded 8 times (x 276B)
Class dagger.spi.internal.shaded.androidx.room3.compiler.processing.ksp.KspAnnotationValue: loaded 8 times (x 157B)
Class dagger.spi.internal.shaded.androidx.room3.compiler.processing.ksp.synthetic.KspSyntheticPropertyMethodElement$Companion: loaded 8 times (x 71B)
Class [Lcom.google.common.base.CaseFormat;                                            : loaded 8 times (x 69B)
Class dagger.spi.internal.shaded.androidx.room3.compiler.processing.XMethodType       : loaded 8 times (x 70B)
Class dagger.spi.internal.shaded.androidx.room3.compiler.processing.XArrayType        : loaded 8 times (x 70B)
Class com.squareup.javapoet.CodeWriter                                                : loaded 8 times (x 72B)
Class dagger.spi.internal.shaded.androidx.room3.compiler.processing.ksp.KSTypeVarianceResolverScope: loaded 8 times (x 74B)
Class com.google.common.base.CaseFormat$3                                             : loaded 8 times (x 83B)
Class [Ldagger.spi.internal.shaded.androidx.room3.compiler.processing.XFiler$Mode;    : loaded 8 times (x 69B)
Class com.squareup.javapoet.JavaFile                                                  : loaded 8 times (x 72B)
Class dagger.spi.internal.shaded.androidx.room3.compiler.processing.ksp.KspTypeMapper : loaded 8 times (x 71B)
Class com.squareup.javapoet.AnnotationSpec                                            : loaded 8 times (x 72B)
Class dagger.spi.internal.shaded.androidx.room3.compiler.processing.ksp.PropertyAccessorModifiers: loaded 8 times (x 93B)
Class com.squareup.javapoet.CodeBlock                                                 : loaded 8 times (x 72B)
Class dagger.spi.internal.shaded.androidx.room3.compiler.processing.XExecutableType   : loaded 8 times (x 70B)
Class com.squareup.kotlinpoet.LineWrapper$Companion                                   : loaded 8 times (x 71B)
Class dagger.spi.internal.shaded.androidx.room3.compiler.processing.ksp.KspFileMemberContainer: loaded 8 times (x 152B)
Class dagger.spi.internal.shaded.androidx.room3.compiler.processing.ksp.OriginatingElementWrapper: loaded 8 times (x 101B)
Class com.squareup.javapoet.TypeSpec$Kind                                             : loaded 8 times (x 79B)
Class dagger.spi.internal.shaded.androidx.room3.compiler.processing.ksp.KspAnnotated$UseSiteFilter$Companion: loaded 8 times (x 71B)
Class dagger.spi.internal.shaded.androidx.room3.compiler.processing.ksp.KspHasModifiers$Companion: loaded 8 times (x 71B)
Class [Ldagger.spi.internal.shaded.androidx.room3.compiler.processing.ksp.synthetic.KspSyntheticPropertyMethodElement;: loaded 8 times (x 69B)
Class dagger.hilt.processor.internal.LazyString                                       : loaded 8 times (x 72B)
Class dagger.spi.internal.shaded.androidx.room3.compiler.processing.ksp.KspArrayType$BoxedArray: loaded 8 times (x 214B)
Class dagger.spi.internal.shaded.androidx.room3.compiler.processing.ksp.KspTypeElement$KspEnumTypeElement: loaded 8 times (x 364B)
Class dagger.spi.internal.shaded.androidx.room3.compiler.processing.ksp.KSAnnotatedExtKt: loaded 8 times (x 71B)
Class com.squareup.javapoet.CodeBlock$Builder                                         : loaded 8 times (x 72B)
Class dagger.spi.internal.shaded.androidx.room3.compiler.processing.ksp.KSFileAsOriginatingElement: loaded 8 times (x 101B)
Class dagger.spi.internal.shaded.androidx.room3.compiler.processing.ksp.KSTypeArgumentWrapper: loaded 8 times (x 72B)
Class dagger.spi.internal.shaded.androidx.room3.compiler.processing.javac.kotlin.JvmDescriptorUtilsKt: loaded 8 times (x 71B)
Class com.google.common.collect.ImmutableMap$IteratorBasedImmutableMap$1EntrySetImpl  : loaded 8 times (x 152B)
Class com.google.common.collect.LinkedHashMultimap                                    : loaded 8 times (x 175B)
Class dagger.spi.internal.shaded.androidx.room3.compiler.processing.XFieldElement     : loaded 8 times (x 70B)
Class com.squareup.kotlinpoet.CodeWriterKt                                            : loaded 8 times (x 71B)
Class dagger.spi.internal.shaded.androidx.room3.compiler.processing.ksp.FunctionModifiers: loaded 8 times (x 92B)
Class dagger.spi.internal.shaded.androidx.room3.compiler.processing.javac.JavacElement: loaded 8 times (x 183B)
Class dagger.spi.internal.shaded.androidx.room3.compiler.processing.ksp.KspTypeElement$Companion: loaded 8 times (x 71B)
Class dagger.spi.internal.shaded.androidx.room3.compiler.processing.ksp.KSTypeJavaPoetExtKt: loaded 8 times (x 71B)
Class com.google.common.base.CaseFormat$2                                             : loaded 8 times (x 83B)
Class dagger.spi.internal.shaded.androidx.room3.compiler.processing.ksp.KspMethodElement$KspNormalMethodElement: loaded 8 times (x 276B)
Class dagger.hilt.processor.internal.ErrorTypeException                               : loaded 8 times (x 82B)
Class dagger.spi.internal.shaded.androidx.room3.compiler.processing.ksp.KspRawType    : loaded 8 times (x 79B)
Class dagger.spi.internal.shaded.androidx.room3.compiler.processing.ksp.KspAnnotated$UseSiteFilter: loaded 8 times (x 80B)
Class dagger.spi.internal.shaded.androidx.room3.compiler.processing.util.MemoizedSequence: loaded 8 times (x 75B)
Class dagger.spi.internal.shaded.androidx.room3.compiler.processing.XMethodElement    : loaded 8 times (x 70B)
Class com.squareup.javapoet.AnnotationSpec$Builder                                    : loaded 8 times (x 72B)
Class dagger.spi.internal.shaded.androidx.room3.compiler.processing.ksp.KSTypeVarianceResolverScope$PropertyType: loaded 8 times (x 74B)
Class dagger.spi.internal.shaded.androidx.room3.compiler.processing.ksp.KspHasModifiers: loaded 8 times (x 92B)
Class [Ldagger.spi.internal.shaded.androidx.room3.compiler.processing.XNullability;   : loaded 8 times (x 69B)
Class com.squareup.kotlinpoet.LineWrapper                                             : loaded 8 times (x 78B)
Class [Ldagger.spi.internal.shaded.androidx.room3.compiler.processing.XExecutableElement;: loaded 8 times (x 69B)
Class dagger.spi.internal.shaded.androidx.room3.compiler.processing.XAnnotationValue  : loaded 8 times (x 70B)
Class dagger.spi.internal.shaded.androidx.room3.compiler.processing.ksp.KspPackageElement: loaded 8 times (x 166B)
Class dagger.spi.internal.shaded.androidx.room3.compiler.processing.ksp.KSTypeJavaPoetExtKt$WhenMappings: loaded 8 times (x 71B)
Class dagger.spi.internal.shaded.androidx.room3.compiler.processing.ksp.synthetic.KspSyntheticPropertyMethodElement$Getter: loaded 8 times (x 263B)
Class dagger.spi.internal.shaded.androidx.room3.compiler.processing.ksp.KspTypeElement$WhenMappings: loaded 8 times (x 71B)
Class dagger.spi.internal.shaded.androidx.room3.compiler.processing.ksp.KspFieldElement: loaded 8 times (x 205B)
Class dagger.spi.internal.shaded.androidx.room3.compiler.processing.ksp.ClassModifiers: loaded 8 times (x 92B)
Class dagger.spi.internal.shaded.androidx.room3.compiler.processing.XRawType          : loaded 8 times (x 70B)
Class dagger.spi.internal.shaded.androidx.room3.compiler.processing.ksp.KspArrayType$Companion: loaded 8 times (x 71B)
Class dagger.spi.internal.shaded.androidx.room3.compiler.processing.InternalXAnnotationValue$Kind: loaded 8 times (x 79B)
Class com.google.common.collect.ImmutableBiMap$Builder                                : loaded 8 times (x 82B)
Class dagger.spi.internal.shaded.androidx.room3.compiler.codegen.XClassName           : loaded 8 times (x 75B)
Class dagger.spi.internal.shaded.androidx.room3.compiler.processing.ksp.KspAnnotation : loaded 8 times (x 140B)
Class dagger.spi.internal.shaded.androidx.room3.compiler.processing.XPackageElement   : loaded 8 times (x 70B)
Class dagger.spi.internal.shaded.androidx.room3.compiler.processing.InternalXAnnotationValue: loaded 8 times (x 157B)
Class dagger.spi.internal.shaded.androidx.room3.compiler.processing.XConstructorType  : loaded 8 times (x 70B)
Class com.squareup.javapoet.JavaFile$Builder                                          : loaded 8 times (x 72B)
Class dagger.spi.internal.shaded.androidx.room3.compiler.processing.InternalXAnnotationValue$Companion: loaded 8 times (x 71B)
Class dagger.spi.internal.shaded.androidx.room3.compiler.processing.ksp.KspConstructorElement: loaded 8 times (x 252B)
Class com.google.common.base.CaseFormat$1                                             : loaded 8 times (x 83B)
Class dagger.spi.internal.shaded.androidx.room3.compiler.processing.ksp.KspTypeElement$_declaredMethods_delegate$lambda$0$1$$inlined$sortedBy$1: loaded 8 times (x 90B)
Class dagger.spi.internal.shaded.androidx.room3.compiler.codegen.XTypeName            : loaded 8 times (x 75B)
Class dagger.internal.codegen.DaggerDelegateComponentProcessor_Injector               : loaded 7 times (x 71B)
Class dagger.internal.codegen.processingstep.ComponentProcessingStep_Factory          : loaded 7 times (x 82B)
Class dagger.hilt.android.processor.internal.bindvalue.AutoValue_BindValueMetadata    : loaded 7 times (x 74B)
Class dagger.internal.codegen.kotlin.KotlinMetadataUtil                               : loaded 7 times (x 72B)
Class dagger.internal.codegen.validation.ModuleValidator$ModuleMethodKind             : loaded 7 times (x 79B)
Class dagger.internal.codegen.writing.ProducerFactoryGenerator_Factory                : loaded 7 times (x 82B)
Class dagger.internal.codegen.validation.BindsMethodValidator_Factory                 : loaded 7 times (x 82B)
Class [Ldagger.internal.codegen.validation.BindingMethodValidator$ExceptionSuperclass;: loaded 7 times (x 69B)
Class dagger.internal.codegen.processingstep.BindingMethodProcessingStep              : loaded 7 times (x 86B)
Class dagger.internal.codegen.validation.InjectBindingRegistryImpl                    : loaded 7 times (x 81B)
Class dagger.internal.codegen.binding.InjectionSiteFactory_Factory                    : loaded 7 times (x 82B)
Class dagger.hilt.processor.internal.definecomponent.AutoValue_DefineComponentMetadatas_DefineComponentMetadata: loaded 7 times (x 76B)
Class dagger.internal.Factory                                                         : loaded 7 times (x 70B)
Class dagger.internal.codegen.base.ContributionType$HasContributionType               : loaded 7 times (x 70B)
Class dagger.internal.codegen.validation.InjectValidator                              : loaded 7 times (x 75B)
Class dagger.internal.codegen.validation.ValidationBindingGraphPlugins_Factory        : loaded 7 times (x 82B)
Class dagger.internal.codegen.DelegateComponentProcessor$Injector                     : loaded 7 times (x 70B)
Class dagger.internal.codegen.compileroption.FeatureStatus                            : loaded 7 times (x 79B)
Class [Ldagger.spi.internal.shaded.androidx.room3.compiler.codegen.XClassName;        : loaded 7 times (x 69B)
Class dagger.internal.codegen.binding.InjectionAnnotations_Factory                    : loaded 7 times (x 82B)
Class dagger.internal.codegen.binding.MonitoringModules_Factory                       : loaded 7 times (x 81B)
Class dagger.internal.codegen.model.BindingGraph$MaybeBinding                         : loaded 7 times (x 70B)
Class dagger.internal.codegen.validation.BindsOptionalOfMethodValidator$Validator     : loaded 7 times (x 80B)
Class dagger.internal.codegen.ServiceLoaders                                          : loaded 7 times (x 71B)
Class dagger.internal.codegen.validation.ComponentCreatorValidator_Factory            : loaded 7 times (x 82B)
Class dagger.internal.codegen.validation.BindingMethodValidator$ExceptionSuperclass$2 : loaded 7 times (x 81B)
Class dagger.internal.codegen.binding.ComponentDeclarations$Factory                   : loaded 7 times (x 72B)
Class dagger.spi.internal.shaded.androidx.room3.compiler.processing.ksp.KSFunctionExtKt: loaded 7 times (x 71B)
Class dagger.internal.codegen.kotlin.KotlinMetadataFactory                            : loaded 7 times (x 75B)
Class dagger.internal.codegen.validation.ModuleValidator                              : loaded 7 times (x 72B)
Class dagger.internal.codegen.binding.$AutoValue_ComponentDescriptor                  : loaded 7 times (x 97B)
Class dagger.internal.codegen.processingstep.AssistedFactoryProcessingStep_Factory    : loaded 7 times (x 82B)
Class dagger.internal.codegen.writing.ModuleProxies_ModuleConstructorProxyGenerator_Factory: loaded 7 times (x 82B)
Class dagger.internal.codegen.binding.AutoValue_MultibindingDeclaration               : loaded 7 times (x 79B)
Class dagger.internal.codegen.validation.BindingMethodValidator$ExceptionSuperclass$3 : loaded 7 times (x 81B)
Class dagger.internal.codegen.validation.BindingMethodValidator$Abstractness          : loaded 7 times (x 79B)
Class dagger.internal.codegen.validation.AssistedValidator_Factory                    : loaded 7 times (x 82B)
Class dagger.internal.codegen.ProcessingEnvironmentModule_MessagerFactory             : loaded 7 times (x 82B)
Class dagger.internal.codegen.processingstep.ComponentProcessingStep                  : loaded 7 times (x 86B)
Class com.squareup.javapoet.MethodSpec$Builder                                        : loaded 7 times (x 72B)
Class dagger.internal.codegen.binding.ContributionBinding                             : loaded 7 times (x 89B)
Class dagger.internal.codegen.processingstep.MonitoringModuleGenerator                : loaded 7 times (x 78B)
Class dagger.internal.codegen.bindinggraphvalidation.SetMultibindingValidator         : loaded 7 times (x 85B)
Class dagger.MembersInjector                                                          : loaded 7 times (x 70B)
Class dagger.internal.codegen.bindinggraphvalidation.DuplicateBindingsValidator       : loaded 7 times (x 85B)
Class dagger.internal.codegen.processingstep.SuperficialValidator_Factory             : loaded 7 times (x 82B)
Class dagger.internal.codegen.base.KeywordValidator_Factory$InstanceHolder            : loaded 7 times (x 71B)
Class dagger.internal.codegen.base.DaggerSuperficialValidation_Factory                : loaded 7 times (x 82B)
Class dagger.internal.codegen.binding.$AutoValue_DelegateDeclaration                  : loaded 7 times (x 83B)
Class com.google.common.collect.ImmutableSetMultimap$Builder                          : loaded 7 times (x 86B)
Class dagger.internal.codegen.binding.MonitoringModules_Factory$InstanceHolder        : loaded 7 times (x 71B)
Class dagger.internal.codegen.bindinggraphvalidation.MapMultibindingValidator_Factory : loaded 7 times (x 82B)
Class dagger.internal.codegen.base.ClearableCache                                     : loaded 7 times (x 70B)
Class com.google.common.collect.ImmutableMap$MapViewOfValuesAsSingletonSets$1         : loaded 7 times (x 82B)
Class dagger.internal.codegen.xprocessing.XTypes$1                                    : loaded 7 times (x 71B)
Class dagger.internal.codegen.writing.MembersInjectorGenerator                        : loaded 7 times (x 78B)
Class dagger.hilt.processor.internal.root.ComponentTreeDepsMetadata                   : loaded 7 times (x 80B)
Class dagger.internal.codegen.binding.DelegateDeclaration_Factory_Factory             : loaded 7 times (x 82B)
Class dagger.internal.codegen.binding.ModuleDescriptor_Factory_Factory                : loaded 7 times (x 82B)
Class dagger.internal.codegen.binding.$AutoValue_OptionalBindingDeclaration           : loaded 7 times (x 75B)
Class dagger.internal.codegen.binding.BindingGraphFactory                             : loaded 7 times (x 72B)
Class dagger.internal.codegen.binding.BindingDeclaration                              : loaded 7 times (x 80B)
Class dagger.internal.codegen.binding.BindingFactory                                  : loaded 7 times (x 72B)
Class dagger.internal.codegen.validation.ExternalBindingGraphPlugins_Factory          : loaded 7 times (x 82B)
Class dagger.internal.codegen.validation.DependencyRequestValidator_Factory           : loaded 7 times (x 82B)
Class javax.inject.Provider                                                           : loaded 7 times (x 70B)
Class dagger.internal.codegen.validation.ComponentHierarchyValidator_Factory          : loaded 7 times (x 82B)
Class dagger.internal.codegen.base.SourceFileHjarGenerator                            : loaded 7 times (x 78B)
Class dagger.spi.internal.shaded.androidx.room3.compiler.processing.compat.XConverters: loaded 7 times (x 71B)
Class dagger.internal.codegen.bindinggraphvalidation.MissingBindingValidator_Factory  : loaded 7 times (x 82B)
Class dagger.internal.codegen.bindinggraphvalidation.SetMultibindingValidator_Factory$InstanceHolder: loaded 7 times (x 71B)
Class dagger.internal.codegen.base.KeywordValidator                                   : loaded 7 times (x 71B)
Class dagger.internal.codegen.writing.UnwrappedMapKeyGenerator                        : loaded 7 times (x 81B)
Class dagger.internal.codegen.validation.BindsInstanceParameterValidator$Validator    : loaded 7 times (x 77B)
Class dagger.internal.codegen.validation.BindingMethodValidator$ExceptionSuperclass   : loaded 7 times (x 81B)
Class dagger.internal.codegen.compileroption.ProcessingEnvironmentCompilerOptions$Validation$1: loaded 7 times (x 93B)
Class dagger.internal.codegen.compileroption.ProcessingEnvironmentCompilerOptions$EnumOption: loaded 7 times (x 70B)
Class dagger.internal.codegen.componentgenerator.ComponentHjarGenerator               : loaded 7 times (x 78B)
Class dagger.internal.codegen.binding.$AutoValue_ModuleDescriptor                     : loaded 7 times (x 86B)
Class dagger.internal.codegen.binding.DependencyRequestFactory                        : loaded 7 times (x 72B)
Class dagger.internal.codegen.bindinggraphvalidation.SetMultibindingValidator_Factory : loaded 7 times (x 81B)
Class dagger.internal.codegen.bindinggraphvalidation.DependsOnProductionExecutorValidator_Factory: loaded 7 times (x 82B)
Class dagger.hilt.processor.internal.definecomponent.DefineComponentMetadatas$DefineComponentMetadata: loaded 7 times (x 75B)
Class dagger.internal.codegen.bindinggraphvalidation.NullableBindingValidator_Factory : loaded 7 times (x 82B)
Class dagger.internal.codegen.validation.BindingMethodValidator$ExceptionSuperclass$1 : loaded 7 times (x 81B)
Class dagger.internal.codegen.processingstep.BindsInstanceProcessingStep_Factory      : loaded 7 times (x 82B)
Class dagger.internal.codegen.binding.ModuleDescriptor$Factory                        : loaded 7 times (x 75B)
Class dagger.internal.codegen.validation.ComponentValidator                           : loaded 7 times (x 75B)
Class dagger.internal.codegen.validation.BindsInstanceMethodValidator_Factory         : loaded 7 times (x 82B)
Class dagger.internal.codegen.componentgenerator.TopLevelImplementationComponent$Factory: loaded 7 times (x 70B)
Class dagger.internal.codegen.validation.BindingGraphValidator                        : loaded 7 times (x 72B)
Class dagger.internal.codegen.bindinggraphvalidation.SubcomponentFactoryMethodValidator: loaded 7 times (x 85B)
Class dagger.internal.codegen.binding.OptionalBindingDeclaration$Factory              : loaded 7 times (x 73B)
Class dagger.internal.codegen.binding.DelegateDeclaration                             : loaded 7 times (x 80B)
Class dagger.internal.codegen.processingstep.MultibindingAnnotationsProcessingStep    : loaded 7 times (x 86B)
Class dagger.internal.codegen.validation.DiagnosticMessageGenerator_Factory_Factory   : loaded 7 times (x 82B)
Class dagger.internal.codegen.processingstep.AssistedProcessingStep                   : loaded 7 times (x 86B)
Class dagger.internal.codegen.bindinggraphvalidation.InjectBindingValidator           : loaded 7 times (x 85B)
Class dagger.internal.codegen.bindinggraphvalidation.DependencyCycleValidator         : loaded 7 times (x 85B)
Class dagger.internal.codegen.processingstep.ModuleProcessingStep                     : loaded 7 times (x 86B)
Class dagger.internal.codegen.bindinggraphvalidation.SubcomponentFactoryMethodValidator_Factory: loaded 7 times (x 81B)
Class dagger.internal.codegen.bindinggraphvalidation.InjectBindingValidator_Factory   : loaded 7 times (x 82B)
Class [Ldagger.internal.codegen.compileroption.ProcessingEnvironmentCompilerOptions$EnumOption;: loaded 7 times (x 69B)
Class dagger.internal.codegen.base.DaggerSuperficialValidation$ValidationException$UnknownErrorType: loaded 7 times (x 84B)
Class dagger.internal.codegen.binding.BindingGraphFactory_Factory                     : loaded 7 times (x 82B)
Class dagger.internal.codegen.processingstep.MonitoringModuleProcessingStep_Factory   : loaded 7 times (x 82B)
Class com.google.common.collect.Maps$TransformedEntriesMap                            : loaded 7 times (x 127B)
Class dagger.internal.codegen.validation.BindingGraphValidator_Factory                : loaded 7 times (x 82B)
Class dagger.internal.codegen.writing.FactoryGenerator                                : loaded 7 times (x 78B)
Class dagger.internal.codegen.binding.BindsTypeChecker_Factory                        : loaded 7 times (x 82B)
Class dagger.hilt.processor.internal.generatesrootinput.GeneratesRootInputs           : loaded 7 times (x 72B)
Class com.google.common.collect.AbstractMapBasedMultimap$AsMap$AsMapIterator          : loaded 7 times (x 79B)
Class dagger.internal.codegen.validation.BindingMethodValidator                       : loaded 7 times (x 78B)
Class [Ldagger.internal.codegen.validation.BindingElementValidator$AllowsScoping;     : loaded 7 times (x 69B)
Class dagger.internal.codegen.binding.DeclarationFormatter                            : loaded 7 times (x 86B)
Class dagger.internal.codegen.validation.BindingElementValidator$ElementValidator     : loaded 7 times (x 77B)
Class dagger.internal.codegen.validation.BindsInstanceMethodValidator$Validator       : loaded 7 times (x 77B)
Class dagger.internal.codegen.processingstep.InjectProcessingStep                     : loaded 7 times (x 86B)
Class [Ldagger.internal.codegen.validation.BindingMethodValidator$Abstractness;       : loaded 7 times (x 69B)
Class dagger.internal.codegen.validation.BindsInstanceMethodValidator                 : loaded 7 times (x 78B)
Class jakarta.inject.Provider                                                         : loaded 7 times (x 70B)
Class dagger.internal.codegen.binding.MultibindingDeclaration$Factory                 : loaded 7 times (x 72B)
Class dagger.internal.codegen.validation.ComponentHierarchyValidator                  : loaded 7 times (x 72B)
Class com.squareup.javapoet.LineWrapper$1                                             : loaded 7 times (x 71B)
Class dagger.internal.codegen.xprocessing.XTypes$XTypeEquivalence                     : loaded 7 times (x 84B)
Class dagger.hilt.android.processor.internal.viewmodel.ViewModelMetadata$Companion    : loaded 7 times (x 71B)
Class dagger.internal.codegen.binding.AssistedInjectionBinding                        : loaded 7 times (x 92B)
Class dagger.internal.InstanceFactory                                                 : loaded 7 times (x 85B)
Class [Lcom.squareup.javapoet.LineWrapper$FlushType;                                  : loaded 7 times (x 69B)
Class dagger.internal.codegen.validation.BindsOptionalOfMethodValidator_Factory       : loaded 7 times (x 82B)
Class dagger.internal.codegen.validation.ModuleValidator_Factory                      : loaded 7 times (x 82B)
Class dagger.internal.codegen.kotlin.KotlinMetadataFactory_Factory                    : loaded 7 times (x 81B)
Class dagger.internal.codegen.model.AutoValue_DaggerProcessingEnv                     : loaded 7 times (x 75B)
Class dagger.internal.codegen.bindinggraphvalidation.DependencyCycleValidator_Factory : loaded 7 times (x 82B)
Class dagger.hilt.processor.internal.root.RootType                                    : loaded 7 times (x 79B)
Class dagger.internal.codegen.binding.LegacyBindingGraphFactory_Factory               : loaded 7 times (x 82B)
Class dagger.internal.codegen.binding.SubcomponentDeclaration_Factory_Factory         : loaded 7 times (x 82B)
Class dagger.hilt.android.processor.internal.viewmodel.ViewModelMetadata$Companion$create$9$1: loaded 7 times (x 75B)
Class dagger.internal.codegen.model.DaggerProcessingEnv                               : loaded 7 times (x 74B)
Class dagger.internal.codegen.binding.AutoValue_OptionalBindingDeclaration            : loaded 7 times (x 75B)
Class [Ldagger.internal.codegen.compileroption.ProcessingEnvironmentCompilerOptions$CommandLineOption;: loaded 7 times (x 69B)
Class dagger.internal.codegen.ProcessingEnvironmentModule_FilerFactory                : loaded 7 times (x 82B)
Class dagger.internal.codegen.binding.MethodSignatureFormatter_Factory                : loaded 7 times (x 82B)
Class [Lcom.squareup.javapoet.ClassName;                                              : loaded 7 times (x 69B)
Class com.squareup.javapoet.LineWrapper$FlushType                                     : loaded 7 times (x 79B)
Class dagger.internal.codegen.validation.BindingElementValidator                      : loaded 7 times (x 78B)
Class dagger.internal.codegen.binding.BindsTypeChecker                                : loaded 7 times (x 72B)
Class dagger.internal.codegen.binding.$AutoValue_MultibindingDeclaration              : loaded 7 times (x 79B)
Class dagger.internal.codegen.binding.OptionalBindingDeclaration                      : loaded 7 times (x 74B)
Class dagger.internal.codegen.validation.ComponentCreatorValidator                    : loaded 7 times (x 75B)
Class dagger.internal.codegen.processingstep.MapKeyProcessingStep                     : loaded 7 times (x 86B)
Class dagger.internal.codegen.componentgenerator.ComponentGenerator_Factory           : loaded 7 times (x 82B)
Class dagger.spi.internal.shaded.androidx.room3.compiler.processing.XExecutableParameterElement: loaded 7 times (x 70B)
Class dagger.internal.codegen.componentgenerator.TopLevelImplementationComponent      : loaded 7 times (x 70B)
Class dagger.internal.codegen.bindinggraphvalidation.DependsOnProductionExecutorValidator: loaded 7 times (x 85B)
Class dagger.internal.codegen.bindinggraphvalidation.ProvisionDependencyOnProducerBindingValidator_Factory$InstanceHolder: loaded 7 times (x 71B)
Class dagger.internal.DelegateFactory                                                 : loaded 7 times (x 82B)
Class dagger.internal.codegen.validation.ProducesMethodValidator                      : loaded 7 times (x 78B)
Class com.google.common.collect.EmptyImmutableSetMultimap                             : loaded 7 times (x 179B)
Class dagger.internal.codegen.binding.SourceFiles                                     : loaded 7 times (x 71B)
Class dagger.internal.codegen.base.SourceFileGenerator                                : loaded 7 times (x 78B)
Class dagger.internal.codegen.binding.DelegateBinding                                 : loaded 7 times (x 91B)
Class com.google.common.collect.Maps$9                                                : loaded 7 times (x 82B)
Class dagger.internal.codegen.model.BindingGraph                                      : loaded 7 times (x 94B)
Class dagger.internal.codegen.validation.AnyBindingMethodValidator_Factory            : loaded 7 times (x 82B)
Class dagger.internal.codegen.validation.BindingMethodValidator$MethodValidator       : loaded 7 times (x 80B)
Class dagger.internal.codegen.binding.MembersInjectionBinding                         : loaded 7 times (x 83B)
Class dagger.internal.codegen.validation.BindsOptionalOfMethodValidator               : loaded 7 times (x 78B)
Class dagger.internal.codegen.DelegateComponentProcessor$SourceFileGeneratorsModule   : loaded 7 times (x 70B)
Class dagger.internal.codegen.validation.ProvidesMethodValidator_Factory              : loaded 7 times (x 82B)
Class dagger.internal.codegen.DaggerDelegateComponentProcessor_Injector$Factory       : loaded 7 times (x 74B)
Class dagger.hilt.android.processor.internal.viewmodel.ViewModelProcessor             : loaded 7 times (x 100B)
Class dagger.internal.codegen.DelegateComponentProcessor_SourceFileGeneratorsModule_ModuleConstructorProxyGeneratorFactory: loaded 7 times (x 82B)
Class dagger.internal.codegen.componentgenerator.ComponentGenerator                   : loaded 7 times (x 78B)
Class com.google.common.base.JdkPattern                                               : loaded 7 times (x 75B)
Class [Ldagger.hilt.processor.internal.root.RootType;                                 : loaded 7 times (x 69B)
Class dagger.internal.codegen.DelegateComponentProcessor_SourceFileGeneratorsModule_FactoryGeneratorFactory: loaded 7 times (x 82B)
Class dagger.internal.codegen.binding.BindingFactory_Factory                          : loaded 7 times (x 82B)
Class dagger.internal.codegen.binding.LegacyBindingGraphConverter_Factory$InstanceHolder: loaded 7 times (x 71B)
Class dagger.internal.codegen.base.DaggerSuperficialValidation                        : loaded 7 times (x 72B)
Class dagger.internal.codegen.DelegateComponentProcessor_SourceFileGeneratorsModule_MembersInjectorGeneratorFactory: loaded 7 times (x 82B)
Class dagger.internal.codegen.validation.ProvidesMethodValidator                      : loaded 7 times (x 78B)
Class dagger.internal.codegen.processingstep.SuperficialValidator                     : loaded 7 times (x 75B)
Class com.squareup.javapoet.ParameterSpec$Builder                                     : loaded 7 times (x 72B)
Class dagger.hilt.android.processor.internal.viewmodel.ViewModelModuleGenerator       : loaded 7 times (x 72B)
Class dagger.internal.codegen.binding.ComponentDescriptor                             : loaded 7 times (x 95B)
Class dagger.hilt.android.processor.internal.AndroidClassNames                        : loaded 7 times (x 71B)
Class dagger.internal.codegen.processingstep.MultibindingAnnotationsProcessingStep_Factory: loaded 7 times (x 82B)
Class dagger.internal.codegen.writing.AnnotationCreatorGenerator_Factory              : loaded 7 times (x 82B)
Class [Ldagger.internal.codegen.compileroption.ValidationType;                        : loaded 7 times (x 69B)
Class dagger.internal.codegen.validation.ValidationBindingGraphPlugins                : loaded 7 times (x 72B)
Class dagger.internal.codegen.processingstep.ProcessingStepsModule                    : loaded 7 times (x 70B)
Class dagger.internal.codegen.base.ElementFormatter_Factory$InstanceHolder            : loaded 7 times (x 71B)
Class dagger.internal.codegen.bindinggraphvalidation.InvalidProductionBindingScopeValidator: loaded 7 times (x 85B)
Class dagger.internal.codegen.kotlin.KotlinMetadataFactory_Factory$InstanceHolder     : loaded 7 times (x 71B)
Class dagger.internal.codegen.bindinggraphvalidation.CompositeBindingGraphPlugin_Factory_Impl: loaded 7 times (x 75B)
Class dagger.internal.codegen.processingstep.AssistedFactoryProcessingStep            : loaded 7 times (x 86B)
Class dagger.internal.codegen.binding.AutoValue_DelegateDeclaration                   : loaded 7 times (x 83B)
Class dagger.internal.codegen.validation.DependencyRequestValidator                   : loaded 7 times (x 72B)
Class dagger.internal.codegen.validation.InjectValidator$InternalValidator            : loaded 7 times (x 72B)
Class dagger.internal.codegen.bindinggraphvalidation.InvalidProductionBindingScopeValidator_Factory$InstanceHolder: loaded 7 times (x 71B)
Class dagger.internal.SingleCheck                                                     : loaded 7 times (x 80B)
Class dagger.hilt.processor.internal.definecomponent.DefineComponentBuilderMetadatas  : loaded 7 times (x 72B)
Class dagger.internal.codegen.model.DiagnosticReporter                                : loaded 7 times (x 75B)
Class dagger.internal.codegen.validation.ComponentValidator_Factory                   : loaded 7 times (x 82B)
Class dagger.internal.codegen.compileroption.ProcessingEnvironmentCompilerOptions$CommandLineOption: loaded 7 times (x 70B)
Class dagger.internal.codegen.binding.Declaration                                     : loaded 7 times (x 74B)
Class dagger.internal.codegen.validation.AnyBindingMethodValidator                    : loaded 7 times (x 75B)
Class dagger.internal.codegen.base.DaggerSuperficialValidation$ValidationException$KnownErrorType: loaded 7 times (x 84B)
Class dagger.internal.codegen.writing.MembersInjectorGenerator_Factory                : loaded 7 times (x 82B)
Class dagger.internal.codegen.processingstep.ProcessingStepsModule_ProcessingStepsFactory: loaded 7 times (x 82B)
Class dagger.internal.codegen.DelegateComponentProcessor_MembersInjector              : loaded 7 times (x 75B)
Class dagger.internal.codegen.binding.LegacyBindingGraphConverter_Factory             : loaded 7 times (x 81B)
Class dagger.internal.codegen.compileroption.ProcessingEnvironmentCompilerOptions_Factory: loaded 7 times (x 82B)
Class dagger.internal.codegen.writing.ModuleProxies$ModuleConstructorProxyGenerator   : loaded 7 times (x 78B)
Class dagger.internal.codegen.writing.UnwrappedMapKeyGenerator_Factory                : loaded 7 times (x 82B)
Class dagger.internal.codegen.binding.MultibindingDeclaration                         : loaded 7 times (x 78B)
Class dagger.hilt.android.processor.internal.viewmodel.ViewModelProcessingStep        : loaded 7 times (x 86B)
Class dagger.internal.codegen.componentgenerator.ComponentGeneratorModule             : loaded 7 times (x 70B)
Class dagger.internal.codegen.binding.Binding                                         : loaded 7 times (x 81B)
Class dagger.internal.codegen.compileroption.ProcessingEnvironmentCompilerOptions$Feature: loaded 7 times (x 90B)
Class dagger.internal.codegen.binding.OptionalBindingDeclaration_Factory_Factory      : loaded 7 times (x 82B)
Class dagger.internal.codegen.validation.ProducesMethodValidator_Factory              : loaded 7 times (x 82B)
Class dagger.internal.codegen.base.DaggerSuperficialValidation$ValidationException    : loaded 7 times (x 84B)
Class com.google.common.collect.Sets$3$1                                              : loaded 7 times (x 82B)
Class dagger.internal.codegen.binding.SubcomponentDeclaration$Factory                 : loaded 7 times (x 73B)
Class dagger.internal.codegen.validation.BindingMethodValidatorsModule                : loaded 7 times (x 70B)
Class dagger.internal.codegen.writing.InaccessibleMapKeyProxyGenerator                : loaded 7 times (x 78B)
Class dagger.internal.codegen.base.DaggerSuperficialValidation$ValidationException$UnexpectedException: loaded 7 times (x 84B)
Class dagger.internal.codegen.binding.ProvisionBinding                                : loaded 7 times (x 90B)
Class dagger.internal.codegen.xprocessing.XTypeNames                                  : loaded 7 times (x 71B)
Class dagger.internal.codegen.binding.InjectionSiteFactory                            : loaded 7 times (x 72B)
Class dagger.hilt.android.processor.internal.viewmodel.ViewModelMetadata              : loaded 7 times (x 72B)
Class dagger.Lazy                                                                     : loaded 7 times (x 70B)
Class dagger.internal.codegen.binding.MethodSignatureFormatter                        : loaded 7 times (x 86B)
Class [Ldagger.internal.codegen.model.BindingKind;                                    : loaded 7 times (x 69B)
Class dagger.internal.codegen.writing.AnnotationCreatorGenerator                      : loaded 7 times (x 81B)
Class dagger.internal.codegen.validation.DiagnosticReporterFactory                    : loaded 7 times (x 72B)
Class dagger.internal.codegen.binding.LegacyBindingGraphConverter                     : loaded 7 times (x 71B)
Class dagger.internal.codegen.bindinggraphvalidation.BindingGraphValidationModule_ProvidePluginsFactory: loaded 7 times (x 82B)
Class dagger.internal.codegen.kotlin.KotlinMetadataUtil_Factory                       : loaded 7 times (x 82B)
Class dagger.internal.codegen.validation.ProvidesMethodValidator$Validator            : loaded 7 times (x 80B)
Class dagger.internal.codegen.binding.ModuleDescriptor                                : loaded 7 times (x 81B)
Class dagger.internal.codegen.ProcessingEnvironmentModule_ProcessingOptionsFactory    : loaded 7 times (x 82B)
Class dagger.internal.codegen.componentgenerator.ComponentHjarGenerator_Factory       : loaded 7 times (x 82B)
Class dagger.internal.codegen.validation.ValidationBindingGraphPlugin                 : loaded 7 times (x 85B)
Class dagger.internal.codegen.processingstep.MonitoringModuleProcessingStep           : loaded 7 times (x 86B)
Class dagger.internal.codegen.processingstep.InjectProcessingStep_Factory             : loaded 7 times (x 82B)
Class dagger.internal.codegen.binding.DependencyRequestFactory_Factory                : loaded 7 times (x 82B)
Class [Ldagger.internal.codegen.compileroption.ProcessingEnvironmentCompilerOptions$Validation;: loaded 7 times (x 69B)
Class dagger.internal.codegen.bindinggraphvalidation.SubcomponentFactoryMethodValidator_Factory$InstanceHolder: loaded 7 times (x 71B)
Class dagger.internal.codegen.binding.MonitoringModules                               : loaded 7 times (x 75B)
Class dagger.internal.codegen.binding.MultibindingDeclaration_Factory_Factory         : loaded 7 times (x 82B)
Class dagger.internal.codegen.binding.ComponentDeclarations_Factory_Factory           : loaded 7 times (x 82B)
Class dagger.internal.codegen.validation.ExternalBindingGraphPlugins                  : loaded 7 times (x 72B)
Class dagger.internal.codegen.binding.DelegateDeclaration$Factory                     : loaded 7 times (x 72B)
Class dagger.internal.codegen.binding.ProductionBinding                               : loaded 7 times (x 93B)
Class dagger.internal.codegen.bindinggraphvalidation.IncompatiblyScopedBindingsValidator_Factory: loaded 7 times (x 82B)
Class dagger.internal.codegen.compileroption.ProcessingEnvironmentCompilerOptions     : loaded 7 times (x 97B)
Class dagger.hilt.processor.internal.definecomponent.AutoValue_DefineComponentBuilderMetadatas_DefineComponentBuilderMetadata: loaded 7 times (x 75B)
Class dagger.internal.Provider                                                        : loaded 7 times (x 70B)
Class dagger.internal.codegen.binding.InjectionBinding                                : loaded 7 times (x 93B)
Class dagger.internal.codegen.binding.SourceFiles_Factory                             : loaded 7 times (x 81B)
Class dagger.internal.codegen.binding.DependencyRequestFormatter                      : loaded 7 times (x 86B)
Class dagger.internal.codegen.validation.MultibindsMethodValidator                    : loaded 7 times (x 79B)
Class dagger.internal.codegen.validation.DiagnosticReporterFactory$DiagnosticReporterImpl: loaded 7 times (x 76B)
Class dagger.internal.codegen.processingstep.LazyClassKeyProcessingStep               : loaded 7 times (x 86B)
Class dagger.internal.codegen.processingstep.ModuleProcessingStep_Factory             : loaded 7 times (x 82B)
Class dagger.internal.codegen.processingstep.TypeCheckingProcessingStep               : loaded 7 times (x 86B)
Class dagger.internal.codegen.base.KeywordValidator_Factory                           : loaded 7 times (x 81B)
Class dagger.internal.codegen.binding.ComponentDescriptor_Factory_Factory             : loaded 7 times (x 82B)
Class dagger.internal.codegen.validation.MapKeyValidator_Factory                      : loaded 7 times (x 82B)
Class dagger.internal.codegen.writing.LazyMapKeyProxyGenerator_Factory                : loaded 7 times (x 82B)
Class com.google.common.collect.Iterators$6                                           : loaded 7 times (x 81B)
Class dagger.internal.codegen.processingstep.ComponentHjarProcessingStep              : loaded 7 times (x 86B)
Class dagger.internal.codegen.binding.BindingNode$Factory                             : loaded 7 times (x 72B)
Class dagger.internal.codegen.processingstep.MapKeyProcessingStep_Factory             : loaded 7 times (x 82B)
Class dagger.internal.codegen.bindinggraphvalidation.ProvisionDependencyOnProducerBindingValidator: loaded 7 times (x 85B)
Class com.google.common.graph.PredecessorsFunction                                    : loaded 7 times (x 70B)
Class dagger.hilt.android.processor.internal.bindvalue.BindValueMetadata              : loaded 7 times (x 73B)
Class dagger.internal.codegen.compileroption.CompilerOptions                          : loaded 7 times (x 96B)
Class dagger.spi.internal.shaded.androidx.room3.compiler.processing.ksp.KspExecutableParameterElement$Companion: loaded 7 times (x 71B)
Class dagger.internal.codegen.writing.LazyMapKeyProxyGenerator                        : loaded 7 times (x 78B)
Class dagger.internal.codegen.validation.ComponentDescriptorValidator_Factory         : loaded 7 times (x 82B)
Class dagger.internal.codegen.componentgenerator.ComponentGeneratorModule_ComponentHjarGeneratorFactory: loaded 7 times (x 82B)
Class dagger.internal.codegen.validation.BindsMethodValidator$Validator               : loaded 7 times (x 80B)
Class dagger.hilt.android.processor.internal.viewmodel.ViewModelMetadata$Companion$create$8: loaded 7 times (x 75B)
Class dagger.internal.codegen.processingstep.BindingMethodProcessingStep_Factory      : loaded 7 times (x 82B)
Class dagger.internal.codegen.validation.BindingElementValidator$AllowsScoping        : loaded 7 times (x 79B)
Class dagger.internal.codegen.base.Formatter                                          : loaded 7 times (x 85B)
Class dagger.internal.codegen.bindinggraphvalidation.CompositeBindingGraphPlugin_Factory: loaded 7 times (x 72B)
Class dagger.internal.codegen.validation.MembersInjectionValidator_Factory            : loaded 7 times (x 82B)
Class dagger.hilt.android.processor.internal.viewmodel.ViewModelValidationPlugin      : loaded 7 times (x 83B)
Class dagger.internal.codegen.validation.AssistedValidator                            : loaded 7 times (x 75B)
Class dagger.internal.codegen.validation.BindingMethodValidatorsModule_IndexValidatorsFactory: loaded 7 times (x 82B)
Class dagger.internal.codegen.binding.DeclarationFormatter_Factory                    : loaded 7 times (x 82B)
Class [Ldagger.internal.codegen.compileroption.FeatureStatus;                         : loaded 7 times (x 69B)
Class dagger.internal.codegen.binding.InjectBindingRegistry                           : loaded 7 times (x 70B)
Class dagger.internal.codegen.validation.MultibindsMethodValidator_Factory            : loaded 7 times (x 82B)
Class dagger.internal.codegen.bindinggraphvalidation.InvalidProductionBindingScopeValidator_Factory: loaded 7 times (x 81B)
Class dagger.internal.codegen.model.Binding                                           : loaded 7 times (x 70B)
Class dagger.internal.codegen.bindinggraphvalidation.BindingGraphValidationModule     : loaded 7 times (x 70B)
Class dagger.internal.codegen.bindinggraphvalidation.MapMultibindingValidator         : loaded 7 times (x 85B)
Class dagger.internal.codegen.validation.BindsInstanceParameterValidator_Factory      : loaded 7 times (x 82B)
Class dagger.internal.codegen.compileroption.ProcessingEnvironmentCompilerOptions$KeyOnlyOption$1: loaded 7 times (x 86B)
Class com.google.common.collect.ImmutableSetMultimap$EntrySet                         : loaded 7 times (x 146B)
Class dagger.spi.BindingGraphPlugin                                                   : loaded 7 times (x 70B)
Class dagger.internal.codegen.validation.DiagnosticMessageGenerator$Factory           : loaded 7 times (x 72B)
Class dagger.internal.codegen.binding.BindingGraph$TopLevelBindingGraph               : loaded 7 times (x 100B)
Class dagger.internal.codegen.processingstep.AssistedProcessingStep_Factory           : loaded 7 times (x 82B)
Class dagger.internal.codegen.validation.MultibindsMethodValidator$Validator          : loaded 7 times (x 80B)
Class dagger.internal.codegen.model.BindingGraphPlugin                                : loaded 7 times (x 70B)
Class dagger.internal.Preconditions                                                   : loaded 7 times (x 71B)
Class dagger.spi.internal.shaded.androidx.room3.compiler.processing.javac.JavacType   : loaded 7 times (x 187B)
Class dagger.hilt.processor.internal.definecomponent.DefineComponentMetadatas         : loaded 7 times (x 72B)
Class dagger.internal.codegen.xprocessing.XTypes                                      : loaded 7 times (x 71B)
Class dagger.internal.codegen.ServiceLoaders$1                                        : loaded 7 times (x 71B)
Class com.google.common.collect.LinkedHashMultimap$MultimapIterationChain             : loaded 7 times (x 72B)
Class dagger.spi.internal.shaded.androidx.room3.compiler.processing.javac.JavacBasicAnnotationProcessor: loaded 7 times (x 98B)
Class dagger.internal.codegen.ProcessingEnvironmentModule                             : loaded 7 times (x 70B)
Class [Ldagger.internal.codegen.validation.BindingElementValidator$AllowsMultibindings;: loaded 7 times (x 69B)
Class dagger.internal.codegen.compileroption.ProcessingEnvironmentCompilerOptions$Validation: loaded 7 times (x 93B)
Class dagger.internal.codegen.binding.LegacyBindingGraphFactory                       : loaded 7 times (x 72B)
Class dagger.internal.codegen.compileroption.ProcessingEnvironmentCompilerOptions$KeyOnlyOption$2: loaded 7 times (x 86B)
Class dagger.internal.codegen.model.BindingKind                                       : loaded 7 times (x 79B)
Class com.google.common.base.Splitter                                                 : loaded 7 times (x 72B)
Class com.squareup.javapoet.ParameterSpec                                             : loaded 7 times (x 72B)
Class dagger.internal.codegen.validation.MembersInjectionValidator                    : loaded 7 times (x 72B)
Class com.squareup.javapoet.MethodSpec                                                : loaded 7 times (x 72B)
Class dagger.hilt.processor.internal.definecomponent.DefineComponents                 : loaded 7 times (x 72B)
Class dagger.internal.codegen.validation.BindsInstanceParameterValidator              : loaded 7 times (x 78B)
Class dagger.internal.codegen.binding.KeyFactory_Factory                              : loaded 7 times (x 82B)
Class com.google.common.graph.Network                                                 : loaded 7 times (x 70B)
Class dagger.spi.internal.shaded.androidx.room3.compiler.processing.ksp.ResolverExtKt : loaded 7 times (x 71B)
Class dagger.internal.codegen.processingstep.LazyClassKeyProcessingStep_Factory       : loaded 7 times (x 82B)
Class dagger.internal.codegen.DelegateComponentProcessor_SourceFileGeneratorsModule_ProducerFactoryGeneratorFactory: loaded 7 times (x 82B)
Class dagger.internal.codegen.validation.BindsInstanceElementValidator                : loaded 7 times (x 78B)
Class dagger.internal.codegen.validation.BindsMethodValidator                         : loaded 7 times (x 78B)
Class dagger.internal.codegen.processingstep.TypeCheckingProcessingStep_MembersInjector: loaded 7 times (x 75B)
Class dagger.internal.codegen.bindinggraphvalidation.CompositeBindingGraphPlugin$Factory: loaded 7 times (x 70B)
Class dagger.internal.codegen.binding.MethodSignatureFormatter$1                      : loaded 7 times (x 87B)
Class dagger.internal.codegen.bindinggraphvalidation.DuplicateBindingsValidator_Factory: loaded 7 times (x 82B)
Class [Ldagger.internal.codegen.compileroption.ProcessingEnvironmentCompilerOptions$KeyOnlyOption;: loaded 7 times (x 69B)
Class dagger.internal.codegen.base.ElementFormatter                                   : loaded 7 times (x 85B)
Class dagger.internal.codegen.DaggerDelegateComponentProcessor_Injector$TopLevelImplementationComponentFactory: loaded 7 times (x 75B)
Class dagger.internal.codegen.processingstep.ComponentHjarProcessingStep_Factory      : loaded 7 times (x 82B)
Class com.google.common.collect.ImmutableMap$MapViewOfValuesAsSingletonSets$1$1       : loaded 7 times (x 83B)
Class dagger.internal.DoubleCheck                                                     : loaded 7 times (x 83B)
Class dagger.internal.codegen.base.ElementFormatter_Factory                           : loaded 7 times (x 81B)
Class dagger.internal.codegen.processingstep.BindsInstanceProcessingStep              : loaded 7 times (x 86B)
Class dagger.spi.internal.shaded.androidx.room3.compiler.codegen.compat.XConverters   : loaded 7 times (x 71B)
Class dagger.internal.codegen.validation.MapKeyValidator                              : loaded 7 times (x 72B)
Class dagger.internal.codegen.binding.AutoValue_ComponentDescriptor                   : loaded 7 times (x 98B)
Class dagger.internal.codegen.validation.SpiModelBindingGraphConverter                : loaded 7 times (x 71B)
Class dagger.internal.codegen.binding.AutoValue_ModuleDescriptor                      : loaded 7 times (x 86B)
Class dagger.internal.codegen.compileroption.ValidationType                           : loaded 7 times (x 79B)
Class dagger.hilt.processor.internal.JavacBaseProcessingStepProcessor                 : loaded 7 times (x 100B)
Class dagger.internal.codegen.validation.BindingElementValidator$AllowsMultibindings  : loaded 7 times (x 79B)
Class dagger.internal.codegen.validation.InjectBindingRegistryImpl_Factory            : loaded 7 times (x 82B)
Class dagger.internal.codegen.bindinggraphvalidation.NullableBindingValidator         : loaded 7 times (x 85B)
Class dagger.internal.codegen.binding.ComponentDescriptor$Factory                     : loaded 7 times (x 75B)
Class dagger.internal.codegen.writing.InaccessibleMapKeyProxyGenerator_Factory        : loaded 7 times (x 82B)
Class dagger.internal.codegen.model.BindingGraph$Node                                 : loaded 7 times (x 70B)
Class dagger.internal.codegen.DelegateComponentProcessor$Injector$Factory             : loaded 7 times (x 70B)
Class dagger.hilt.processor.internal.definecomponent.DefineComponentBuilderMetadatas$DefineComponentBuilderMetadata: loaded 7 times (x 74B)
Class dagger.internal.codegen.compileroption.ProcessingEnvironmentCompilerOptions$KeyOnlyOption: loaded 7 times (x 86B)
Class dagger.internal.codegen.writing.ProducerFactoryGenerator                        : loaded 7 times (x 78B)
Class com.squareup.kotlinpoet.UtilKt$escapeSegmentsIfNecessary$2                      : loaded 7 times (x 78B)
Class dagger.internal.codegen.writing.FactoryGenerator_Factory                        : loaded 7 times (x 82B)
Class dagger.internal.codegen.binding.InjectionAnnotations                            : loaded 7 times (x 72B)
Class dagger.internal.codegen.validation.InjectBindingRegistryImpl$BindingsCollection : loaded 7 times (x 72B)
Class dagger.internal.codegen.binding.DependencyRequestFormatter_Factory              : loaded 7 times (x 82B)
Class dagger.hilt.android.processor.internal.viewmodel.ViewModelModuleGenerator$Companion: loaded 7 times (x 71B)
Class [Ldagger.internal.codegen.base.ClearableCache;                                  : loaded 7 times (x 69B)
Class dagger.spi.internal.shaded.androidx.room3.compiler.processing.ksp.KspExecutableParameterElement: loaded 7 times (x 192B)
Class dagger.hilt.processor.internal.root.ir.InvalidRootsException                    : loaded 7 times (x 82B)
Class dagger.internal.codegen.binding.BindingNode_Factory_Factory                     : loaded 7 times (x 82B)
Class dagger.internal.codegen.validation.DiagnosticReporterFactory_Factory            : loaded 7 times (x 82B)
Class dagger.internal.codegen.validation.ComponentDescriptorValidator                 : loaded 7 times (x 72B)
Class dagger.internal.codegen.bindinggraphvalidation.MissingBindingValidator          : loaded 7 times (x 85B)
Class dagger.internal.codegen.DaggerDelegateComponentProcessor_Injector$InjectorImpl  : loaded 7 times (x 75B)
Class dagger.internal.codegen.bindinggraphvalidation.ProvisionDependencyOnProducerBindingValidator_Factory: loaded 7 times (x 81B)
Class [Ldagger.internal.codegen.compileroption.ProcessingEnvironmentCompilerOptions$Feature;: loaded 7 times (x 69B)
Class dagger.internal.codegen.validation.ProducesMethodValidator$Validator            : loaded 7 times (x 80B)
Class dagger.internal.codegen.processingstep.MonitoringModuleGenerator_Factory        : loaded 7 times (x 82B)
Class dagger.internal.codegen.base.DaggerSuperficialValidation$ValidationException$JavaKeywordErrorType: loaded 7 times (x 84B)
Class dagger.internal.codegen.validation.InjectValidator_Factory                      : loaded 7 times (x 82B)
Class dagger.spi.model.BindingGraphPlugin                                             : loaded 7 times (x 70B)
Class dagger.internal.codegen.binding.KeyFactory                                      : loaded 7 times (x 72B)
Class com.google.common.graph.ArchetypeGraph                                          : loaded 7 times (x 70B)
Class com.google.common.base.CommonPattern                                            : loaded 7 times (x 74B)
Class dagger.internal.codegen.bindinggraphvalidation.IncompatiblyScopedBindingsValidator: loaded 7 times (x 85B)
Class [Ldagger.spi.internal.shaded.androidx.room3.compiler.codegen.XTypeName;         : loaded 7 times (x 69B)
Class com.google.common.collect.Maps$IteratorBasedAbstractMap$1                       : loaded 7 times (x 138B)
Class [Ldagger.spi.model.DaggerProcessingEnv$Backend;                                 : loaded 6 times (x 69B)
Class dagger.spi.model.DaggerProcessingEnv                                            : loaded 6 times (x 75B)
Class dagger.spi.internal.shaded.androidx.room3.compiler.processing.XTypeArgument     : loaded 6 times (x 70B)
Class dagger.internal.codegen.base.Util                                               : loaded 6 times (x 71B)
Class com.google.common.base.Splitter$Strategy                                        : loaded 6 times (x 70B)
Class com.google.common.base.AbstractIterator                                         : loaded 6 times (x 80B)
Class [Lcom.google.common.base.AbstractIterator$State;                                : loaded 6 times (x 69B)
Class com.google.common.base.NullnessCasts                                            : loaded 6 times (x 71B)
Class dagger.internal.codegen.base.ValidationReport                                   : loaded 6 times (x 72B)
Class com.google.common.base.AbstractIterator$State                                   : loaded 6 times (x 79B)
Class com.google.common.graph.Traverser                                               : loaded 6 times (x 73B)
Class dagger.internal.codegen.validation.SpiModelBindingGraphConverter$DiagnosticReporterImpl: loaded 6 times (x 76B)
Class dagger.internal.codegen.validation.SpiModelBindingGraphConverter$1              : loaded 6 times (x 71B)
Class dagger.internal.codegen.validation.SpiModelBindingGraphConverter$DaggerProcessingEnvImpl: loaded 6 times (x 76B)
Class dagger.hilt.android.processor.internal.viewmodel.ViewModelValidationPluginKt    : loaded 6 times (x 71B)
Class dagger.hilt.android.processor.internal.viewmodel.ViewModelValidationPluginKt$WhenMappings: loaded 6 times (x 71B)
Class dagger.spi.model.DaggerProcessingEnv$Backend                                    : loaded 6 times (x 79B)
Class com.google.common.base.Splitter$1                                               : loaded 6 times (x 86B)
Class com.google.common.base.Splitter$SplittingIterator                               : loaded 6 times (x 84B)
Class dagger.internal.codegen.base.ValidationReport$Builder                           : loaded 6 times (x 72B)
Class dagger.spi.model.BindingGraph$Node                                              : loaded 6 times (x 70B)
Class com.google.common.base.CharMatcher$None                                         : loaded 6 times (x 113B)
Class dagger.spi.model.BindingGraph$Edge                                              : loaded 6 times (x 70B)
Class com.google.common.graph.Traverser$2                                             : loaded 6 times (x 74B)
Class com.google.common.graph.Traverser$1                                             : loaded 6 times (x 74B)
Class dagger.spi.model.DiagnosticReporter                                             : loaded 6 times (x 75B)
Class com.google.common.graph.BaseGraph                                               : loaded 6 times (x 70B)
Class com.google.common.base.Splitter$5                                               : loaded 5 times (x 80B)
Class [Lkotlin.Pair;                                                                  : loaded 3 times (x 69B)
Class kotlin._Assertions                                                              : loaded 3 times (x 71B)
Class kotlin.collections.AbstractList$Companion                                       : loaded 3 times (x 71B)
Class kotlin.enums.EnumEntries                                                        : loaded 3 times (x 70B)
Class kotlin.sequences.SequencesKt___SequencesKt                                      : loaded 3 times (x 71B)
Class kotlin.jvm.internal.markers.KMutableList                                        : loaded 3 times (x 70B)
Class kotlin.io.FilesKt__FileReadWriteKt                                              : loaded 3 times (x 71B)
Class kotlin.enums.EnumEntriesKt                                                      : loaded 3 times (x 71B)
Class kotlin.KotlinVersion$Companion                                                  : loaded 3 times (x 71B)
Class kotlin.LazyKt__LazyJVMKt                                                        : loaded 3 times (x 71B)
Class kotlin.jvm.functions.Function12                                                 : loaded 3 times (x 70B)
Class kotlin.collections.MapsKt                                                       : loaded 3 times (x 71B)
Class kotlin.collections.CollectionsKt__MutableCollectionsJVMKt                       : loaded 3 times (x 71B)
Class kotlin.text.StringsKt___StringsKt                                               : loaded 3 times (x 71B)
Class kotlin.jvm.internal.markers.KMutableListIterator                                : loaded 3 times (x 70B)
Class kotlin.jvm.functions.Function8                                                  : loaded 3 times (x 70B)
Class kotlin.collections.CollectionsKt__IterablesKt                                   : loaded 3 times (x 71B)
Class kotlin.text.StringsKt                                                           : loaded 3 times (x 71B)
Class kotlin.comparisons.ComparisonsKt___ComparisonsJvmKt                             : loaded 3 times (x 71B)
Class kotlin.collections.builders.ListBuilder$Companion                               : loaded 3 times (x 71B)
Class kotlin.collections.MapsKt__MapWithDefaultKt                                     : loaded 3 times (x 71B)
Class kotlin.collections.builders.ListBuilder                                         : loaded 3 times (x 207B)
Class kotlin.collections.CollectionsKt__IteratorsJVMKt                                : loaded 3 times (x 71B)
Class kotlin.text.StringsKt__StringNumberConversionsKt                                : loaded 3 times (x 71B)
Class kotlin.text.Charsets                                                            : loaded 3 times (x 71B)
Class kotlin.collections.CollectionsKt__CollectionsKt                                 : loaded 3 times (x 71B)
Class kotlin.collections.ArraysKt___ArraysJvmKt                                       : loaded 3 times (x 71B)
Class kotlin.collections.CollectionsKt__IteratorsKt                                   : loaded 3 times (x 71B)
Class kotlin.jvm.functions.Function7                                                  : loaded 3 times (x 70B)
Class kotlin.reflect.KProperty$Accessor                                               : loaded 3 times (x 70B)
Class kotlin.sequences.SequencesKt                                                    : loaded 3 times (x 71B)
Class kotlin.KotlinVersionCurrentValue                                                : loaded 3 times (x 71B)
Class kotlin.text.StringsKt__RegexExtensionsJVMKt                                     : loaded 3 times (x 71B)
Class kotlin.ranges.OpenEndRange                                                      : loaded 3 times (x 70B)
Class kotlin.KotlinNullPointerException                                               : loaded 3 times (x 83B)
Class kotlin.jvm.internal.Intrinsics                                                  : loaded 3 times (x 71B)
Class kotlin.collections.CollectionsKt__CollectionsJVMKt                              : loaded 3 times (x 71B)
Class kotlin.io.FilesKt__UtilsKt                                                      : loaded 3 times (x 71B)
Class kotlin.text.Regex$Companion                                                     : loaded 3 times (x 71B)
Class kotlin.reflect.KProperty0                                                       : loaded 3 times (x 70B)
Class kotlin.io.FileSystemException                                                   : loaded 3 times (x 82B)
Class kotlin.Result                                                                   : loaded 3 times (x 72B)
Class kotlin.collections.MapsKt___MapsKt                                              : loaded 3 times (x 71B)
Class kotlin.reflect.KTypeParameter                                                   : loaded 3 times (x 70B)
Class kotlin.jvm.functions.Function14                                                 : loaded 3 times (x 70B)
Class kotlin.ranges.RangesKt___RangesKt                                               : loaded 3 times (x 71B)
Class [Lkotlin.reflect.KClass;                                                        : loaded 3 times (x 69B)
Class kotlin.ranges.IntRange                                                          : loaded 3 times (x 93B)
Class kotlin.jvm.internal.markers.KMutableMap                                         : loaded 3 times (x 70B)
Class kotlin.collections.ArrayDeque$Companion                                         : loaded 3 times (x 71B)
Class kotlin.collections.EmptyMap                                                     : loaded 3 times (x 108B)
Class kotlin.reflect.KProperty1                                                       : loaded 3 times (x 70B)
Class kotlin.collections.ArraysKt___ArraysKt                                          : loaded 3 times (x 71B)
Class kotlin.jvm.internal.DefaultConstructorMarker                                    : loaded 3 times (x 71B)
Class kotlin.jvm.internal.PropertyReference1                                          : loaded 3 times (x 127B)
Class kotlin.io.FilesKt                                                               : loaded 3 times (x 71B)
Class kotlin.jvm.functions.Function6                                                  : loaded 3 times (x 70B)
Class kotlin.reflect.KClass                                                           : loaded 3 times (x 70B)
Class kotlin.jvm.functions.Function15                                                 : loaded 3 times (x 70B)
Class kotlin.text.CharsKt__CharKt                                                     : loaded 3 times (x 71B)
Class kotlin.collections.ArraysKt                                                     : loaded 3 times (x 71B)
Class kotlin.SafePublicationLazyImpl                                                  : loaded 3 times (x 76B)
Class kotlin.sequences.TransformingSequence$iterator$1                                : loaded 3 times (x 79B)
Class kotlin.Pair                                                                     : loaded 3 times (x 72B)
Class kotlin.sequences.TransformingSequence                                           : loaded 3 times (x 75B)
Class kotlin.jvm.functions.Function16                                                 : loaded 3 times (x 70B)
Class kotlin.UnsafeLazyImpl                                                           : loaded 3 times (x 76B)
Class kotlin.LazyKt__LazyJVMKt$WhenMappings                                           : loaded 3 times (x 71B)
Class kotlin.reflect.KProperty$Getter                                                 : loaded 3 times (x 70B)
Class kotlin.text.StringsKt___StringsJvmKt                                            : loaded 3 times (x 71B)
Class kotlin.reflect.KDeclarationContainer                                            : loaded 3 times (x 70B)
Class kotlin.jvm.functions.Function5                                                  : loaded 3 times (x 70B)
Class kotlin.collections.SetsKt__SetsKt                                               : loaded 3 times (x 71B)
Class kotlin.LazyKt                                                                   : loaded 3 times (x 71B)
Class kotlin.collections.builders.ListBuilder$Itr                                     : loaded 3 times (x 94B)
Class kotlin.UninitializedPropertyAccessException                                     : loaded 3 times (x 82B)
Class kotlin.ranges.IntProgression$Companion                                          : loaded 3 times (x 71B)
Class kotlin.LazyThreadSafetyMode                                                     : loaded 3 times (x 79B)
Class kotlin.jvm.functions.Function17                                                 : loaded 3 times (x 70B)
Class kotlin.collections.ArraysKt__ArraysJVMKt                                        : loaded 3 times (x 71B)
Class kotlin.collections.CollectionsKt___CollectionsKt                                : loaded 3 times (x 71B)
Class kotlin.collections.EmptySet                                                     : loaded 3 times (x 122B)
Class kotlin.jvm.functions.Function4                                                  : loaded 3 times (x 70B)
Class kotlin.reflect.KProperty2                                                       : loaded 3 times (x 70B)
Class kotlin.collections.CollectionsKt__MutableCollectionsKt                          : loaded 3 times (x 71B)
Class kotlin.io.CloseableKt                                                           : loaded 3 times (x 71B)
Class kotlin.jvm.functions.Function18                                                 : loaded 3 times (x 70B)
Class kotlin.jvm.internal.CallableReference$NoReceiver                                : loaded 3 times (x 71B)
Class kotlin.ranges.IntRange$Companion                                                : loaded 3 times (x 71B)
Class kotlin.text.StringsKt__StringBuilderKt                                          : loaded 3 times (x 71B)
Class kotlin.text.StringsKt__AppendableKt                                             : loaded 3 times (x 71B)
Class kotlin.jvm.internal.SpreadBuilder                                               : loaded 3 times (x 76B)
Class kotlin.collections.EmptyIterator                                                : loaded 3 times (x 89B)
Class kotlin.text.StringsKt__RegexExtensionsKt                                        : loaded 3 times (x 71B)
Class kotlin.SynchronizedLazyImpl                                                     : loaded 3 times (x 76B)
Class kotlin.collections.MapsKt__MapsKt                                               : loaded 3 times (x 71B)
Class kotlin.jvm.internal.Lambda                                                      : loaded 3 times (x 75B)
Class [Lkotlin.reflect.KDeclarationContainer;                                         : loaded 3 times (x 69B)
Class kotlin.io.TerminateException                                                    : loaded 3 times (x 82B)
Class kotlin.io.FilesKt__FilePathComponentsKt                                         : loaded 3 times (x 71B)
Class kotlin.collections.MapsKt___MapsJvmKt                                           : loaded 3 times (x 71B)
Class kotlin.enums.EnumEntriesList                                                    : loaded 3 times (x 223B)
Class kotlin.reflect.KCallable                                                        : loaded 3 times (x 70B)
Class kotlin.reflect.KFunction                                                        : loaded 3 times (x 70B)
Class kotlin.io.FileTreeWalk$WalkState                                                : loaded 3 times (x 73B)
Class kotlin.collections.MapWithDefault                                               : loaded 3 times (x 70B)
Class kotlin.jvm.functions.Function22                                                 : loaded 3 times (x 70B)
Class kotlin.jvm.functions.Function3                                                  : loaded 3 times (x 70B)
Class kotlin.collections.ArrayDeque                                                   : loaded 3 times (x 207B)
Class kotlin.sequences.SequencesKt__SequencesJVMKt                                    : loaded 3 times (x 71B)
Class kotlin.collections.AbstractList                                                 : loaded 3 times (x 197B)
Class kotlin.collections.AbstractCollection                                           : loaded 3 times (x 117B)
Class kotlin.jvm.internal.FunctionBase                                                : loaded 3 times (x 70B)
Class kotlin.SafePublicationLazyImpl$Companion                                        : loaded 3 times (x 71B)
Class kotlin.text.StringsKt__StringNumberConversionsJVMKt                             : loaded 3 times (x 71B)
Class kotlin.sequences.Sequence                                                       : loaded 3 times (x 70B)
Class kotlin.KotlinNothingValueException                                              : loaded 3 times (x 82B)
Class kotlin.jvm.functions.Function2                                                  : loaded 3 times (x 70B)
Class kotlin.jvm.internal.markers.KMutableIterator                                    : loaded 3 times (x 70B)
Class kotlin.jvm.functions.Function19                                                 : loaded 3 times (x 70B)
Class kotlin.Lazy                                                                     : loaded 3 times (x 70B)
Class kotlin.NoWhenBranchMatchedException                                             : loaded 3 times (x 82B)
Class kotlin.jvm.internal.PropertyReference1Impl                                      : loaded 3 times (x 127B)
Class kotlin.collections.SetsKt                                                       : loaded 3 times (x 71B)
Class kotlin.collections.MapsKt__MapsJVMKt                                            : loaded 3 times (x 71B)
Class kotlin.text.StringsKt__IndentKt                                                 : loaded 3 times (x 71B)
Class kotlin.collections.AbstractIterator                                             : loaded 3 times (x 83B)
Class kotlin.collections.MutableMapWithDefaultImpl                                    : loaded 3 times (x 144B)
Class kotlin.text.Regex                                                               : loaded 3 times (x 72B)
Class kotlin.text.CharsKt                                                             : loaded 3 times (x 71B)
Class kotlin.jvm.functions.Function1                                                  : loaded 3 times (x 70B)
Class kotlin.text.StringsKt__StringBuilderJVMKt                                       : loaded 3 times (x 71B)
Class kotlin.collections.ArrayAsCollection                                            : loaded 3 times (x 105B)
Class kotlin.LazyKt__LazyKt                                                           : loaded 3 times (x 71B)
Class kotlin.collections.AbstractMutableList                                          : loaded 3 times (x 206B)
Class kotlin.text.StringsKt__StringsJVMKt                                             : loaded 3 times (x 71B)
Class kotlin.jvm.internal.markers.KMutableCollection                                  : loaded 3 times (x 70B)
Class kotlin.ranges.ClosedRange                                                       : loaded 3 times (x 70B)
Class kotlin.reflect.KProperty                                                        : loaded 3 times (x 70B)
Class kotlin.jvm.internal.Reflection                                                  : loaded 3 times (x 71B)
Class kotlin.jvm.JvmClassMappingKt                                                    : loaded 3 times (x 71B)
Class kotlin.jvm.internal.ReflectionFactory                                           : loaded 3 times (x 91B)
Class kotlin.UNINITIALIZED_VALUE                                                      : loaded 3 times (x 71B)
Class kotlin.jvm.internal.markers.KMappedMarker                                       : loaded 3 times (x 70B)
Class kotlin.collections.CollectionsKt__ReversedViewsKt                               : loaded 3 times (x 71B)
Class kotlin.jvm.functions.Function0                                                  : loaded 3 times (x 70B)
Class kotlin.sequences.SequencesKt__SequenceBuilderKt                                 : loaded 3 times (x 71B)
Class [Lkotlin.io.FileWalkDirection;                                                  : loaded 3 times (x 69B)
Class [Lkotlin.reflect.KAnnotatedElement;                                             : loaded 3 times (x 69B)
Class kotlin.reflect.KAnnotatedElement                                                : loaded 3 times (x 70B)
Class kotlin.collections.MutableMapWithDefault                                        : loaded 3 times (x 70B)
Class kotlin.sequences.FilteringSequence$iterator$1                                   : loaded 3 times (x 79B)
Class kotlin.jvm.internal.CollectionToArray                                           : loaded 3 times (x 71B)
Class kotlin.collections.ArraysUtilJVM                                                : loaded 3 times (x 71B)
Class kotlin.jvm.functions.Function10                                                 : loaded 3 times (x 70B)
Class kotlin.comparisons.ComparisonsKt__ComparisonsKt                                 : loaded 3 times (x 71B)
Class kotlin.jvm.internal.ClassBasedDeclarationContainer                              : loaded 3 times (x 70B)
Class kotlin.jvm.functions.Function20                                                 : loaded 3 times (x 70B)
Class kotlin.ranges.RangesKt__RangesKt                                                : loaded 3 times (x 71B)
Class kotlin.sequences.SequencesKt__SequencesKt                                       : loaded 3 times (x 71B)
Class kotlin.collections.SetsKt___SetsKt                                              : loaded 3 times (x 71B)
Class kotlin.jvm.functions.Function9                                                  : loaded 3 times (x 70B)
Class kotlin.jvm.internal.CallableReference                                           : loaded 3 times (x 106B)
Class kotlin.collections.CollectionsKt___CollectionsKt$asSequence$$inlined$Sequence$1 : loaded 3 times (x 75B)
Class kotlin.ranges.RangesKt                                                          : loaded 3 times (x 71B)
Class kotlin.io.FilesKt__FileTreeWalkKt                                               : loaded 3 times (x 71B)
Class [Lkotlin.reflect.KClassifier;                                                   : loaded 3 times (x 69B)
Class kotlin.reflect.KMutableProperty0                                                : loaded 3 times (x 70B)
Class kotlin.Unit                                                                     : loaded 3 times (x 71B)
Class kotlin.reflect.KClassifier                                                      : loaded 3 times (x 70B)
Class kotlin.jvm.internal.PropertyReference                                           : loaded 3 times (x 115B)
Class kotlin.io.FileTreeWalk                                                          : loaded 3 times (x 75B)
Class kotlin.internal.ProgressionUtilKt                                               : loaded 3 times (x 71B)
Class kotlin.io.FileAlreadyExistsException                                            : loaded 3 times (x 82B)
Class kotlin.reflect.KMutableProperty                                                 : loaded 3 times (x 70B)
Class kotlin.KotlinVersion                                                            : loaded 3 times (x 74B)
Class kotlin.jvm.internal.Ref$BooleanRef                                              : loaded 3 times (x 71B)
Class kotlin.Function                                                                 : loaded 3 times (x 70B)
Class kotlin.collections.SetsKt__SetsJVMKt                                            : loaded 3 times (x 71B)
Class kotlin.sequences.SequencesKt___SequencesJvmKt                                   : loaded 3 times (x 71B)
Class kotlin.jvm.internal.markers.KMutableIterable                                    : loaded 3 times (x 70B)
Class kotlin.TuplesKt                                                                 : loaded 3 times (x 71B)
Class [Lkotlin.LazyThreadSafetyMode;                                                  : loaded 3 times (x 69B)
Class kotlin.comparisons.ComparisonsKt                                                : loaded 3 times (x 71B)
Class kotlin.comparisons.ComparisonsKt___ComparisonsKt                                : loaded 3 times (x 71B)
Class kotlin.Result$Companion                                                         : loaded 3 times (x 71B)
Class kotlin.reflect.KMutableProperty1                                                : loaded 3 times (x 70B)
Class kotlin.text.CharsKt__CharJVMKt                                                  : loaded 3 times (x 71B)
Class kotlin.sequences.FilteringSequence                                              : loaded 3 times (x 75B)
Class kotlin.collections.ArraysKt__ArraysKt                                           : loaded 3 times (x 71B)
Class kotlin.collections.CollectionsKt___CollectionsJvmKt                             : loaded 3 times (x 71B)
Class kotlin.reflect.KMutableProperty2                                                : loaded 3 times (x 70B)
Class kotlin.io.NoSuchFileException                                                   : loaded 3 times (x 82B)
Class kotlin.collections.CollectionsKt                                                : loaded 3 times (x 71B)
Class kotlin.jvm.functions.Function21                                                 : loaded 3 times (x 70B)
Class kotlin.NotImplementedError                                                      : loaded 3 times (x 82B)
Class kotlin.text.StringsKt__StringsKt                                                : loaded 3 times (x 71B)
Class kotlin.collections.builders.ListBuilderKt                                       : loaded 3 times (x 71B)
Class kotlin.jvm.functions.Function11                                                 : loaded 3 times (x 70B)
Class kotlin.io.FileWalkDirection                                                     : loaded 3 times (x 79B)
Class kotlin.jvm.KotlinReflectionNotSupportedError                                    : loaded 3 times (x 82B)
Class kotlin.ranges.IntProgression                                                    : loaded 3 times (x 81B)
Class kotlin.collections.EmptyList                                                    : loaded 3 times (x 174B)
Class kotlin.io.FileTreeWalk$FileTreeWalkIterator                                     : loaded 3 times (x 83B)
Class kotlin.jvm.functions.Function13                                                 : loaded 3 times (x 70B)
Class kotlin.reflect.KType                                                            : loaded 3 times (x 70B)
Class com.google.common.io.Java8Compatibility                                         : loaded 2 times (x 71B)
Class com.google.common.io.Closer                                                     : loaded 2 times (x 78B)
Class org.gradle.internal.classloader.ClassLoaderSpec                                 : loaded 2 times (x 71B)
Class com.google.common.cache.LocalCache$LocalLoadingCache                            : loaded 2 times (x 134B)
Class org.gradle.internal.service.UnknownServiceException                             : loaded 2 times (x 83B)
Class com.google.common.io.ByteArrayDataInput                                         : loaded 2 times (x 70B)
Class org.objectweb.asm.Symbol                                                        : loaded 2 times (x 73B)
Class com.google.common.reflect.Types$ClassOwnership                                  : loaded 2 times (x 80B)
Class kotlin.collections.ReversedListReadOnly                                         : loaded 2 times (x 198B)
Class kotlin.jvm.internal.FunctionReferenceImpl                                       : loaded 2 times (x 122B)
Class com.google.common.collect.ImmutableSortedMap$1EntrySet$1                        : loaded 2 times (x 213B)
Class org.objectweb.asm.AnnotationWriter                                              : loaded 2 times (x 79B)
Class com.google.common.cache.CacheStats                                              : loaded 2 times (x 71B)
Class org.jetbrains.kotlin.gradle.plugin.diagnostics.checkers.OverriddenKotlinNativeHomeChecker$StdlibExistenceCheckerValueSource$Params: loaded 2 times (x 70B)
Class com.google.devtools.ksp.processing.KspGradleLogger                              : loaded 2 times (x 79B)
Class com.google.common.collect.MapMakerInternalMap$Strength$2                        : loaded 2 times (x 80B)
Class kotlin.coroutines.jvm.internal.BaseContinuationImpl                             : loaded 2 times (x 87B)
Class com.google.common.reflect.Types$ClassOwnership$2                                : loaded 2 times (x 80B)
Class com.google.common.reflect.TypeResolver                                          : loaded 2 times (x 72B)
Class org.objectweb.asm.ModuleVisitor                                                 : loaded 2 times (x 81B)
Class jdk.internal.jimage.decompressor.ZipDecompressorFactory                         : loaded 2 times (x 74B)
Class com.google.common.collect.ImmutableMultisetGwtSerializationDependencies         : loaded 2 times (x 125B)
Class com.google.common.util.concurrent.AbstractFuture$Listener                       : loaded 2 times (x 72B)
Class org.objectweb.asm.RecordComponentWriter                                         : loaded 2 times (x 78B)
Class com.google.common.collect.Interners                                             : loaded 2 times (x 71B)
Class com.google.common.io.Closer$Suppressor                                          : loaded 2 times (x 70B)
Class com.google.common.io.LineProcessor                                              : loaded 2 times (x 70B)
Class org.gradle.api.internal.classpath.Module$ModuleAlias                            : loaded 2 times (x 70B)
Class org.gradle.internal.classpath.DefaultClassPath                                  : loaded 2 times (x 90B)
Class org.gradle.internal.classloader.VisitableURLClassLoader$Spec                    : loaded 2 times (x 74B)
Class [Lcom.google.common.cache.CacheBuilder$NullListener;                            : loaded 2 times (x 69B)
Class com.google.common.reflect.Types$ClassOwnership$1                                : loaded 2 times (x 80B)
Class dagger.spi.internal.shaded.androidx.room3.compiler.processing.XProcessingEnv$WhenMappings: loaded 2 times (x 71B)
Class com.google.common.io.Files$FileByteSink                                         : loaded 2 times (x 77B)
Class kotlin.io.FileTreeWalk$DirectoryState                                           : loaded 2 times (x 73B)
Class org.objectweb.asm.Attribute                                                     : loaded 2 times (x 77B)
Class org.jetbrains.kotlin.gradle.plugin.diagnostics.checkers.OverriddenKotlinNativeHomeChecker$StdlibExistenceCheckerValueSource$Companion: loaded 2 times (x 71B)
Class org.gradle.internal.classloader.VisitableURLClassLoader                         : loaded 2 times (x 117B)
Class [Lorg.objectweb.asm.AnnotationVisitor;                                          : loaded 2 times (x 69B)
Class com.google.common.collect.MapMakerInternalMap$StrongKeyDummyValueEntry$Helper   : loaded 2 times (x 79B)
Class org.objectweb.asm.ByteVector                                                    : loaded 2 times (x 79B)
Class org.apache.commons.io.FileUtils                                                 : loaded 2 times (x 71B)
Class kotlin.coroutines.Continuation                                                  : loaded 2 times (x 70B)
Class kotlin.collections.ReversedListReadOnly$listIterator$1                          : loaded 2 times (x 90B)
Class [Lkotlin.DeprecationLevel;                                                      : loaded 2 times (x 69B)
Class kotlin.sequences.GeneratorSequence                                              : loaded 2 times (x 75B)
Class kotlin.sequences.FlatteningSequence$iterator$1                                  : loaded 2 times (x 79B)
Class com.google.common.collect.MapMakerInternalMap$StrongValueEntry                  : loaded 2 times (x 70B)
Class com.google.common.cache.LocalCache$Strength$1                                   : loaded 2 times (x 81B)
Class com.google.common.collect.ImmutableList$SerializedForm                          : loaded 2 times (x 73B)
Class org.gradle.internal.Cast                                                        : loaded 2 times (x 71B)
Class org.gradle.api.Action                                                           : loaded 2 times (x 70B)
Class jdk.internal.jimage.decompressor.ZipDecompressor                                : loaded 2 times (x 75B)
Class org.gradle.internal.classloader.VisitableURLClassLoader$InstrumentingVisitableURLClassLoader: loaded 2 times (x 123B)
Class org.objectweb.asm.Type                                                          : loaded 2 times (x 72B)
Class kotlin.jvm.internal.Ref$ObjectRef                                               : loaded 2 times (x 72B)
Class org.jetbrains.kotlin.gradle.tasks.KotlinCompile$ScriptFilterSpec                : loaded 2 times (x 75B)
Class [Lcom.google.common.collect.Iterators$EmptyModifiableIterator;                  : loaded 2 times (x 69B)
Class org.gradle.api.internal.ClassPathProvider                                       : loaded 2 times (x 70B)
Class kotlin.properties.ReadWriteProperty                                             : loaded 2 times (x 70B)
Class com.google.common.cache.LocalCache$StrongValueReference                         : loaded 2 times (x 90B)
Class kotlin.sequences.SequencesKt__SequenceBuilderKt$sequence$$inlined$Sequence$1    : loaded 2 times (x 75B)
Class com.google.common.base.Strings                                                  : loaded 2 times (x 71B)
Class org.objectweb.asm.Handler                                                       : loaded 2 times (x 72B)
Class com.google.common.collect.MapMakerInternalMap                                   : loaded 2 times (x 161B)
Class com.google.common.base.Ticker                                                   : loaded 2 times (x 72B)
Class [Lorg.gradle.api.internal.ClassPathProvider;                                    : loaded 2 times (x 69B)
Class kotlin.Triple                                                                   : loaded 2 times (x 72B)
Class com.google.common.collect.MapMakerInternalMap$Strength$1                        : loaded 2 times (x 80B)
Class org.apache.commons.io.FilenameUtils                                             : loaded 2 times (x 71B)
Class com.google.common.collect.NaturalOrdering                                       : loaded 2 times (x 115B)
Class kotlin.annotation.AnnotationRetention                                           : loaded 2 times (x 79B)
Class com.google.common.collect.CompoundOrdering                                      : loaded 2 times (x 115B)
Class [Lorg.objectweb.asm.AnnotationWriter;                                           : loaded 2 times (x 69B)
Class com.google.devtools.ksp.processing.KSPConfig                                    : loaded 2 times (x 72B)
Class kotlinx.serialization.json.JsonImpl                                             : loaded 2 times (x 80B)
Class [Lcom.google.common.cache.LocalCache$Segment;                                   : loaded 2 times (x 69B)
Class [Lcom.google.common.cache.LocalCache$Strength;                                  : loaded 2 times (x 69B)
Class com.google.common.cache.CacheBuilder$1                                          : loaded 2 times (x 85B)
Class org.gradle.internal.classpath.DefaultClassPath$ImmutableUniqueList$Builder      : loaded 2 times (x 75B)
Class kotlinx.serialization.json.JsonBuilder                                          : loaded 2 times (x 72B)
Class kotlinx.serialization.json.JsonKt                                               : loaded 2 times (x 71B)
Class kotlin.sequences.SequenceScope                                                  : loaded 2 times (x 73B)
Class kotlinx.serialization.modules.SerializersModuleKt                               : loaded 2 times (x 71B)
Class com.google.devtools.ksp.processing.KspGradleLogger$Companion                    : loaded 2 times (x 71B)
Class kotlin.coroutines.jvm.internal.RestrictedSuspendLambda                          : loaded 2 times (x 91B)
Class kotlin.io.FilePathComponents                                                    : loaded 2 times (x 72B)
Class kotlin.coroutines.jvm.internal.SuspendLambda                                    : loaded 2 times (x 91B)
Class jdk.internal.jimage.ImageReader$Directory                                       : loaded 2 times (x 84B)
Class com.google.common.collect.MapMakerInternalMap$WeakValueReference                : loaded 2 times (x 70B)
Class com.google.common.cache.LocalCache                                              : loaded 2 times (x 187B)
Class com.google.common.cache.CacheBuilder$2                                          : loaded 2 times (x 79B)
Class com.google.common.collect.MapMakerInternalMap$StrongKeyDummyValueEntry          : loaded 2 times (x 82B)
Class com.google.common.base.Platform                                                 : loaded 2 times (x 71B)
Class com.google.common.collect.CollectSpliterators                                   : loaded 2 times (x 71B)
Class com.google.common.io.LineReader$1                                               : loaded 2 times (x 75B)
Class com.google.common.reflect.Invokable$MethodInvokable                             : loaded 2 times (x 107B)
Class kotlin.coroutines.jvm.internal.ContinuationImpl                                 : loaded 2 times (x 87B)
Class com.google.common.reflect.Types$ClassOwnership$3                                : loaded 2 times (x 71B)
Class kotlin.annotation.Target                                                        : loaded 2 times (x 70B)
Class jdk.internal.jimage.decompressor.ResourceDecompressorRepository                 : loaded 2 times (x 71B)
Class org.apache.commons.io.output.QueueOutputStream                                  : loaded 2 times (x 87B)
Class com.google.common.util.concurrent.SettableFuture                                : loaded 2 times (x 114B)
Class [Lcom.google.common.collect.AbstractMapEntry;                                   : loaded 2 times (x 69B)
Class com.google.common.collect.ImmutableEntry                                        : loaded 2 times (x 82B)
Class com.google.common.cache.CacheBuilder$3                                          : loaded 2 times (x 72B)
Class org.gradle.api.GradleException                                                  : loaded 2 times (x 82B)
Class com.google.common.cache.LocalCache$Strength$2                                   : loaded 2 times (x 81B)
Class jdk.internal.jimage.ImageStrings                                                : loaded 2 times (x 70B)
Class com.google.common.cache.LocalCache$LoadingValueReference                        : loaded 2 times (x 96B)
Class kotlin.jvm.internal.ArrayIterator                                               : loaded 2 times (x 79B)
Class org.gradle.api.internal.DefaultClassPathProvider                                : loaded 2 times (x 76B)
Class com.google.common.collect.ImmutableSet$SerializedForm                           : loaded 2 times (x 73B)
Class com.google.common.collect.Iterators$EmptyModifiableIterator                     : loaded 2 times (x 86B)
Class kotlin.annotation.Retention                                                     : loaded 2 times (x 70B)
Class org.apache.commons.io.file.PathFilter                                           : loaded 2 times (x 70B)
Class [Lcom.google.common.collect.ImmutableEntry;                                     : loaded 2 times (x 69B)
Class com.google.common.collect.MapMaker                                              : loaded 2 times (x 72B)
Class org.apache.commons.io.StandardLineSeparator                                     : loaded 2 times (x 79B)
Class org.objectweb.asm.AnnotationVisitor                                             : loaded 2 times (x 78B)
Class com.google.common.collect.ComparatorOrdering                                    : loaded 2 times (x 115B)
Class com.google.common.reflect.Types$JavaVersion                                     : loaded 2 times (x 83B)
Class kotlin.jvm.internal.MutablePropertyReference                                    : loaded 2 times (x 119B)
Class org.gradle.api.specs.Spec                                                       : loaded 2 times (x 70B)
Class com.google.common.collect.AbstractMapBasedMultimap$WrappedSet                   : loaded 2 times (x 142B)
Class kotlin.jvm.internal.AdaptedFunctionReference                                    : loaded 2 times (x 77B)
Class com.google.common.util.concurrent.LazyLogger                                    : loaded 2 times (x 72B)
Class kotlinx.serialization.json.internal.CreateMapForCacheKt                         : loaded 2 times (x 71B)
Class kotlin.sequences.DistinctSequence                                               : loaded 2 times (x 75B)
Class com.google.common.util.concurrent.Uninterruptibles                              : loaded 2 times (x 71B)
Class [Lcom.google.common.collect.MapMakerInternalMap$Strength;                       : loaded 2 times (x 69B)
Class [Lcom.google.common.io.FileWriteMode;                                           : loaded 2 times (x 69B)
Class [Lkotlin.reflect.KCallable;                                                     : loaded 2 times (x 69B)
Class kotlinx.serialization.StringFormat                                              : loaded 2 times (x 70B)
Class kotlin.sequences.EmptySequence                                                  : loaded 2 times (x 78B)
Class kotlin.jvm.internal.PropertyReference0                                          : loaded 2 times (x 127B)
Class org.gradle.internal.classloader.ClasspathUtil                                   : loaded 2 times (x 71B)
Class com.google.common.reflect.Types$ClassOwnership$1LocalClass                      : loaded 2 times (x 71B)
Class com.google.common.collect.ImmutableSortedMap                                    : loaded 2 times (x 217B)
Class kotlin.jvm.internal.ArrayIteratorKt                                             : loaded 2 times (x 71B)
Class kotlin.text.StringsKt__StringsKt$lineSequence$$inlined$Sequence$1               : loaded 2 times (x 75B)
Class jdk.internal.jrtfs.JrtPath                                                      : loaded 2 times (x 118B)
Class com.google.common.collect.MapMakerInternalMap$StrongKeyDummyValueSegment        : loaded 2 times (x 142B)
Class com.google.common.io.Files                                                      : loaded 2 times (x 71B)
Class com.google.common.cache.LocalCache$EntryFactory                                 : loaded 2 times (x 83B)
Class org.jetbrains.kotlin.gradle.plugin.internal.CustomPropertiesFileValueSource     : loaded 2 times (x 82B)
Class jdk.internal.jimage.ImageBufferCache                                            : loaded 2 times (x 71B)
Class com.google.common.collect.AllEqualOrdering                                      : loaded 2 times (x 114B)
Class com.google.common.io.ByteStreams                                                : loaded 2 times (x 71B)
Class com.google.common.cache.CacheBuilder$OneWeigher                                 : loaded 2 times (x 82B)
Class [Lkotlin.annotation.AnnotationRetention;                                        : loaded 2 times (x 69B)
Class org.apache.commons.io.output.AbstractByteArrayOutputStream                      : loaded 2 times (x 102B)
Class kotlin.collections.builders.MapBuilder$Companion                                : loaded 2 times (x 71B)
Class com.google.common.collect.Interners$InternerImpl                                : loaded 2 times (x 75B)
Class com.google.common.collect.Interner                                              : loaded 2 times (x 70B)
Class com.google.common.cache.LocalCache$Strength$3                                   : loaded 2 times (x 81B)
Class com.google.common.collect.NullsLastOrdering                                     : loaded 2 times (x 115B)
Class com.google.common.reflect.Types$NativeTypeVariableEquals                        : loaded 2 times (x 71B)
Class com.google.common.reflect.TypeParameter                                         : loaded 2 times (x 72B)
Class com.google.common.cache.LocalCache$AbstractReferenceEntry                       : loaded 2 times (x 107B)
Class [Lcom.google.common.collect.MapMaker$Dummy;                                     : loaded 2 times (x 69B)
Class org.gradle.internal.IoActions                                                   : loaded 2 times (x 71B)
Class kotlinx.serialization.json.internal.DescriptorSchemaCache                       : loaded 2 times (x 72B)
Class com.google.common.reflect.Invokable                                             : loaded 2 times (x 103B)
Class com.google.common.collect.MapMakerInternalMap$InternalEntry                     : loaded 2 times (x 70B)
Class org.apache.commons.io.output.StringBuilderWriter                                : loaded 2 times (x 100B)
Class com.google.common.reflect.Types$TypeVariableInvocationHandler                   : loaded 2 times (x 75B)
Class kotlinx.serialization.json.Json                                                 : loaded 2 times (x 80B)
Class [Lorg.apache.commons.io.StandardLineSeparator;                                  : loaded 2 times (x 69B)
Class kotlin.properties.ReadOnlyProperty                                              : loaded 2 times (x 70B)
Class org.objectweb.asm.FieldWriter                                                   : loaded 2 times (x 78B)
Class kotlin.coroutines.ContinuationInterceptor                                       : loaded 2 times (x 70B)
Class com.google.common.collect.MapMaker$Dummy                                        : loaded 2 times (x 79B)
Class org.jetbrains.kotlin.gradle.internal.IsInIdeaSyncValueSource$Inject_            : loaded 2 times (x 109B)
Class org.jetbrains.kotlin.gradle.plugin.diagnostics.checkers.OverriddenKotlinNativeHomeChecker$StdlibExistenceCheckerValueSource$Params_Decorated: loaded 2 times (x 130B)
Class kotlin.annotation.MustBeDocumented                                              : loaded 2 times (x 70B)
Class com.google.common.collect.AbstractMapBasedMultimap$KeySet                       : loaded 2 times (x 137B)
Class kotlin.collections.AbstractList$IteratorImpl                                    : loaded 2 times (x 82B)
Class com.google.common.cache.CacheBuilder$NullListener                               : loaded 2 times (x 82B)
Class org.gradle.internal.classpath.TransformedClassPath                              : loaded 2 times (x 96B)
Class org.objectweb.asm.SymbolTable                                                   : loaded 2 times (x 72B)
Class com.google.common.cache.CacheLoader$InvalidCacheLoadException                   : loaded 2 times (x 82B)
Class com.google.common.collect.Ordering                                              : loaded 2 times (x 114B)
Class org.gradle.internal.classloader.InstrumentingClassLoader                        : loaded 2 times (x 70B)
Class kotlin.sequences.SequencesKt___SequencesKt$flatMap$2                            : loaded 2 times (x 125B)
Class org.gradle.internal.service.CachingServiceLocator                               : loaded 2 times (x 82B)
Class com.google.common.cache.LocalCache$LocalManualCache                             : loaded 2 times (x 99B)
Class org.apache.commons.io.CloseableURLConnection                                    : loaded 2 times (x 116B)
Class org.gradle.internal.classloader.ClassLoaderFactory                              : loaded 2 times (x 70B)
Class org.jetbrains.kotlin.gradle.internal.IsInIdeaEnvironmentValueSource$Inject_     : loaded 2 times (x 100B)
Class [Lcom.google.common.cache.LocalCache$EntryFactory;                              : loaded 2 times (x 69B)
Class kotlin.jvm.internal.MutablePropertyReference1Impl                               : loaded 2 times (x 137B)
Class [Lkotlin.sequences.Sequence;                                                    : loaded 2 times (x 69B)
Class kotlin.sequences.SequencesKt___SequencesKt$sortedWith$1                         : loaded 2 times (x 75B)
Class [Lkotlin.annotation.AnnotationTarget;                                           : loaded 2 times (x 69B)
Class kotlin.jvm.internal.PropertyReference0Impl                                      : loaded 2 times (x 127B)
Class kotlin.jvm.internal.FunctionReference                                           : loaded 2 times (x 122B)
Class [Lkotlin.coroutines.intrinsics.CoroutineSingletons;                             : loaded 2 times (x 69B)
Class kotlin.coroutines.intrinsics.IntrinsicsKt                                       : loaded 2 times (x 71B)
Class org.gradle.internal.service.ServiceLookupException                              : loaded 2 times (x 82B)
Class com.google.common.reflect.TypeResolver$TypeTable$1                              : loaded 2 times (x 73B)
Class com.google.common.collect.UsingToStringOrdering                                 : loaded 2 times (x 114B)
Class com.google.common.collect.FluentIterable                                        : loaded 2 times (x 81B)
Class com.google.common.cache.LocalCache$StrongEntry                                  : loaded 2 times (x 108B)
Class com.google.common.util.concurrent.AbstractFuture$TrustedFuture                  : loaded 2 times (x 114B)
Class com.google.common.cache.LoadingCache                                            : loaded 2 times (x 70B)
Class [Lcom.google.common.collect.AbstractIterator$State;                             : loaded 2 times (x 69B)
Class com.google.common.collect.ReverseNaturalOrdering                                : loaded 2 times (x 114B)
Class jdk.internal.jrtfs.JrtFileSystem                                                : loaded 2 times (x 102B)
Class com.google.common.reflect.Types$ParameterizedTypeImpl                           : loaded 2 times (x 81B)
Class org.apache.commons.io.output.UnsynchronizedByteArrayOutputStream                : loaded 2 times (x 102B)
Class jdk.internal.jimage.decompressor.Decompressor                                   : loaded 2 times (x 72B)
Class com.google.common.cache.CacheLoader$FunctionToCacheLoader                       : loaded 2 times (x 75B)
Class org.jetbrains.kotlin.gradle.internal.IsInIdeaEnvironmentValueSource             : loaded 2 times (x 80B)
Class com.google.common.cache.CacheLoader$SupplierToCacheLoader                       : loaded 2 times (x 75B)
Class org.objectweb.asm.RecordComponentVisitor                                        : loaded 2 times (x 77B)
Class com.google.common.io.CharStreams                                                : loaded 2 times (x 71B)
Class com.google.common.reflect.TypeResolver$TypeTable                                : loaded 2 times (x 73B)
Class kotlin.jvm.internal.FloatCompanionObject                                        : loaded 2 times (x 71B)
Class kotlin.coroutines.CoroutineContext$Key                                          : loaded 2 times (x 70B)
Class kotlin.jvm.internal.ClassReference                                              : loaded 2 times (x 105B)
Class kotlin.coroutines.intrinsics.CoroutineSingletons                                : loaded 2 times (x 79B)
Class kotlin.coroutines.jvm.internal.RestrictedContinuationImpl                       : loaded 2 times (x 87B)
Class com.google.common.util.concurrent.AbstractFuture                                : loaded 2 times (x 106B)
Class com.google.common.io.ByteStreams$LimitedInputStream                             : loaded 2 times (x 92B)
Class org.objectweb.asm.MethodWriter                                                  : loaded 2 times (x 106B)
Class [Lcom.google.common.cache.Weigher;                                              : loaded 2 times (x 69B)
Class kotlin.sequences.SequencesKt___SequencesKt$flatMap$1                            : loaded 2 times (x 125B)
Class jdk.internal.jimage.decompressor.CompressedResourceHeader                       : loaded 2 times (x 71B)
Class kotlin.io.FileTreeWalk$FileTreeWalkIterator$BottomUpDirectoryState              : loaded 2 times (x 74B)
Class kotlin.jvm.internal.markers.KMutableSet                                         : loaded 2 times (x 70B)
Class com.google.common.reflect.TypeResolver$TypeVariableKey                          : loaded 2 times (x 72B)
Class org.apache.commons.io.output.ByteArrayOutputStream                              : loaded 2 times (x 102B)
Class com.google.common.cache.ReferenceEntry                                          : loaded 2 times (x 70B)
Class com.google.common.collect.Lists                                                 : loaded 2 times (x 71B)
Class com.google.common.util.concurrent.ListenableFuture                              : loaded 2 times (x 70B)
Class kotlin.collections.builders.MapBuilder$Itr                                      : loaded 2 times (x 72B)
Class kotlin.sequences.SequenceBuilderIterator                                        : loaded 2 times (x 85B)
Class kotlin.collections.IndexedValue                                                 : loaded 2 times (x 72B)
Class com.google.common.collect.EmptyImmutableListMultimap                            : loaded 2 times (x 176B)
Class com.google.common.base.MoreObjects                                              : loaded 2 times (x 71B)
Class jdk.internal.jimage.BasicImageReader$1                                          : loaded 2 times (x 77B)
Class org.gradle.api.internal.classpath.DefaultModuleRegistry                         : loaded 2 times (x 84B)
Class org.gradle.internal.classloader.DefaultClassLoaderFactory                       : loaded 2 times (x 82B)
Class [Lcom.google.common.cache.CacheBuilder$OneWeigher;                              : loaded 2 times (x 69B)
Class com.google.common.collect.MapMakerInternalMap$Strength                          : loaded 2 times (x 80B)
Class com.google.common.collect.MapMakerInternalMap$StrongKeyDummyValueEntry$LinkedStrongKeyDummyValueEntry: loaded 2 times (x 82B)
Class org.jetbrains.kotlin.gradle.plugin.diagnostics.KotlinGradleProjectChecker       : loaded 2 times (x 70B)
Class com.google.common.collect.Multimaps$CustomSetMultimap                           : loaded 2 times (x 178B)
Class com.google.common.collect.ImmutableSortedMap$1EntrySet                          : loaded 2 times (x 155B)
Class jdk.internal.jimage.ImageReader$Node                                            : loaded 2 times (x 84B)
Class org.objectweb.asm.MethodTooLargeException                                       : loaded 2 times (x 83B)
Class com.google.common.base.Platform$JdkPatternCompiler                              : loaded 2 times (x 75B)
Class com.google.common.cache.LocalCache$LocalManualCache$1                           : loaded 2 times (x 75B)
Class com.google.common.collect.ImmutableSortedAsList                                 : loaded 2 times (x 221B)
Class com.google.common.reflect.Types$JavaVersion$1                                   : loaded 2 times (x 83B)
Class com.google.common.collect.AbstractIterator$State                                : loaded 2 times (x 79B)
Class com.google.common.cache.LocalCache$ValueReference                               : loaded 2 times (x 70B)
Class kotlin.coroutines.intrinsics.IntrinsicsKt__IntrinsicsKt                         : loaded 2 times (x 71B)
Class [Lorg.objectweb.asm.Attribute;                                                  : loaded 2 times (x 69B)
Class [Lorg.objectweb.asm.Type;                                                       : loaded 2 times (x 69B)
Class org.jetbrains.kotlin.gradle.plugin.diagnostics.checkers.OverriddenKotlinNativeHomeChecker$StdlibExistenceCheckerValueSource: loaded 2 times (x 78B)
Class org.jetbrains.kotlin.gradle.utils.ConfigurationCacheOpaqueValue                 : loaded 2 times (x 72B)
Class com.google.common.util.concurrent.internal.InternalFutureFailureAccess          : loaded 2 times (x 72B)
Class org.apache.commons.io.output.NullWriter                                         : loaded 2 times (x 99B)
Class com.google.devtools.ksp.processing.KSPLogger                                    : loaded 2 times (x 70B)
Class org.gradle.internal.service.ServiceLocator                                      : loaded 2 times (x 70B)
Class jdk.internal.jrtfs.JrtFileSystemProvider                                        : loaded 2 times (x 101B)
Class kotlin.coroutines.jvm.internal.Boxing                                           : loaded 2 times (x 71B)
Class jdk.internal.jimage.decompressor.ResourceDecompressorFactory                    : loaded 2 times (x 74B)
Class org.gradle.internal.installation.GradleInstallation$1                           : loaded 2 times (x 75B)
Class org.gradle.api.internal.classpath.ModuleRegistry                                : loaded 2 times (x 70B)
Class com.google.common.cache.CacheLoader                                             : loaded 2 times (x 74B)
Class com.google.common.reflect.Types$JavaVersion$2                                   : loaded 2 times (x 83B)
Class com.google.common.reflect.Types                                                 : loaded 2 times (x 71B)
Class com.google.common.util.concurrent.AbstractFuture$Failure                        : loaded 2 times (x 72B)
Class com.google.common.base.PatternCompiler                                          : loaded 2 times (x 70B)
Class org.objectweb.asm.ClassVisitor                                                  : loaded 2 times (x 88B)
Class [Lorg.objectweb.asm.SymbolTable$Entry;                                          : loaded 2 times (x 69B)
Class com.google.common.collect.ImmutableSortedMap$Builder                            : loaded 2 times (x 90B)
Class com.google.common.collect.TransformedListIterator                               : loaded 2 times (x 93B)
Class org.apache.commons.io.FileExistsException                                       : loaded 2 times (x 82B)
Class [Lorg.objectweb.asm.Symbol;                                                     : loaded 2 times (x 69B)
Class com.google.common.reflect.TypeCapture                                           : loaded 2 times (x 71B)
Class com.google.common.cache.LocalCache$1                                            : loaded 2 times (x 89B)
Class jdk.internal.jimage.ImageReader$SharedImageReader                               : loaded 2 times (x 95B)
Class com.google.common.cache.LocalCache$Segment                                      : loaded 2 times (x 154B)
Class com.google.common.reflect.TypeToken$2                                           : loaded 2 times (x 110B)
Class kotlinx.serialization.json.JsonConfiguration                                    : loaded 2 times (x 72B)
Class kotlin.coroutines.EmptyCoroutineContext                                         : loaded 2 times (x 77B)
Class jdk.internal.jimage.ImageReader                                                 : loaded 2 times (x 75B)
Class kotlin.sequences.GeneratorSequence$iterator$1                                   : loaded 2 times (x 79B)
Class com.google.common.collect.ByFunctionOrdering                                    : loaded 2 times (x 115B)
Class com.google.common.reflect.Types$JavaVersion$3                                   : loaded 2 times (x 83B)
Class org.objectweb.asm.Label                                                         : loaded 2 times (x 73B)
Class org.objectweb.asm.CurrentFrame                                                  : loaded 2 times (x 73B)
Class org.objectweb.asm.ClassTooLargeException                                        : loaded 2 times (x 83B)
Class com.google.common.io.CharSink                                                   : loaded 2 times (x 79B)
Class com.google.common.cache.LocalCache$ComputingValueReference                      : loaded 2 times (x 96B)
Class jdk.internal.jimage.decompressor.StringSharingDecompressorFactory               : loaded 2 times (x 74B)
Class com.google.common.reflect.TypeToken$1                                           : loaded 2 times (x 110B)
Class com.google.common.io.ByteArrayDataOutput                                        : loaded 2 times (x 70B)
Class com.google.devtools.ksp.processing.KSPJvmConfig                                 : loaded 2 times (x 72B)
Class kotlin.collections.AbstractMutableSet                                           : loaded 2 times (x 142B)
Class kotlin.collections.builders.MapBuilder                                          : loaded 2 times (x 112B)
Class kotlin.InitializedLazyImpl                                                      : loaded 2 times (x 76B)
Class kotlin.Metadata                                                                 : loaded 2 times (x 70B)
Class kotlin.properties.Delegates                                                     : loaded 2 times (x 71B)
Class com.google.common.reflect.Types$JavaVersion$4                                   : loaded 2 times (x 83B)
Class org.objectweb.asm.Frame                                                         : loaded 2 times (x 73B)
Class org.objectweb.asm.MethodVisitor                                                 : loaded 2 times (x 105B)
Class com.google.common.collect.MapMakerInternalMap$InternalEntryHelper               : loaded 2 times (x 70B)
Class com.google.common.collect.Table                                                 : loaded 2 times (x 70B)
Class com.google.common.cache.LocalCache$EntryFactory$1                               : loaded 2 times (x 83B)
Class [Lcom.google.common.cache.RemovalListener;                                      : loaded 2 times (x 69B)
Class com.google.common.reflect.TypeToken$SimpleTypeToken                             : loaded 2 times (x 73B)
Class com.google.common.collect.MapMakerInternalMap$AbstractStrongKeyEntry            : loaded 2 times (x 80B)
Class com.google.common.base.Suppliers$SupplierOfInstance                             : loaded 2 times (x 79B)
Class com.google.common.cache.LocalCache$2                                            : loaded 2 times (x 142B)
Class org.jetbrains.kotlin.gradle.plugin.diagnostics.checkers.OverriddenKotlinNativeHomeChecker$StdlibExistenceCheckerValueSource$Inject_: loaded 2 times (x 109B)
Class jdk.internal.jimage.ImageStringsReader                                          : loaded 2 times (x 80B)
Class com.google.common.reflect.Types$JavaVersion$5                                   : loaded 2 times (x 71B)
Class [Lcom.google.common.reflect.Types$ClassOwnership;                               : loaded 2 times (x 69B)
Class com.google.common.cache.LocalCache$EntryFactory$2                               : loaded 2 times (x 83B)
Class org.gradle.api.internal.classpath.DefaultModuleRegistry$DefaultModuleAlias      : loaded 2 times (x 80B)
Class org.jetbrains.kotlin.gradle.utils.ConfigurationCacheOpaqueValueSource           : loaded 2 times (x 79B)
Class org.objectweb.asm.SymbolTable$Entry                                             : loaded 2 times (x 74B)
Class com.google.common.io.CharStreams$NullWriter                                     : loaded 2 times (x 99B)
Class kotlinx.serialization.modules.SerializersModuleBuildersKt                       : loaded 2 times (x 71B)
Class kotlin.coroutines.CoroutineContext$Element                                      : loaded 2 times (x 70B)
Class com.google.common.io.Files$FileByteSource                                       : loaded 2 times (x 85B)
Class com.google.common.util.concurrent.ExecutionError                                : loaded 2 times (x 82B)
Class com.google.common.collect.Interners$InternerBuilder                             : loaded 2 times (x 76B)
Class [Lcom.google.common.reflect.Types$JavaVersion;                                  : loaded 2 times (x 69B)
Class org.gradle.internal.classpath.ClassPath                                         : loaded 2 times (x 70B)
Class kotlin.reflect.KMutableProperty$Setter                                          : loaded 2 times (x 70B)
Class org.jetbrains.kotlin.gradle.plugin.internal.CustomPropertiesFileValueSource$Parameters_Decorated: loaded 2 times (x 130B)
Class com.google.common.cache.CacheBuilder                                            : loaded 2 times (x 72B)
Class com.google.common.io.ByteSink                                                   : loaded 2 times (x 76B)
Class com.google.common.collect.Multimaps                                             : loaded 2 times (x 71B)
Class org.objectweb.asm.ModuleWriter                                                  : loaded 2 times (x 82B)
Class com.google.common.cache.LocalCache$EntryFactory$3                               : loaded 2 times (x 83B)
Class com.google.common.base.Ticker$1                                                 : loaded 2 times (x 72B)
Class kotlinx.serialization.modules.SerialModuleImpl                                  : loaded 2 times (x 77B)
Class com.google.common.collect.MapMakerInternalMap$Segment                           : loaded 2 times (x 142B)
Class com.google.common.collect.NullnessCasts                                         : loaded 2 times (x 71B)
Class com.google.common.base.ExtraObjectsMethodsForWeb                                : loaded 2 times (x 71B)
Class org.apache.commons.io.IOUtils                                                   : loaded 2 times (x 71B)
Class com.google.common.reflect.TypeToken                                             : loaded 2 times (x 73B)
Class kotlin.jvm.internal.MutablePropertyReference1                                   : loaded 2 times (x 137B)
Class kotlin.collections.IntIterator                                                  : loaded 2 times (x 82B)
Class jdk.internal.jimage.decompressor.ResourceDecompressor                           : loaded 2 times (x 70B)
Class kotlinx.serialization.json.Json$Default                                         : loaded 2 times (x 80B)
Class com.google.common.base.Optional                                                 : loaded 2 times (x 80B)
Class com.google.common.cache.LocalCache$EntryFactory$4                               : loaded 2 times (x 83B)
Class org.jetbrains.kotlin.gradle.plugin.diagnostics.IsAttachedToTerminalValueSource  : loaded 2 times (x 80B)
Class org.gradle.api.internal.ClassPathRegistry                                       : loaded 2 times (x 70B)
Class org.gradle.internal.classpath.DefaultClassPath$ImmutableUniqueList              : loaded 2 times (x 199B)
Class com.google.common.primitives.IntsMethodsForWeb                                  : loaded 2 times (x 71B)
Class com.google.common.collect.ReverseOrdering                                       : loaded 2 times (x 115B)
Class com.google.common.io.ByteStreams$1                                              : loaded 2 times (x 85B)
Class com.google.common.cache.LocalCache$EntryFactory$5                               : loaded 2 times (x 83B)
Class org.gradle.internal.classloader.ClassLoaderHierarchy                            : loaded 2 times (x 70B)
Class com.google.common.reflect.Invokable$ConstructorInvokable                        : loaded 2 times (x 107B)
Class kotlin.jvm.internal.ClassReference$Companion                                    : loaded 2 times (x 71B)
Class kotlin.annotation.AnnotationTarget                                              : loaded 2 times (x 79B)
Class [Lkotlin.reflect.KProperty;                                                     : loaded 2 times (x 69B)
Class com.google.common.util.concurrent.AbstractFuture$Trusted                        : loaded 2 times (x 70B)
Class org.apache.commons.io.output.AppendableWriter                                   : loaded 2 times (x 100B)
Class com.google.common.cache.LocalCache$EntryFactory$6                               : loaded 2 times (x 83B)
Class org.jetbrains.kotlin.gradle.plugin.internal.CustomPropertiesFileValueSource$Parameters: loaded 2 times (x 70B)
Class org.gradle.internal.installation.CurrentGradleInstallationLocator               : loaded 2 times (x 71B)
Class com.google.common.io.FileWriteMode                                              : loaded 2 times (x 79B)
Class [Lcom.google.common.collect.MapMakerInternalMap$Segment;                        : loaded 2 times (x 69B)
Class com.google.common.collect.SortedSetMultimap                                     : loaded 2 times (x 70B)
Class kotlin.text.LinesIterator                                                       : loaded 2 times (x 79B)
Class jdk.internal.jimage.ImageLocation                                               : loaded 2 times (x 90B)
Class org.gradle.api.internal.DefaultClassPathRegistry                                : loaded 2 times (x 76B)
Class com.google.common.cache.RemovalListener                                         : loaded 2 times (x 70B)
Class com.google.common.collect.AbstractMapBasedMultimap$WrappedCollection$WrappedIterator: loaded 2 times (x 84B)
Class kotlin.coroutines.jvm.internal.SpillingKt                                       : loaded 2 times (x 71B)
Class com.google.common.base.Present                                                  : loaded 2 times (x 81B)
Class org.objectweb.asm.ClassReader                                                   : loaded 2 times (x 94B)
Class org.apache.commons.io.output.ThresholdingOutputStream                           : loaded 2 times (x 95B)
Class com.google.common.collect.Maps$KeySet                                           : loaded 2 times (x 137B)
Class com.google.common.cache.LocalCache$EntryFactory$7                               : loaded 2 times (x 83B)
Class org.gradle.internal.service.DefaultServiceLocator                               : loaded 2 times (x 83B)
Class org.apache.commons.io.filefilter.IOFileFilter                                   : loaded 2 times (x 70B)
Class com.google.common.util.concurrent.AbstractFuture$Cancellation                   : loaded 2 times (x 72B)
Class com.google.common.io.AppendableWriter                                           : loaded 2 times (x 100B)
Class kotlin.collections.IndexingIterator                                             : loaded 2 times (x 79B)
Class kotlin.coroutines.ContinuationInterceptor$Key                                   : loaded 2 times (x 71B)
Class com.google.common.collect.ExplicitOrdering                                      : loaded 2 times (x 115B)
Class com.google.common.io.ByteSink$AsCharSink                                        : loaded 2 times (x 80B)
Class com.google.common.cache.Cache                                                   : loaded 2 times (x 70B)
Class com.google.common.cache.LocalCache$Strength                                     : loaded 2 times (x 81B)
Class com.google.common.base.Stopwatch                                                : loaded 2 times (x 72B)
Class org.apache.commons.io.Charsets                                                  : loaded 2 times (x 71B)
Class kotlin.sequences.DistinctIterator                                               : loaded 2 times (x 83B)
Class kotlin.coroutines.jvm.internal.SuspendFunction                                  : loaded 2 times (x 70B)
Class com.google.common.cache.LocalCache$EntryFactory$8                               : loaded 2 times (x 83B)
Class org.gradle.internal.installation.CurrentGradleInstallation                      : loaded 2 times (x 73B)
Class com.google.common.collect.Lists$StringAsImmutableList                           : loaded 2 times (x 207B)
Class jdk.internal.jimage.ImageHeader                                                 : loaded 2 times (x 71B)
Class com.google.common.util.concurrent.UncheckedExecutionException                   : loaded 2 times (x 82B)
Class org.gradle.api.internal.classpath.UnknownModuleException                        : loaded 2 times (x 82B)
Class org.jetbrains.kotlin.gradle.internal.IsInIdeaSyncValueSource                    : loaded 2 times (x 78B)
Class com.google.common.cache.Weigher                                                 : loaded 2 times (x 70B)
Class org.gradle.api.internal.classpath.Module                                        : loaded 2 times (x 70B)
Class org.apache.commons.io.output.NullOutputStream                                   : loaded 2 times (x 85B)
Class kotlin.jvm.internal.StringCompanionObject                                       : loaded 2 times (x 71B)
Class com.google.common.collect.ArrayListMultimapGwtSerializationDependencies         : loaded 2 times (x 172B)
Class kotlin.coroutines.intrinsics.IntrinsicsKt__IntrinsicsJvmKt                      : loaded 2 times (x 71B)
Class kotlin.coroutines.jvm.internal.CoroutineStackFrame                              : loaded 2 times (x 70B)
Class com.google.common.cache.CacheLoader$1                                           : loaded 2 times (x 75B)
Class org.gradle.util.internal.GUtil                                                  : loaded 2 times (x 71B)
Class com.google.common.collect.FluentIterable$3                                      : loaded 2 times (x 81B)
Class kotlin.Result$Failure                                                           : loaded 2 times (x 72B)
Class kotlin.collections.IndexingIterable                                             : loaded 2 times (x 79B)
Class kotlin.jvm.internal.Ref$IntRef                                                  : loaded 2 times (x 71B)
Class kotlin.io.FileTreeWalk$FileTreeWalkIterator$WhenMappings                        : loaded 2 times (x 71B)
Class org.jetbrains.kotlin.gradle.plugin.diagnostics.IsAttachedToTerminalValueSource$Inject_: loaded 2 times (x 100B)
Class jdk.internal.jimage.ImageBufferCache$1                                          : loaded 2 times (x 83B)
Class com.google.common.primitives.Ints                                               : loaded 2 times (x 71B)
Class com.google.common.io.ByteSource                                                 : loaded 2 times (x 84B)
Class com.google.common.cache.AbstractCache$StatsCounter                              : loaded 2 times (x 70B)
Class jdk.internal.jimage.BasicImageReader                                            : loaded 2 times (x 95B)
Class org.gradle.internal.classloader.FilteringClassLoader                            : loaded 2 times (x 105B)
Class org.jetbrains.kotlin.gradle.plugin.internal.CustomPropertiesFileValueSource$Inject_: loaded 2 times (x 113B)
Class com.google.common.reflect.Reflection                                            : loaded 2 times (x 71B)
Class com.google.common.collect.NullsFirstOrdering                                    : loaded 2 times (x 115B)
Class com.google.common.collect.FluentIterable$2                                      : loaded 2 times (x 81B)
Class com.google.common.io.LineReader                                                 : loaded 2 times (x 72B)
Class kotlinx.serialization.SerialFormat                                              : loaded 2 times (x 70B)
Class kotlin.io.TextStreamsKt                                                         : loaded 2 times (x 71B)
Class com.google.common.base.Absent                                                   : loaded 2 times (x 80B)
Class kotlin.ranges.IntProgressionIterator                                            : loaded 2 times (x 82B)
Class kotlin.coroutines.jvm.internal.DebugProbesKt                                    : loaded 2 times (x 71B)
Class kotlin.coroutines.CoroutineContext                                              : loaded 2 times (x 70B)
Class org.objectweb.asm.Context                                                       : loaded 2 times (x 72B)
Class com.google.common.reflect.Types$TypeVariableImpl                                : loaded 2 times (x 72B)
Class com.google.common.io.LineBuffer                                                 : loaded 2 times (x 75B)
Class com.google.common.collect.MapMakerInternalMap$1                                 : loaded 2 times (x 83B)
Class org.gradle.internal.installation.GradleInstallation                             : loaded 2 times (x 75B)
Class kotlin.ResultKt                                                                 : loaded 2 times (x 71B)
Class kotlin.coroutines.jvm.internal.CompletedContinuation                            : loaded 2 times (x 75B)
Class kotlin.sequences.DropTakeSequence                                               : loaded 2 times (x 70B)
Class jdk.internal.jimage.decompressor.ResourceDecompressor$StringsProvider           : loaded 2 times (x 70B)
Class kotlin.sequences.FlatteningSequence                                             : loaded 2 times (x 75B)
Class org.gradle.api.internal.classpath.DefaultModuleRegistry$DefaultModule           : loaded 2 times (x 82B)
Class org.objectweb.asm.FieldVisitor                                                  : loaded 2 times (x 77B)
Class com.google.common.base.Objects                                                  : loaded 2 times (x 71B)
Class com.google.common.collect.FluentIterable$1                                      : loaded 2 times (x 81B)
Class kotlin.text.LinesIterator$State                                                 : loaded 2 times (x 71B)
Class kotlin.DeprecationLevel                                                         : loaded 2 times (x 79B)
Class com.google.common.collect.LexicographicalOrdering                               : loaded 2 times (x 115B)
Class kotlin.collections.ArraysKt___ArraysKt$asSequence$$inlined$Sequence$1           : loaded 2 times (x 75B)
Class jdk.internal.jimage.ImageBufferCache$2                                          : loaded 2 times (x 91B)
Class kotlin.jvm.JvmStatic                                                            : loaded 2 times (x 70B)
Class com.google.common.cache.CacheLoader$UnsupportedLoadingOperationException        : loaded 2 times (x 82B)
Class com.google.common.collect.AbstractMapBasedMultimap$KeySet$1                     : loaded 2 times (x 82B)
Class org.objectweb.asm.ClassWriter                                                   : loaded 2 times (x 106B)
Class kotlinx.serialization.modules.SerializersModule                                 : loaded 2 times (x 76B)
Class org.jetbrains.kotlin.gradle.plugin.diagnostics.checkers.OverriddenKotlinNativeHomeChecker: loaded 2 times (x 74B)

---------------  S Y S T E M  ---------------

OS:
 Windows 11 , 64 bit Build 26100 (10.0.26100.7653)
OS uptime: 0 days 12:29 hours
Hyper-V role detected

CPU: total 12 (initial active 12) (6 cores per cpu, 2 threads per core) family 6 model 154 stepping 3 microcode 0x41c, cx8, cmov, fxsr, ht, mmx, 3dnowpref, sse, sse2, sse3, ssse3, sse4.1, sse4.2, popcnt, lzcnt, tsc, tscinvbit, avx, avx2, aes, erms, clmul, bmi1, bmi2, adx, sha, fma, vzeroupper, clflush, clflushopt, clwb, hv, serialize, rdtscp, rdpid, fsrm, f16c, cet_ibt, cet_ss
Processor Information for processor 0
  Max Mhz: 2000, Current Mhz: 2000, Mhz Limit: 2000
Processor Information for processor 1
  Max Mhz: 2000, Current Mhz: 2000, Mhz Limit: 2000
Processor Information for processor 2
  Max Mhz: 2000, Current Mhz: 2000, Mhz Limit: 2000
Processor Information for processor 3
  Max Mhz: 2000, Current Mhz: 2000, Mhz Limit: 2000
Processor Information for processor 4
  Max Mhz: 2000, Current Mhz: 2000, Mhz Limit: 2000
Processor Information for processor 5
  Max Mhz: 2000, Current Mhz: 2000, Mhz Limit: 2000
Processor Information for processor 6
  Max Mhz: 2000, Current Mhz: 2000, Mhz Limit: 2000
Processor Information for processor 7
  Max Mhz: 2000, Current Mhz: 2000, Mhz Limit: 2000
Processor Information for processor 8
  Max Mhz: 2000, Current Mhz: 1500, Mhz Limit: 1500
Processor Information for processor 9
  Max Mhz: 2000, Current Mhz: 1500, Mhz Limit: 1500
Processor Information for processor 10
  Max Mhz: 2000, Current Mhz: 1500, Mhz Limit: 1500
Processor Information for processor 11
  Max Mhz: 2000, Current Mhz: 1500, Mhz Limit: 1500

Memory: 4k page, system-wide physical 16005M (1802M free)
TotalPageFile size 28677M (AvailPageFile size 171M)
current process WorkingSet (physical memory assigned to process): 2590M, peak: 2590M
current process commit charge ("private bytes"): 2625M, peak: 2848M

vm_info: OpenJDK 64-Bit Server VM (21.0.10+-14961533-b1163.108) for windows-amd64 JRE (21.0.10+-14961533-b1163.108), built on 2026-03-02T19:58:50Z by "builder" with MS VC++ 16.10 / 16.11 (VS2019)

END.
