#
# There is insufficient memory for the Java Runtime Environment to continue.
# Native memory allocation (malloc) failed to allocate 1430896 bytes. Error detail: Chunk::new
# Possible reasons:
#   The system is out of physical RAM or swap space
#   This process is running with CompressedOops enabled, and the Java Heap may be blocking the growth of the native heap
# Possible solutions:
#   Reduce memory load on the system
#   Increase physical memory or swap space
#   Check if swap backing store is full
#   Decrease Java heap size (-Xmx/-Xms)
#   Decrease number of Java threads
#   Decrease Java thread stack sizes (-Xss)
#   Set larger code cache with -XX:ReservedCodeCacheSize=
#   JVM is running with Zero Based Compressed Oops mode in which the Java heap is
#     placed in the first 32GB address space. The Java Heap base address is the
#     maximum limit for the native heap growth. Please use -XX:HeapBaseMinAddress
#     to set the Java Heap base and to place the Java Heap above 32GB virtual address.
# This output file may be truncated or incomplete.
#
#  Out of Memory Error (arena.cpp:168), pid=26020, tid=6884
#
# JRE version: OpenJDK Runtime Environment (21.0.10) (build 21.0.10+-14961533-b1163.108)
# Java VM: OpenJDK 64-Bit Server VM (21.0.10+-14961533-b1163.108, mixed mode, tiered, compressed oops, compressed class ptrs, g1 gc, windows-amd64)
# No core dump will be written. Minidumps are not enabled by default on client versions of Windows
#

---------------  S U M M A R Y ------------

Command Line: --add-opens=java.base/java.lang=ALL-UNNAMED --add-opens=java.base/java.lang.invoke=ALL-UNNAMED --add-opens=java.base/java.util=ALL-UNNAMED --add-opens=java.prefs/java.util.prefs=ALL-UNNAMED --add-exports=jdk.compiler/com.sun.tools.javac.api=ALL-UNNAMED --add-exports=jdk.compiler/com.sun.tools.javac.util=ALL-UNNAMED --add-opens=java.base/java.util=ALL-UNNAMED --add-opens=java.prefs/java.util.prefs=ALL-UNNAMED --add-opens=java.base/java.nio.charset=ALL-UNNAMED --add-opens=java.base/java.net=ALL-UNNAMED --add-opens=java.base/java.util.concurrent=ALL-UNNAMED --add-opens=java.base/java.util.concurrent.atomic=ALL-UNNAMED --add-opens=java.xml/javax.xml.namespace=ALL-UNNAMED --add-opens=java.base/java.time=ALL-UNNAMED -XX:MaxMetaspaceSize=1024m -Xmx4096m -Dfile.encoding=UTF-8 -Duser.country=US -Duser.language=en -Duser.variant -javaagent:C:\Users\Hazem\.gradle\wrapper\dists\gradle-9.4.1-bin\arn2x92ynaizyzdaamcbpbhtj\gradle-9.4.1\lib\agents\gradle-instrumentation-agent-9.4.1.jar org.gradle.launcher.daemon.bootstrap.GradleDaemon 9.4.1

Host: 12th Gen Intel(R) Core(TM) i5-12450H, 12 cores, 15G,  Windows 11 , 64 bit Build 26100 (10.0.26100.7653)
Time: Sat Jul  4 03:59:04 2026 Egypt Daylight Time elapsed time: 2072.206665 seconds (0d 0h 34m 32s)

---------------  T H R E A D  ---------------

Current thread (0x00000241f5093e90):  JavaThread "C2 CompilerThread0" daemon [_thread_in_native, id=6884, stack(0x0000006123000000,0x0000006123100000) (1024K)]


Current CompileTask:
C2:2072206 83650       4       org.jetbrains.org.objectweb.asm.tree.MethodNode::accept (874 bytes)

Stack: [0x0000006123000000,0x0000006123100000]
Native frames: (J=compiled Java code, j=interpreted, Vv=VM code, C=native code)
V  [jvm.dll+0x6d78a9]
V  [jvm.dll+0x8665b3]
V  [jvm.dll+0x868bde]
V  [jvm.dll+0x8692c3]
V  [jvm.dll+0x280ee6]
V  [jvm.dll+0xc07cd]
V  [jvm.dll+0xc0d03]
V  [jvm.dll+0x2f6170]
V  [jvm.dll+0x6003e9]
V  [jvm.dll+0x252ce2]
V  [jvm.dll+0x25309f]
V  [jvm.dll+0x24b845]
V  [jvm.dll+0x24909e]
V  [jvm.dll+0x1c76e4]
V  [jvm.dll+0x25891e]
V  [jvm.dll+0x256e66]
V  [jvm.dll+0x3f513e]
V  [jvm.dll+0x80fd28]
V  [jvm.dll+0x6d60fd]
C  [ucrtbase.dll+0x37b0]
C  [KERNEL32.DLL+0x2e8d7]
C  [ntdll.dll+0x8c40c]


---------------  P R O C E S S  ---------------

Threads class SMR info:
_java_thread_list=0x00000241a598acb0, length=115, elements={
0x00000241d4577fb0, 0x00000241f508f7e0, 0x00000241f509d5b0, 0x00000241f509e010,
0x00000241f509f290, 0x00000241f509fcf0, 0x00000241f50929d0, 0x00000241f5093430,
0x00000241f5093e90, 0x00000241f5094a60, 0x00000241f5454470, 0x00000241f83cd170,
0x00000241f7190d20, 0x00000241f83b8fa0, 0x00000241f8761b50, 0x00000241f87607a0,
0x00000241f8760110, 0x00000241fb3efcc0, 0x00000241fb3f0350, 0x00000241fb3f1070,
0x00000241fb3f1d90, 0x00000241fb3eefa0, 0x00000241fb2fb280, 0x00000241fb2f8490,
0x00000241fb2fabf0, 0x00000241fb2f8b20, 0x00000241fb2f91b0, 0x00000241fb2f7e00,
0x00000241fb2f9840, 0x00000241fb2f9ed0, 0x00000241fb2fa560, 0x00000241fbb91370,
0x00000241fba2d630, 0x00000241f57e5420, 0x00000241f57e4700, 0x000002418b14abe0,
0x000002418b1491a0, 0x00000241897622b0, 0x00000241914d2c60, 0x00000241a4afe2f0,
0x00000241a4afb500, 0x00000241a4afc220, 0x00000241f7560d60, 0x00000241f75613f0,
0x00000241f7560040, 0x00000241f7562110, 0x00000241f7561a80, 0x00000241f75627a0,
0x00000241f7562e30, 0x00000241f75634c0, 0x000002418a9bb3d0, 0x000002418a9b8c70,
0x000002418a9ba020, 0x000002418a9b9300, 0x000002418a9ba6b0, 0x000002418a9bad40,
0x000002418a9b7f50, 0x000002418a9bc780, 0x0000024190b0d540, 0x0000024190b0dbd0,
0x0000024190b0e260, 0x0000024190b0e8f0, 0x000002418a9b9990, 0x000002418a9beee0,
0x00000241f52671b0, 0x00000241f5268560, 0x00000241a4afd5d0, 0x0000024189f05580,
0x0000024189f06fc0, 0x0000024189f04860, 0x0000024189f05c10, 0x0000024189f03b40,
0x0000024189f062a0, 0x0000024189f041d0, 0x0000024189f04ef0, 0x0000024190b0ef80,
0x0000024190b0f610, 0x0000024188028df0, 0x00000241a4afc8b0, 0x00000241a4a534f0,
0x000002418a421d80, 0x00000241a4a50d90, 0x00000241a4a52e60, 0x000002418a422410,
0x00000241a54ac2c0, 0x000002418802aec0, 0x00000241a54ae390, 0x00000241a54ad670,
0x000002418a41ef90, 0x000002418a1ea990, 0x00000241a54add00, 0x00000241887a6de0,
0x00000241a54acfe0, 0x00000241f963a140, 0x00000241f963a7d0, 0x000002418a767380,
0x0000024188fa6bb0, 0x00000241a5496e10, 0x000002418fdce0c0, 0x0000024188d4b750,
0x0000024188d4b0c0, 0x0000024188d4aa30, 0x0000024192ebd7f0, 0x00000241a54ac950,
0x00000241a5497b30, 0x00000241a549a290, 0x00000241925aa120, 0x00000241f89416a0,
0x00000241f5265e00, 0x00000241a5e6c3f0, 0x00000241a5e6b6d0, 0x000002418c0aac10,
0x000002418c0acce0, 0x0000024192b7ae60, 0x000002418a1e95e0
}

Java Threads: ( => current thread )
  0x00000241d4577fb0 JavaThread "main"                              [_thread_blocked, id=27040, stack(0x0000006122100000,0x0000006122200000) (1024K)]
  0x00000241f508f7e0 JavaThread "Common-Cleaner"             daemon [_thread_blocked, id=27312, stack(0x0000006122900000,0x0000006122a00000) (1024K)]
  0x00000241f509d5b0 JavaThread "Reference Handler"          daemon [_thread_blocked, id=27476, stack(0x0000006122a00000,0x0000006122b00000) (1024K)]
  0x00000241f509e010 JavaThread "Finalizer"                  daemon [_thread_blocked, id=2748, stack(0x0000006122b00000,0x0000006122c00000) (1024K)]
  0x00000241f509f290 JavaThread "Signal Dispatcher"          daemon [_thread_blocked, id=27396, stack(0x0000006122c00000,0x0000006122d00000) (1024K)]
  0x00000241f509fcf0 JavaThread "Attach Listener"            daemon [_thread_blocked, id=13864, stack(0x0000006122d00000,0x0000006122e00000) (1024K)]
  0x00000241f50929d0 JavaThread "Service Thread"             daemon [_thread_blocked, id=26796, stack(0x0000006122e00000,0x0000006122f00000) (1024K)]
  0x00000241f5093430 JavaThread "Monitor Deflation Thread"   daemon [_thread_blocked, id=19940, stack(0x0000006122f00000,0x0000006123000000) (1024K)]
=>0x00000241f5093e90 JavaThread "C2 CompilerThread0"         daemon [_thread_in_native, id=6884, stack(0x0000006123000000,0x0000006123100000) (1024K)]
  0x00000241f5094a60 JavaThread "C1 CompilerThread0"         daemon [_thread_in_native, id=5584, stack(0x0000006123100000,0x0000006123200000) (1024K)]
  0x00000241f5454470 JavaThread "Notification Thread"        daemon [_thread_blocked, id=20288, stack(0x0000006123200000,0x0000006123300000) (1024K)]
  0x00000241f83cd170 JavaThread "Daemon health stats"               [_thread_blocked, id=4800, stack(0x0000006123a00000,0x0000006123b00000) (1024K)]
  0x00000241f7190d20 JavaThread "Incoming local TCP Connector on port 59537"        [_thread_in_native, id=20616, stack(0x0000006123b00000,0x0000006123c00000) (1024K)]
  0x00000241f83b8fa0 JavaThread "Daemon periodic checks"            [_thread_blocked, id=18552, stack(0x0000006123c00000,0x0000006123d00000) (1024K)]
  0x00000241f8761b50 JavaThread "Cache worker for journal cache (C:\Users\Hazem\.gradle\caches\journal-1)"        [_thread_blocked, id=21584, stack(0x0000006124a00000,0x0000006124b00000) (1024K)]
  0x00000241f87607a0 JavaThread "File lock request listener"        [_thread_in_native, id=15600, stack(0x0000006124b00000,0x0000006124c00000) (1024K)]
  0x00000241f8760110 JavaThread "Cache worker for file hash cache (C:\Users\Hazem\.gradle\caches\9.4.1\fileHashes)"        [_thread_blocked, id=22388, stack(0x0000006124c00000,0x0000006124d00000) (1024K)]
  0x00000241fb3efcc0 JavaThread "File watcher server"        daemon [_thread_in_native, id=5632, stack(0x0000006124f00000,0x0000006125000000) (1024K)]
  0x00000241fb3f0350 JavaThread "File watcher consumer"      daemon [_thread_blocked, id=9788, stack(0x0000006125000000,0x0000006125100000) (1024K)]
  0x00000241fb3f1070 JavaThread "jar transforms"                    [_thread_blocked, id=10392, stack(0x0000006125100000,0x0000006125200000) (1024K)]
  0x00000241fb3f1d90 JavaThread "jar transforms Thread 2"           [_thread_blocked, id=4764, stack(0x0000006125200000,0x0000006125300000) (1024K)]
  0x00000241fb3eefa0 JavaThread "jar transforms Thread 3"           [_thread_blocked, id=5228, stack(0x0000006125300000,0x0000006125400000) (1024K)]
  0x00000241fb2fb280 JavaThread "jar transforms Thread 4"           [_thread_blocked, id=11072, stack(0x0000006125400000,0x0000006125500000) (1024K)]
  0x00000241fb2f8490 JavaThread "jar transforms Thread 5"           [_thread_blocked, id=23952, stack(0x0000006125500000,0x0000006125600000) (1024K)]
  0x00000241fb2fabf0 JavaThread "jar transforms Thread 6"           [_thread_blocked, id=26436, stack(0x0000006125600000,0x0000006125700000) (1024K)]
  0x00000241fb2f8b20 JavaThread "jar transforms Thread 7"           [_thread_blocked, id=25148, stack(0x0000006125700000,0x0000006125800000) (1024K)]
  0x00000241fb2f91b0 JavaThread "jar transforms Thread 8"           [_thread_blocked, id=24044, stack(0x0000006125800000,0x0000006125900000) (1024K)]
  0x00000241fb2f7e00 JavaThread "jar transforms Thread 9"           [_thread_blocked, id=22452, stack(0x0000006125900000,0x0000006125a00000) (1024K)]
  0x00000241fb2f9840 JavaThread "jar transforms Thread 10"          [_thread_blocked, id=11004, stack(0x0000006125a00000,0x0000006125b00000) (1024K)]
  0x00000241fb2f9ed0 JavaThread "jar transforms Thread 11"          [_thread_blocked, id=14784, stack(0x0000006125b00000,0x0000006125c00000) (1024K)]
  0x00000241fb2fa560 JavaThread "jar transforms Thread 12"          [_thread_blocked, id=11668, stack(0x0000006125c00000,0x0000006125d00000) (1024K)]
  0x00000241fbb91370 JavaThread "Cache worker for file content cache (C:\Users\Hazem\.gradle\caches\9.4.1\fileContent)"        [_thread_blocked, id=16300, stack(0x0000006125d00000,0x0000006125e00000) (1024K)]
  0x00000241fba2d630 JavaThread "Memory manager"                    [_thread_blocked, id=9932, stack(0x0000006126f00000,0x0000006127000000) (1024K)]
  0x00000241f57e5420 JavaThread "RMI Scheduler(0)"           daemon [_thread_blocked, id=27316, stack(0x0000006128b00000,0x0000006128c00000) (1024K)]
  0x00000241f57e4700 JavaThread "RMI GC Daemon"              daemon [_thread_blocked, id=18396, stack(0x0000006128e00000,0x0000006128f00000) (1024K)]
  0x000002418b14abe0 JavaThread "RMI TCP Accept-0"           daemon [_thread_in_native, id=11956, stack(0x0000006128f00000,0x0000006129000000) (1024K)]
  0x000002418b1491a0 JavaThread "RMI Reaper"                        [_thread_blocked, id=12004, stack(0x0000006129000000,0x0000006129100000) (1024K)]
  0x00000241897622b0 JavaThread "RMI TCP Accept-0"           daemon [_thread_in_native, id=4492, stack(0x0000006129100000,0x0000006129200000) (1024K)]
  0x00000241914d2c60 JavaThread "Daemon Thread 5"                   [_thread_blocked, id=11944, stack(0x0000006121e00000,0x0000006121f00000) (1024K)]
  0x00000241a4afe2f0 JavaThread "Handler for socket connection from /127.0.0.1:59537 to /127.0.0.1:63853"        [_thread_in_native, id=17572, stack(0x0000006121f00000,0x0000006122000000) (1024K)]
  0x00000241a4afb500 JavaThread "Cancel handler"                    [_thread_blocked, id=27380, stack(0x0000006122000000,0x0000006122100000) (1024K)]
  0x00000241a4afc220 JavaThread "Daemon worker Thread 5"            [_thread_blocked, id=2476, stack(0x0000006123300000,0x0000006123400000) (1024K)]
  0x00000241f7560d60 JavaThread "Asynchronous log dispatcher for DefaultDaemonConnection: socket connection from /127.0.0.1:59537 to /127.0.0.1:63853"        [_thread_blocked, id=17544, stack(0x0000006123400000,0x0000006123500000) (1024K)]
  0x00000241f75613f0 JavaThread "Stdin handler"                     [_thread_blocked, id=26892, stack(0x0000006123d00000,0x0000006123e00000) (1024K)]
  0x00000241f7560040 JavaThread "Daemon client event forwarder"        [_thread_blocked, id=26144, stack(0x0000006123e00000,0x0000006123f00000) (1024K)]
  0x00000241f7562110 JavaThread "Cache worker for file hash cache (D:\iti\Dukkan\.gradle\9.4.1\fileHashes)"        [_thread_blocked, id=8276, stack(0x0000006124500000,0x0000006124600000) (1024K)]
  0x00000241f7561a80 JavaThread "Cache worker for checksums cache (D:\iti\Dukkan\.gradle\9.4.1\checksums)"        [_thread_blocked, id=20928, stack(0x0000006124600000,0x0000006124700000) (1024K)]
  0x00000241f75627a0 JavaThread "Cache worker for Build Output Cleanup Cache (D:\iti\Dukkan\.gradle\buildOutputCleanup)"        [_thread_blocked, id=2816, stack(0x0000006124700000,0x0000006124800000) (1024K)]
  0x00000241f7562e30 JavaThread "Cache worker for cache directory md-supplier (C:\Users\Hazem\.gradle\caches\9.4.1\md-supplier)"        [_thread_blocked, id=21288, stack(0x0000006124800000,0x0000006124900000) (1024K)]
  0x00000241f75634c0 JavaThread "Cache worker for cache directory md-rule (C:\Users\Hazem\.gradle\caches\9.4.1\md-rule)"        [_thread_blocked, id=20812, stack(0x0000006124900000,0x0000006124a00000) (1024K)]
  0x000002418a9bb3d0 JavaThread "Build operations"                  [_thread_in_native, id=24984, stack(0x0000006124d00000,0x0000006124e00000) (1024K)]
  0x000002418a9b8c70 JavaThread "Build operations Thread 2"         [_thread_blocked, id=18624, stack(0x0000006124e00000,0x0000006124f00000) (1024K)]
  0x000002418a9ba020 JavaThread "Build operations Thread 3"         [_thread_blocked, id=27444, stack(0x0000006125e00000,0x0000006125f00000) (1024K)]
  0x000002418a9b9300 JavaThread "Build operations Thread 4"         [_thread_blocked, id=4272, stack(0x0000006125f00000,0x0000006126000000) (1024K)]
  0x000002418a9ba6b0 JavaThread "Build operations Thread 5"         [_thread_blocked, id=12700, stack(0x0000006126000000,0x0000006126100000) (1024K)]
  0x000002418a9bad40 JavaThread "Build operations Thread 6"         [_thread_blocked, id=3096, stack(0x0000006126100000,0x0000006126200000) (1024K)]
  0x000002418a9b7f50 JavaThread "Build operations Thread 7"         [_thread_blocked, id=25700, stack(0x0000006126200000,0x0000006126300000) (1024K)]
  0x000002418a9bc780 JavaThread "Build operations Thread 8"         [_thread_blocked, id=1400, stack(0x0000006126300000,0x0000006126400000) (1024K)]
  0x0000024190b0d540 JavaThread "Build operations Thread 9"         [_thread_blocked, id=27032, stack(0x0000006126400000,0x0000006126500000) (1024K)]
  0x0000024190b0dbd0 JavaThread "Build operations Thread 10"        [_thread_blocked, id=11440, stack(0x0000006126500000,0x0000006126600000) (1024K)]
  0x0000024190b0e260 JavaThread "Build operations Thread 11"        [_thread_blocked, id=9000, stack(0x0000006126600000,0x0000006126700000) (1024K)]
  0x0000024190b0e8f0 JavaThread "Build operations Thread 12"        [_thread_blocked, id=20964, stack(0x0000006126700000,0x0000006126800000) (1024K)]
  0x000002418a9b9990 JavaThread "Cache worker for Build Output Cleanup Cache (D:\iti\Dukkan\build-logic\.gradle\buildOutputCleanup)"        [_thread_blocked, id=14660, stack(0x0000006126900000,0x0000006126a00000) (1024K)]
  0x000002418a9beee0 JavaThread "Configuration cache report writer"        [_thread_blocked, id=19272, stack(0x0000006126a00000,0x0000006126b00000) (1024K)]
  0x00000241f52671b0 JavaThread "build event listener"              [_thread_blocked, id=21772, stack(0x0000006126b00000,0x0000006126c00000) (1024K)]
  0x00000241f5268560 JavaThread "build event listener"              [_thread_blocked, id=11636, stack(0x0000006126c00000,0x0000006126d00000) (1024K)]
  0x00000241a4afd5d0 JavaThread "included builds"                   [_thread_blocked, id=11068, stack(0x0000006126d00000,0x0000006126e00000) (1024K)]
  0x0000024189f05580 JavaThread "Execution worker"                  [_thread_blocked, id=14744, stack(0x0000006126e00000,0x0000006126f00000) (1024K)]
  0x0000024189f06fc0 JavaThread "Execution worker Thread 2"         [_thread_blocked, id=16956, stack(0x0000006127000000,0x0000006127100000) (1024K)]
  0x0000024189f04860 JavaThread "Execution worker Thread 3"         [_thread_in_native, id=27360, stack(0x0000006127100000,0x0000006127200000) (1024K)]
  0x0000024189f05c10 JavaThread "Execution worker Thread 4"         [_thread_blocked, id=25712, stack(0x0000006127200000,0x0000006127300000) (1024K)]
  0x0000024189f03b40 JavaThread "Execution worker Thread 5"         [_thread_in_native, id=10612, stack(0x0000006127300000,0x0000006127400000) (1024K)]
  0x0000024189f062a0 JavaThread "Execution worker Thread 6"         [_thread_blocked, id=11932, stack(0x0000006127400000,0x0000006127500000) (1024K)]
  0x0000024189f041d0 JavaThread "Execution worker Thread 7"         [_thread_in_native, id=8580, stack(0x0000006127500000,0x0000006127600000) (1024K)]
  0x0000024189f04ef0 JavaThread "Execution worker Thread 8"         [_thread_blocked, id=23460, stack(0x0000006127600000,0x0000006127700000) (1024K)]
  0x0000024190b0ef80 JavaThread "Execution worker Thread 9"         [_thread_blocked, id=17168, stack(0x0000006127700000,0x0000006127800000) (1024K)]
  0x0000024190b0f610 JavaThread "Execution worker Thread 10"        [_thread_blocked, id=26988, stack(0x0000006127800000,0x0000006127900000) (1024K)]
  0x0000024188028df0 JavaThread "Execution worker Thread 11"        [_thread_blocked, id=9428, stack(0x0000006127900000,0x0000006127a00000) (1024K)]
  0x00000241a4afc8b0 JavaThread "Cache worker for execution history cache (D:\iti\Dukkan\build-logic\.gradle\9.4.1\executionHistory)"        [_thread_blocked, id=9396, stack(0x0000006127a00000,0x0000006127b00000) (1024K)]
  0x00000241a4a534f0 JavaThread "WorkerExecutor Queue"              [_thread_blocked, id=27520, stack(0x0000006127c00000,0x0000006127d00000) (1024K)]
  0x000002418a421d80 JavaThread "RMI TCP Connection(20)-127.0.0.1" daemon [_thread_in_native, id=3516, stack(0x0000006127e00000,0x0000006127f00000) (1024K)]
  0x00000241a4a50d90 JavaThread "build event listener"              [_thread_blocked, id=6996, stack(0x0000006126800000,0x0000006126900000) (1024K)]
  0x00000241a4a52e60 JavaThread "build event listener"              [_thread_blocked, id=16740, stack(0x0000006127b00000,0x0000006127c00000) (1024K)]
  0x000002418a422410 JavaThread "Kotlin DSL Writer"                 [_thread_blocked, id=10188, stack(0x0000006127d00000,0x0000006127e00000) (1024K)]
  0x00000241a54ac2c0 JavaThread "pool-14-thread-1"                  [_thread_blocked, id=10936, stack(0x0000006127f00000,0x0000006128000000) (1024K)]
  0x000002418802aec0 JavaThread "ForkJoinPool.commonPool-worker-22" daemon [_thread_blocked, id=16868, stack(0x0000006128100000,0x0000006128200000) (1024K)]
  0x00000241a54ae390 JavaThread "ForkJoinPool.commonPool-worker-23" daemon [_thread_blocked, id=22720, stack(0x0000006128200000,0x0000006128300000) (1024K)]
  0x00000241a54ad670 JavaThread "ForkJoinPool.commonPool-worker-24" daemon [_thread_blocked, id=25904, stack(0x0000006128300000,0x0000006128400000) (1024K)]
  0x000002418a41ef90 JavaThread "ForkJoinPool.commonPool-worker-25" daemon [_thread_blocked, id=27276, stack(0x0000006128400000,0x0000006128500000) (1024K)]
  0x000002418a1ea990 JavaThread "ForkJoinPool.commonPool-worker-28" daemon [_thread_blocked, id=1664, stack(0x0000006128700000,0x0000006128800000) (1024K)]
  0x00000241a54add00 JavaThread "ForkJoinPool.commonPool-worker-29" daemon [_thread_blocked, id=6076, stack(0x0000006128800000,0x0000006128900000) (1024K)]
  0x00000241887a6de0 JavaThread "ForkJoinPool.commonPool-worker-30" daemon [_thread_blocked, id=17280, stack(0x0000006128900000,0x0000006128a00000) (1024K)]
  0x00000241a54acfe0 JavaThread "Exec process Thread 4"             [_thread_blocked, id=20016, stack(0x0000006128a00000,0x0000006128b00000) (1024K)]
  0x00000241f963a140 JavaThread "Exec process Thread 5"             [_thread_blocked, id=27068, stack(0x0000006128c00000,0x0000006128d00000) (1024K)]
  0x00000241f963a7d0 JavaThread "Exec process Thread 6"             [_thread_blocked, id=24000, stack(0x0000006128d00000,0x0000006128e00000) (1024K)]
  0x000002418a767380 JavaThread "C2 CompilerThread1"         daemon [_thread_in_native, id=13764, stack(0x0000006128000000,0x0000006128100000) (1024K)]
  0x0000024188fa6bb0 JavaThread "Cache worker for execution history cache (D:\iti\Dukkan\.gradle\9.4.1\executionHistory)"        [_thread_blocked, id=26812, stack(0x0000006129300000,0x0000006129400000) (1024K)]
  0x00000241a5496e10 JavaThread "WorkerExecutor Queue Thread 2"        [_thread_blocked, id=21904, stack(0x0000006129400000,0x0000006129500000) (1024K)]
  0x000002418fdce0c0 JavaThread "WorkerExecutor Queue Thread 3"        [_thread_blocked, id=22928, stack(0x0000006129500000,0x0000006129600000) (1024K)]
  0x0000024188d4b750 JavaThread "WorkerExecutor Queue Thread 4"        [_thread_blocked, id=16068, stack(0x0000006129600000,0x0000006129700000) (1024K)]
  0x0000024188d4b0c0 JavaThread "WorkerExecutor Queue Thread 5"        [_thread_blocked, id=11228, stack(0x0000006129700000,0x0000006129800000) (1024K)]
  0x0000024188d4aa30 JavaThread "WorkerExecutor Queue Thread 6"        [_thread_blocked, id=23560, stack(0x0000006129200000,0x0000006129300000) (1024K)]
  0x0000024192ebd7f0 JavaThread "WorkerExecutor Queue Thread 7"        [_thread_blocked, id=9892, stack(0x0000006129800000,0x0000006129900000) (1024K)]
  0x00000241a54ac950 JavaThread "WorkerExecutor Queue Thread 8"        [_thread_blocked, id=19296, stack(0x0000006129900000,0x0000006129a00000) (1024K)]
  0x00000241a5497b30 JavaThread "WorkerExecutor Queue Thread 10"        [_thread_blocked, id=27424, stack(0x0000006129c00000,0x0000006129d00000) (1024K)]
  0x00000241a549a290 JavaThread "WorkerExecutor Queue Thread 11"        [_thread_blocked, id=4428, stack(0x0000006129d00000,0x0000006129e00000) (1024K)]
  0x00000241925aa120 JavaThread "WorkerExecutor Queue Thread 13"        [_thread_blocked, id=26236, stack(0x0000006128500000,0x0000006128600000) (1024K)]
  0x00000241f89416a0 JavaThread "C2 CompilerThread2"         daemon [_thread_in_native, id=25608, stack(0x0000006129b00000,0x0000006129c00000) (1024K)]
  0x00000241f5265e00 JavaThread "WorkerExecutor Queue Thread 14"        [_thread_blocked, id=23064, stack(0x0000006128600000,0x0000006128700000) (1024K)]
  0x00000241a5e6c3f0 JavaThread "Periodic tasks thread"      daemon [_thread_blocked, id=25056, stack(0x0000006129e00000,0x0000006129f00000) (1024K)]
  0x00000241a5e6b6d0 JavaThread "ApplicationImpl pooled thread 1" daemon [_thread_blocked, id=26780, stack(0x0000006129f00000,0x000000612a000000) (1024K)]
  0x000002418c0aac10 JavaThread "Java2D Disposer"            daemon [_thread_blocked, id=27628, stack(0x000000612a200000,0x000000612a300000) (1024K)]
  0x000002418c0acce0 JavaThread "AWT-Windows"                daemon [_thread_in_native, id=25044, stack(0x000000612a400000,0x000000612a500000) (1024K)]
  0x0000024192b7ae60 JavaThread "ForkJoinPool.commonPool-worker-31" daemon [_thread_blocked, id=19532, stack(0x000000612a300000,0x000000612a400000) (1024K)]
  0x000002418a1e95e0 JavaThread "ForkJoinPool.commonPool-worker-32" daemon [_thread_blocked, id=27144, stack(0x000000612a500000,0x000000612a600000) (1024K)]
Total: 115

Other Threads:
  0x00000241f034e550 VMThread "VM Thread"                           [id=27084, stack(0x0000006122800000,0x0000006122900000) (1024K)]
  0x00000241f02faba0 WatcherThread "VM Periodic Task Thread"        [id=2120, stack(0x0000006122700000,0x0000006122800000) (1024K)]
  0x00000241d69f9bf0 WorkerThread "GC Thread#0"                     [id=17860, stack(0x0000006122200000,0x0000006122300000) (1024K)]
  0x00000241f5939200 WorkerThread "GC Thread#1"                     [id=11736, stack(0x0000006123500000,0x0000006123600000) (1024K)]
  0x00000241f6103b00 WorkerThread "GC Thread#2"                     [id=5644, stack(0x0000006123600000,0x0000006123700000) (1024K)]
  0x00000241f6103eb0 WorkerThread "GC Thread#3"                     [id=10152, stack(0x0000006123700000,0x0000006123800000) (1024K)]
  0x00000241f5f1be70 WorkerThread "GC Thread#4"                     [id=22704, stack(0x0000006123800000,0x0000006123900000) (1024K)]
  0x00000241f5f1c220 WorkerThread "GC Thread#5"                     [id=21592, stack(0x0000006123900000,0x0000006123a00000) (1024K)]
  0x00000241f89ed340 WorkerThread "GC Thread#6"                     [id=3764, stack(0x0000006123f00000,0x0000006124000000) (1024K)]
  0x00000241f89ec830 WorkerThread "GC Thread#7"                     [id=11680, stack(0x0000006124000000,0x0000006124100000) (1024K)]
  0x00000241f89ecbe0 WorkerThread "GC Thread#8"                     [id=1500, stack(0x0000006124100000,0x0000006124200000) (1024K)]
  0x00000241f89ecf90 WorkerThread "GC Thread#9"                     [id=23092, stack(0x0000006124200000,0x0000006124300000) (1024K)]
  0x00000241d463e0c0 ConcurrentGCThread "G1 Main Marker"            [id=24064, stack(0x0000006122300000,0x0000006122400000) (1024K)]
  0x00000241d463e490 WorkerThread "G1 Conc#0"                       [id=19276, stack(0x0000006122400000,0x0000006122500000) (1024K)]
  0x00000241f89ed6f0 WorkerThread "G1 Conc#1"                       [id=27536, stack(0x0000006124300000,0x0000006124400000) (1024K)]
  0x00000241f796c720 WorkerThread "G1 Conc#2"                       [id=9052, stack(0x0000006124400000,0x0000006124500000) (1024K)]
  0x00000241f01cf470 ConcurrentGCThread "G1 Refine#0"               [id=17588, stack(0x0000006122500000,0x0000006122600000) (1024K)]
  0x00000241f01cfca0 ConcurrentGCThread "G1 Service"                [id=27292, stack(0x0000006122600000,0x0000006122700000) (1024K)]
Total: 18

Threads with active compile tasks:
C2 CompilerThread0  2072253 83650       4       org.jetbrains.org.objectweb.asm.tree.MethodNode::accept (874 bytes)
C1 CompilerThread0  2072253 84128       2       org.jetbrains.kotlin.metadata.ProtoBuf$Annotation::isInitialized (73 bytes)
C2 CompilerThread1  2072253 83666       4       org.jetbrains.org.objectweb.asm.ClassReader::readMethod (1093 bytes)
C2 CompilerThread2  2072253 83691       4       org.jetbrains.org.objectweb.asm.ClassReader::accept (1401 bytes)
Total: 4

VM state: not at safepoint (normal execution)

VM Mutex/Monitor currently owned by a thread: None

Heap address: 0x0000000700000000, size: 4096 MB, Compressed Oops mode: Zero based, Oop shift amount: 3

CDS archive(s) not mapped
Compressed class space mapped at: 0x0000000800000000-0x0000000834000000, reserved size: 872415232
Narrow klass base: 0x0000000800000000, Narrow klass shift: 0, Narrow klass range: 0x34000000

GC Precious Log:
 CardTable entry size: 512
 Card Set container configuration: InlinePtr #cards 4 size 8 Array Of Cards #cards 16 size 48 Howl #buckets 8 coarsen threshold 3686 Howl Bitmap #cards 512 size 80 coarsen threshold 460 Card regions per heap region 1 cards per card region 4096
 CPUs: 12 total, 12 available
 Memory: 16005M
 Large Page Support: Disabled
 NUMA Support: Disabled
 Compressed Oops: Enabled (Zero based)
 Heap Region Size: 2M
 Heap Min Capacity: 8M
 Heap Initial Capacity: 252M
 Heap Max Capacity: 4G
 Pre-touch: Disabled
 Parallel Workers: 10
 Concurrent Workers: 3
 Concurrent Refinement Workers: 10
 Periodic GC: Disabled

Heap:
 garbage-first heap   total 1112064K, used 684010K [0x0000000700000000, 0x0000000800000000)
  region size 2048K, 13 young (26624K), 10 survivors (20480K)
 Metaspace       used 447354K, committed 452352K, reserved 1310720K
  class space    used 56762K, committed 59200K, reserved 851968K

Heap Regions: E=young(eden), S=young(survivor), O=old, HS=humongous(starts), HC=humongous(continues), CS=collection set, F=free, TAMS=top-at-mark-start, PB=parsable bottom
|   0|0x0000000700000000, 0x0000000700200000, 0x0000000700200000|100%|HS|  |TAMS 0x0000000700200000| PB 0x0000000700000000| Complete 
|   1|0x0000000700200000, 0x0000000700400000, 0x0000000700400000|100%|HC|  |TAMS 0x0000000700400000| PB 0x0000000700200000| Complete 
|   2|0x0000000700400000, 0x0000000700600000, 0x0000000700600000|100%| O|  |TAMS 0x0000000700600000| PB 0x0000000700400000| Untracked 
|   3|0x0000000700600000, 0x0000000700800000, 0x0000000700800000|100%| O|  |TAMS 0x0000000700800000| PB 0x0000000700600000| Untracked 
|   4|0x0000000700800000, 0x0000000700a00000, 0x0000000700a00000|100%| O|  |TAMS 0x0000000700a00000| PB 0x0000000700800000| Untracked 
|   5|0x0000000700a00000, 0x0000000700c00000, 0x0000000700c00000|100%| O|  |TAMS 0x0000000700c00000| PB 0x0000000700a00000| Untracked 
|   6|0x0000000700c00000, 0x0000000700e00000, 0x0000000700e00000|100%| O|  |TAMS 0x0000000700e00000| PB 0x0000000700c00000| Untracked 
|   7|0x0000000700e00000, 0x0000000701000000, 0x0000000701000000|100%|HS|  |TAMS 0x0000000701000000| PB 0x0000000700e00000| Complete 
|   8|0x0000000701000000, 0x0000000701200000, 0x0000000701200000|100%|HC|  |TAMS 0x0000000701200000| PB 0x0000000701000000| Complete 
|   9|0x0000000701200000, 0x0000000701400000, 0x0000000701400000|100%|HC|  |TAMS 0x0000000701400000| PB 0x0000000701200000| Complete 
|  10|0x0000000701400000, 0x0000000701600000, 0x0000000701600000|100%|HS|  |TAMS 0x0000000701600000| PB 0x0000000701400000| Complete 
|  11|0x0000000701600000, 0x0000000701800000, 0x0000000701800000|100%|HS|  |TAMS 0x0000000701800000| PB 0x0000000701600000| Complete 
|  12|0x0000000701800000, 0x0000000701a00000, 0x0000000701a00000|100%|HC|  |TAMS 0x0000000701a00000| PB 0x0000000701800000| Complete 
|  13|0x0000000701a00000, 0x0000000701c00000, 0x0000000701c00000|100%|HC|  |TAMS 0x0000000701c00000| PB 0x0000000701a00000| Complete 
|  14|0x0000000701c00000, 0x0000000701e00000, 0x0000000701e00000|100%|HS|  |TAMS 0x0000000701e00000| PB 0x0000000701c00000| Complete 
|  15|0x0000000701e00000, 0x0000000702000000, 0x0000000702000000|100%| O|  |TAMS 0x0000000702000000| PB 0x0000000701e00000| Untracked 
|  16|0x0000000702000000, 0x0000000702200000, 0x0000000702200000|100%| O|  |TAMS 0x0000000702200000| PB 0x0000000702000000| Untracked 
|  17|0x0000000702200000, 0x0000000702400000, 0x0000000702400000|100%| O|  |TAMS 0x0000000702400000| PB 0x0000000702200000| Untracked 
|  18|0x0000000702400000, 0x0000000702600000, 0x0000000702600000|100%| O|  |TAMS 0x0000000702600000| PB 0x0000000702400000| Untracked 
|  19|0x0000000702600000, 0x0000000702800000, 0x0000000702800000|100%|HS|  |TAMS 0x0000000702800000| PB 0x0000000702600000| Complete 
|  20|0x0000000702800000, 0x0000000702a00000, 0x0000000702a00000|100%| O|  |TAMS 0x0000000702a00000| PB 0x0000000702800000| Untracked 
|  21|0x0000000702a00000, 0x0000000702c00000, 0x0000000702c00000|100%| O|  |TAMS 0x0000000702c00000| PB 0x0000000702a00000| Untracked 
|  22|0x0000000702c00000, 0x0000000702e00000, 0x0000000702e00000|100%|HS|  |TAMS 0x0000000702e00000| PB 0x0000000702c00000| Complete 
|  23|0x0000000702e00000, 0x0000000703000000, 0x0000000703000000|100%| O|  |TAMS 0x0000000703000000| PB 0x0000000702e00000| Untracked 
|  24|0x0000000703000000, 0x0000000703200000, 0x0000000703200000|100%| O|  |TAMS 0x0000000703200000| PB 0x0000000703000000| Untracked 
|  25|0x0000000703200000, 0x0000000703400000, 0x0000000703400000|100%| O|  |TAMS 0x0000000703400000| PB 0x0000000703200000| Untracked 
|  26|0x0000000703400000, 0x0000000703600000, 0x0000000703600000|100%| O|  |TAMS 0x0000000703600000| PB 0x0000000703400000| Untracked 
|  27|0x0000000703600000, 0x0000000703800000, 0x0000000703800000|100%| O|  |TAMS 0x0000000703800000| PB 0x0000000703600000| Untracked 
|  28|0x0000000703800000, 0x0000000703a00000, 0x0000000703a00000|100%|HS|  |TAMS 0x0000000703a00000| PB 0x0000000703800000| Complete 
|  29|0x0000000703a00000, 0x0000000703c00000, 0x0000000703c00000|100%| O|  |TAMS 0x0000000703c00000| PB 0x0000000703a00000| Untracked 
|  30|0x0000000703c00000, 0x0000000703e00000, 0x0000000703e00000|100%| O|  |TAMS 0x0000000703e00000| PB 0x0000000703c00000| Untracked 
|  31|0x0000000703e00000, 0x0000000704000000, 0x0000000704000000|100%| O|  |TAMS 0x0000000704000000| PB 0x0000000703e00000| Untracked 
|  32|0x0000000704000000, 0x0000000704200000, 0x0000000704200000|100%| O|  |TAMS 0x0000000704200000| PB 0x0000000704000000| Untracked 
|  33|0x0000000704200000, 0x0000000704400000, 0x0000000704400000|100%| O|  |TAMS 0x0000000704400000| PB 0x0000000704200000| Untracked 
|  34|0x0000000704400000, 0x0000000704600000, 0x0000000704600000|100%| O|  |TAMS 0x0000000704600000| PB 0x0000000704400000| Untracked 
|  35|0x0000000704600000, 0x0000000704800000, 0x0000000704800000|100%| O|  |TAMS 0x0000000704800000| PB 0x0000000704600000| Untracked 
|  36|0x0000000704800000, 0x0000000704a00000, 0x0000000704a00000|100%| O|  |TAMS 0x0000000704a00000| PB 0x0000000704800000| Untracked 
|  37|0x0000000704a00000, 0x0000000704c00000, 0x0000000704c00000|100%| O|  |TAMS 0x0000000704c00000| PB 0x0000000704a00000| Untracked 
|  38|0x0000000704c00000, 0x0000000704e00000, 0x0000000704e00000|100%|HS|  |TAMS 0x0000000704e00000| PB 0x0000000704c00000| Complete 
|  39|0x0000000704e00000, 0x0000000705000000, 0x0000000705000000|100%| O|  |TAMS 0x0000000705000000| PB 0x0000000704e00000| Untracked 
|  40|0x0000000705000000, 0x0000000705200000, 0x0000000705200000|100%|HS|  |TAMS 0x0000000705200000| PB 0x0000000705000000| Complete 
|  41|0x0000000705200000, 0x0000000705400000, 0x0000000705400000|100%| O|  |TAMS 0x0000000705400000| PB 0x0000000705200000| Untracked 
|  42|0x0000000705400000, 0x0000000705600000, 0x0000000705600000|100%| O|  |TAMS 0x0000000705600000| PB 0x0000000705400000| Untracked 
|  43|0x0000000705600000, 0x0000000705800000, 0x0000000705800000|100%| O|  |TAMS 0x0000000705800000| PB 0x0000000705600000| Untracked 
|  44|0x0000000705800000, 0x0000000705a00000, 0x0000000705a00000|100%| O|  |TAMS 0x0000000705a00000| PB 0x0000000705800000| Untracked 
|  45|0x0000000705a00000, 0x0000000705c00000, 0x0000000705c00000|100%| O|  |TAMS 0x0000000705c00000| PB 0x0000000705a00000| Untracked 
|  46|0x0000000705c00000, 0x0000000705e00000, 0x0000000705e00000|100%| O|  |TAMS 0x0000000705e00000| PB 0x0000000705c00000| Untracked 
|  47|0x0000000705e00000, 0x0000000706000000, 0x0000000706000000|100%| O|  |TAMS 0x0000000706000000| PB 0x0000000705e00000| Untracked 
|  48|0x0000000706000000, 0x0000000706200000, 0x0000000706200000|100%| O|  |TAMS 0x0000000706200000| PB 0x0000000706000000| Untracked 
|  49|0x0000000706200000, 0x0000000706400000, 0x0000000706400000|100%| O|  |TAMS 0x0000000706400000| PB 0x0000000706200000| Untracked 
|  50|0x0000000706400000, 0x0000000706600000, 0x0000000706600000|100%| O|  |TAMS 0x0000000706600000| PB 0x0000000706400000| Untracked 
|  51|0x0000000706600000, 0x0000000706800000, 0x0000000706800000|100%| O|  |TAMS 0x0000000706800000| PB 0x0000000706600000| Untracked 
|  52|0x0000000706800000, 0x0000000706a00000, 0x0000000706a00000|100%| O|  |TAMS 0x0000000706a00000| PB 0x0000000706800000| Untracked 
|  53|0x0000000706a00000, 0x0000000706c00000, 0x0000000706c00000|100%| O|  |TAMS 0x0000000706c00000| PB 0x0000000706a00000| Untracked 
|  54|0x0000000706c00000, 0x0000000706e00000, 0x0000000706e00000|100%| O|  |TAMS 0x0000000706e00000| PB 0x0000000706c00000| Untracked 
|  55|0x0000000706e00000, 0x0000000707000000, 0x0000000707000000|100%| O|  |TAMS 0x0000000707000000| PB 0x0000000706e00000| Untracked 
|  56|0x0000000707000000, 0x0000000707200000, 0x0000000707200000|100%| O|  |TAMS 0x0000000707200000| PB 0x0000000707000000| Untracked 
|  57|0x0000000707200000, 0x0000000707400000, 0x0000000707400000|100%| O|  |TAMS 0x0000000707400000| PB 0x0000000707200000| Untracked 
|  58|0x0000000707400000, 0x0000000707600000, 0x0000000707600000|100%| O|  |TAMS 0x0000000707600000| PB 0x0000000707400000| Untracked 
|  59|0x0000000707600000, 0x0000000707800000, 0x0000000707800000|100%| O|  |TAMS 0x0000000707800000| PB 0x0000000707600000| Untracked 
|  60|0x0000000707800000, 0x0000000707a00000, 0x0000000707a00000|100%| O|  |TAMS 0x0000000707a00000| PB 0x0000000707800000| Untracked 
|  61|0x0000000707a00000, 0x0000000707c00000, 0x0000000707c00000|100%| O|  |TAMS 0x0000000707c00000| PB 0x0000000707a00000| Untracked 
|  62|0x0000000707c00000, 0x0000000707e00000, 0x0000000707e00000|100%| O|  |TAMS 0x0000000707e00000| PB 0x0000000707c00000| Untracked 
|  63|0x0000000707e00000, 0x0000000708000000, 0x0000000708000000|100%| O|  |TAMS 0x0000000708000000| PB 0x0000000707e00000| Untracked 
|  64|0x0000000708000000, 0x0000000708200000, 0x0000000708200000|100%| O|  |TAMS 0x0000000708200000| PB 0x0000000708000000| Untracked 
|  65|0x0000000708200000, 0x0000000708400000, 0x0000000708400000|100%| O|  |TAMS 0x0000000708400000| PB 0x0000000708200000| Untracked 
|  66|0x0000000708400000, 0x0000000708600000, 0x0000000708600000|100%| O|  |TAMS 0x0000000708600000| PB 0x0000000708400000| Untracked 
|  67|0x0000000708600000, 0x0000000708800000, 0x0000000708800000|100%| O|  |TAMS 0x0000000708800000| PB 0x0000000708600000| Untracked 
|  68|0x0000000708800000, 0x0000000708a00000, 0x0000000708a00000|100%| O|  |TAMS 0x0000000708a00000| PB 0x0000000708800000| Untracked 
|  69|0x0000000708a00000, 0x0000000708c00000, 0x0000000708c00000|100%| O|  |TAMS 0x0000000708c00000| PB 0x0000000708a00000| Untracked 
|  70|0x0000000708c00000, 0x0000000708e00000, 0x0000000708e00000|100%| O|  |TAMS 0x0000000708e00000| PB 0x0000000708c00000| Untracked 
|  71|0x0000000708e00000, 0x0000000709000000, 0x0000000709000000|100%| O|  |TAMS 0x0000000709000000| PB 0x0000000708e00000| Untracked 
|  72|0x0000000709000000, 0x0000000709200000, 0x0000000709200000|100%| O|  |TAMS 0x0000000709200000| PB 0x0000000709000000| Untracked 
|  73|0x0000000709200000, 0x0000000709400000, 0x0000000709400000|100%| O|  |TAMS 0x0000000709400000| PB 0x0000000709200000| Untracked 
|  74|0x0000000709400000, 0x0000000709600000, 0x0000000709600000|100%| O|  |TAMS 0x0000000709600000| PB 0x0000000709400000| Untracked 
|  75|0x0000000709600000, 0x0000000709800000, 0x0000000709800000|100%| O|  |TAMS 0x0000000709800000| PB 0x0000000709600000| Untracked 
|  76|0x0000000709800000, 0x0000000709a00000, 0x0000000709a00000|100%| O|  |TAMS 0x0000000709a00000| PB 0x0000000709800000| Untracked 
|  77|0x0000000709a00000, 0x0000000709c00000, 0x0000000709c00000|100%| O|  |TAMS 0x0000000709c00000| PB 0x0000000709a00000| Untracked 
|  78|0x0000000709c00000, 0x0000000709e00000, 0x0000000709e00000|100%| O|  |TAMS 0x0000000709e00000| PB 0x0000000709c00000| Untracked 
|  79|0x0000000709e00000, 0x000000070a000000, 0x000000070a000000|100%|HS|  |TAMS 0x000000070a000000| PB 0x0000000709e00000| Complete 
|  80|0x000000070a000000, 0x000000070a200000, 0x000000070a200000|100%| O|  |TAMS 0x000000070a200000| PB 0x000000070a000000| Untracked 
|  81|0x000000070a200000, 0x000000070a400000, 0x000000070a400000|100%| O|  |TAMS 0x000000070a400000| PB 0x000000070a200000| Untracked 
|  82|0x000000070a400000, 0x000000070a600000, 0x000000070a600000|100%| O|  |TAMS 0x000000070a600000| PB 0x000000070a400000| Untracked 
|  83|0x000000070a600000, 0x000000070a800000, 0x000000070a800000|100%| O|  |TAMS 0x000000070a800000| PB 0x000000070a600000| Untracked 
|  84|0x000000070a800000, 0x000000070aa00000, 0x000000070aa00000|100%| O|  |TAMS 0x000000070aa00000| PB 0x000000070a800000| Untracked 
|  85|0x000000070aa00000, 0x000000070ac00000, 0x000000070ac00000|100%| O|  |TAMS 0x000000070ac00000| PB 0x000000070aa00000| Untracked 
|  86|0x000000070ac00000, 0x000000070ae00000, 0x000000070ae00000|100%| O|  |TAMS 0x000000070ae00000| PB 0x000000070ac00000| Untracked 
|  87|0x000000070ae00000, 0x000000070b000000, 0x000000070b000000|100%| O|  |TAMS 0x000000070b000000| PB 0x000000070ae00000| Untracked 
|  88|0x000000070b000000, 0x000000070b200000, 0x000000070b200000|100%| O|  |TAMS 0x000000070b200000| PB 0x000000070b000000| Untracked 
|  89|0x000000070b200000, 0x000000070b400000, 0x000000070b400000|100%| O|  |TAMS 0x000000070b400000| PB 0x000000070b200000| Untracked 
|  90|0x000000070b400000, 0x000000070b600000, 0x000000070b600000|100%| O|  |TAMS 0x000000070b600000| PB 0x000000070b400000| Untracked 
|  91|0x000000070b600000, 0x000000070b800000, 0x000000070b800000|100%| O|  |TAMS 0x000000070b800000| PB 0x000000070b600000| Untracked 
|  92|0x000000070b800000, 0x000000070ba00000, 0x000000070ba00000|100%| O|  |TAMS 0x000000070ba00000| PB 0x000000070b800000| Untracked 
|  93|0x000000070ba00000, 0x000000070bc00000, 0x000000070bc00000|100%| O|  |TAMS 0x000000070bc00000| PB 0x000000070ba00000| Untracked 
|  94|0x000000070bc00000, 0x000000070be00000, 0x000000070be00000|100%| O|  |TAMS 0x000000070be00000| PB 0x000000070bc00000| Untracked 
|  95|0x000000070be00000, 0x000000070c000000, 0x000000070c000000|100%| O|  |TAMS 0x000000070c000000| PB 0x000000070be00000| Untracked 
|  96|0x000000070c000000, 0x000000070c200000, 0x000000070c200000|100%| O|  |TAMS 0x000000070c200000| PB 0x000000070c000000| Untracked 
|  97|0x000000070c200000, 0x000000070c400000, 0x000000070c400000|100%| O|  |TAMS 0x000000070c400000| PB 0x000000070c200000| Untracked 
|  98|0x000000070c400000, 0x000000070c600000, 0x000000070c600000|100%| O|  |TAMS 0x000000070c600000| PB 0x000000070c400000| Untracked 
|  99|0x000000070c600000, 0x000000070c800000, 0x000000070c800000|100%| O|  |TAMS 0x000000070c800000| PB 0x000000070c600000| Untracked 
| 100|0x000000070c800000, 0x000000070ca00000, 0x000000070ca00000|100%| O|  |TAMS 0x000000070ca00000| PB 0x000000070c800000| Untracked 
| 101|0x000000070ca00000, 0x000000070cc00000, 0x000000070cc00000|100%| O|  |TAMS 0x000000070cc00000| PB 0x000000070ca00000| Untracked 
| 102|0x000000070cc00000, 0x000000070ce00000, 0x000000070ce00000|100%| O|  |TAMS 0x000000070ce00000| PB 0x000000070cc00000| Untracked 
| 103|0x000000070ce00000, 0x000000070d000000, 0x000000070d000000|100%| O|  |TAMS 0x000000070d000000| PB 0x000000070ce00000| Untracked 
| 104|0x000000070d000000, 0x000000070d200000, 0x000000070d200000|100%| O|  |TAMS 0x000000070d200000| PB 0x000000070d000000| Untracked 
| 105|0x000000070d200000, 0x000000070d400000, 0x000000070d400000|100%| O|  |TAMS 0x000000070d400000| PB 0x000000070d200000| Untracked 
| 106|0x000000070d400000, 0x000000070d600000, 0x000000070d600000|100%| O|  |TAMS 0x000000070d600000| PB 0x000000070d400000| Untracked 
| 107|0x000000070d600000, 0x000000070d800000, 0x000000070d800000|100%| O|  |TAMS 0x000000070d800000| PB 0x000000070d600000| Untracked 
| 108|0x000000070d800000, 0x000000070da00000, 0x000000070da00000|100%| O|  |TAMS 0x000000070da00000| PB 0x000000070d800000| Untracked 
| 109|0x000000070da00000, 0x000000070dc00000, 0x000000070dc00000|100%| O|  |TAMS 0x000000070dc00000| PB 0x000000070da00000| Untracked 
| 110|0x000000070dc00000, 0x000000070de00000, 0x000000070de00000|100%| O|  |TAMS 0x000000070de00000| PB 0x000000070dc00000| Untracked 
| 111|0x000000070de00000, 0x000000070e000000, 0x000000070e000000|100%| O|  |TAMS 0x000000070e000000| PB 0x000000070de00000| Untracked 
| 112|0x000000070e000000, 0x000000070e200000, 0x000000070e200000|100%| O|  |TAMS 0x000000070e200000| PB 0x000000070e000000| Untracked 
| 113|0x000000070e200000, 0x000000070e400000, 0x000000070e400000|100%| O|  |TAMS 0x000000070e400000| PB 0x000000070e200000| Untracked 
| 114|0x000000070e400000, 0x000000070e600000, 0x000000070e600000|100%| O|  |TAMS 0x000000070e600000| PB 0x000000070e400000| Untracked 
| 115|0x000000070e600000, 0x000000070e800000, 0x000000070e800000|100%| O|  |TAMS 0x000000070e800000| PB 0x000000070e600000| Untracked 
| 116|0x000000070e800000, 0x000000070ea00000, 0x000000070ea00000|100%|HS|  |TAMS 0x000000070ea00000| PB 0x000000070e800000| Complete 
| 117|0x000000070ea00000, 0x000000070ec00000, 0x000000070ec00000|100%|HC|  |TAMS 0x000000070ec00000| PB 0x000000070ea00000| Complete 
| 118|0x000000070ec00000, 0x000000070ee00000, 0x000000070ee00000|100%| O|  |TAMS 0x000000070ee00000| PB 0x000000070ec00000| Untracked 
| 119|0x000000070ee00000, 0x000000070f000000, 0x000000070f000000|100%| O|  |TAMS 0x000000070f000000| PB 0x000000070ee00000| Untracked 
| 120|0x000000070f000000, 0x000000070f200000, 0x000000070f200000|100%| O|  |TAMS 0x000000070f200000| PB 0x000000070f000000| Untracked 
| 121|0x000000070f200000, 0x000000070f400000, 0x000000070f400000|100%| O|  |TAMS 0x000000070f400000| PB 0x000000070f200000| Untracked 
| 122|0x000000070f400000, 0x000000070f600000, 0x000000070f600000|100%| O|  |TAMS 0x000000070f600000| PB 0x000000070f400000| Untracked 
| 123|0x000000070f600000, 0x000000070f800000, 0x000000070f800000|100%| O|  |TAMS 0x000000070f800000| PB 0x000000070f600000| Untracked 
| 124|0x000000070f800000, 0x000000070fa00000, 0x000000070fa00000|100%| O|  |TAMS 0x000000070fa00000| PB 0x000000070f800000| Untracked 
| 125|0x000000070fa00000, 0x000000070fc00000, 0x000000070fc00000|100%| O|  |TAMS 0x000000070fc00000| PB 0x000000070fa00000| Untracked 
| 126|0x000000070fc00000, 0x000000070fe00000, 0x000000070fe00000|100%| O|  |TAMS 0x000000070fe00000| PB 0x000000070fc00000| Untracked 
| 127|0x000000070fe00000, 0x0000000710000000, 0x0000000710000000|100%| O|  |TAMS 0x0000000710000000| PB 0x000000070fe00000| Untracked 
| 128|0x0000000710000000, 0x0000000710200000, 0x0000000710200000|100%| O|  |TAMS 0x0000000710200000| PB 0x0000000710000000| Untracked 
| 129|0x0000000710200000, 0x0000000710400000, 0x0000000710400000|100%| O|  |TAMS 0x0000000710400000| PB 0x0000000710200000| Untracked 
| 130|0x0000000710400000, 0x0000000710600000, 0x0000000710600000|100%| O|  |TAMS 0x0000000710600000| PB 0x0000000710400000| Untracked 
| 131|0x0000000710600000, 0x0000000710800000, 0x0000000710800000|100%| O|  |TAMS 0x0000000710800000| PB 0x0000000710600000| Untracked 
| 132|0x0000000710800000, 0x0000000710a00000, 0x0000000710a00000|100%| O|  |TAMS 0x0000000710a00000| PB 0x0000000710800000| Untracked 
| 133|0x0000000710a00000, 0x0000000710c00000, 0x0000000710c00000|100%| O|  |TAMS 0x0000000710c00000| PB 0x0000000710a00000| Untracked 
| 134|0x0000000710c00000, 0x0000000710e00000, 0x0000000710e00000|100%| O|  |TAMS 0x0000000710e00000| PB 0x0000000710c00000| Untracked 
| 135|0x0000000710e00000, 0x0000000711000000, 0x0000000711000000|100%| O|  |TAMS 0x0000000711000000| PB 0x0000000710e00000| Untracked 
| 136|0x0000000711000000, 0x0000000711200000, 0x0000000711200000|100%| O|  |TAMS 0x0000000711200000| PB 0x0000000711000000| Untracked 
| 137|0x0000000711200000, 0x0000000711400000, 0x0000000711400000|100%| O|  |TAMS 0x0000000711400000| PB 0x0000000711200000| Untracked 
| 138|0x0000000711400000, 0x0000000711600000, 0x0000000711600000|100%| O|  |TAMS 0x0000000711600000| PB 0x0000000711400000| Untracked 
| 139|0x0000000711600000, 0x0000000711800000, 0x0000000711800000|100%| O|  |TAMS 0x0000000711800000| PB 0x0000000711600000| Untracked 
| 140|0x0000000711800000, 0x0000000711a00000, 0x0000000711a00000|100%|HS|  |TAMS 0x0000000711a00000| PB 0x0000000711800000| Complete 
| 141|0x0000000711a00000, 0x0000000711c00000, 0x0000000711c00000|100%|HC|  |TAMS 0x0000000711c00000| PB 0x0000000711a00000| Complete 
| 142|0x0000000711c00000, 0x0000000711e00000, 0x0000000711e00000|100%| O|  |TAMS 0x0000000711e00000| PB 0x0000000711c00000| Untracked 
| 143|0x0000000711e00000, 0x0000000712000000, 0x0000000712000000|100%| O|  |TAMS 0x0000000712000000| PB 0x0000000711e00000| Untracked 
| 144|0x0000000712000000, 0x0000000712200000, 0x0000000712200000|100%| O|  |TAMS 0x0000000712200000| PB 0x0000000712000000| Untracked 
| 145|0x0000000712200000, 0x0000000712400000, 0x0000000712400000|100%| O|  |TAMS 0x0000000712400000| PB 0x0000000712200000| Untracked 
| 146|0x0000000712400000, 0x0000000712600000, 0x0000000712600000|100%| O|  |TAMS 0x0000000712600000| PB 0x0000000712400000| Untracked 
| 147|0x0000000712600000, 0x0000000712800000, 0x0000000712800000|100%| O|  |TAMS 0x0000000712800000| PB 0x0000000712600000| Untracked 
| 148|0x0000000712800000, 0x0000000712a00000, 0x0000000712a00000|100%| O|  |TAMS 0x0000000712a00000| PB 0x0000000712800000| Untracked 
| 149|0x0000000712a00000, 0x0000000712c00000, 0x0000000712c00000|100%| O|  |TAMS 0x0000000712c00000| PB 0x0000000712a00000| Untracked 
| 150|0x0000000712c00000, 0x0000000712e00000, 0x0000000712e00000|100%| O|  |TAMS 0x0000000712e00000| PB 0x0000000712c00000| Untracked 
| 151|0x0000000712e00000, 0x0000000713000000, 0x0000000713000000|100%| O|  |TAMS 0x0000000713000000| PB 0x0000000712e00000| Untracked 
| 152|0x0000000713000000, 0x0000000713200000, 0x0000000713200000|100%| O|  |TAMS 0x0000000713200000| PB 0x0000000713000000| Untracked 
| 153|0x0000000713200000, 0x0000000713400000, 0x0000000713400000|100%| O|  |TAMS 0x0000000713400000| PB 0x0000000713200000| Untracked 
| 154|0x0000000713400000, 0x0000000713600000, 0x0000000713600000|100%| O|  |TAMS 0x0000000713600000| PB 0x0000000713400000| Untracked 
| 155|0x0000000713600000, 0x0000000713800000, 0x0000000713800000|100%| O|  |TAMS 0x0000000713800000| PB 0x0000000713600000| Untracked 
| 156|0x0000000713800000, 0x0000000713a00000, 0x0000000713a00000|100%| O|  |TAMS 0x0000000713a00000| PB 0x0000000713800000| Untracked 
| 157|0x0000000713a00000, 0x0000000713c00000, 0x0000000713c00000|100%| O|  |TAMS 0x0000000713c00000| PB 0x0000000713a00000| Untracked 
| 158|0x0000000713c00000, 0x0000000713e00000, 0x0000000713e00000|100%| O|  |TAMS 0x0000000713e00000| PB 0x0000000713c00000| Untracked 
| 159|0x0000000713e00000, 0x0000000714000000, 0x0000000714000000|100%| O|  |TAMS 0x0000000714000000| PB 0x0000000713e00000| Untracked 
| 160|0x0000000714000000, 0x0000000714200000, 0x0000000714200000|100%| O|  |TAMS 0x0000000714200000| PB 0x0000000714000000| Untracked 
| 161|0x0000000714200000, 0x0000000714400000, 0x0000000714400000|100%| O|  |TAMS 0x0000000714400000| PB 0x0000000714200000| Untracked 
| 162|0x0000000714400000, 0x0000000714600000, 0x0000000714600000|100%| O|  |TAMS 0x0000000714600000| PB 0x0000000714400000| Untracked 
| 163|0x0000000714600000, 0x0000000714800000, 0x0000000714800000|100%| O|  |TAMS 0x0000000714800000| PB 0x0000000714600000| Untracked 
| 164|0x0000000714800000, 0x0000000714a00000, 0x0000000714a00000|100%| O|  |TAMS 0x0000000714a00000| PB 0x0000000714800000| Untracked 
| 165|0x0000000714a00000, 0x0000000714c00000, 0x0000000714c00000|100%| O|  |TAMS 0x0000000714c00000| PB 0x0000000714a00000| Untracked 
| 166|0x0000000714c00000, 0x0000000714e00000, 0x0000000714e00000|100%| O|  |TAMS 0x0000000714e00000| PB 0x0000000714c00000| Untracked 
| 167|0x0000000714e00000, 0x0000000715000000, 0x0000000715000000|100%| O|  |TAMS 0x0000000715000000| PB 0x0000000714e00000| Untracked 
| 168|0x0000000715000000, 0x0000000715200000, 0x0000000715200000|100%| O|  |TAMS 0x0000000715200000| PB 0x0000000715000000| Untracked 
| 169|0x0000000715200000, 0x0000000715400000, 0x0000000715400000|100%| O|  |TAMS 0x0000000715400000| PB 0x0000000715200000| Untracked 
| 170|0x0000000715400000, 0x0000000715600000, 0x0000000715600000|100%| O|  |TAMS 0x0000000715600000| PB 0x0000000715400000| Untracked 
| 171|0x0000000715600000, 0x0000000715800000, 0x0000000715800000|100%| O|  |TAMS 0x0000000715800000| PB 0x0000000715600000| Untracked 
| 172|0x0000000715800000, 0x0000000715a00000, 0x0000000715a00000|100%| O|  |TAMS 0x0000000715a00000| PB 0x0000000715800000| Untracked 
| 173|0x0000000715a00000, 0x0000000715c00000, 0x0000000715c00000|100%| O|  |TAMS 0x0000000715c00000| PB 0x0000000715a00000| Untracked 
| 174|0x0000000715c00000, 0x0000000715e00000, 0x0000000715e00000|100%| O|  |TAMS 0x0000000715e00000| PB 0x0000000715c00000| Untracked 
| 175|0x0000000715e00000, 0x0000000716000000, 0x0000000716000000|100%| O|  |TAMS 0x0000000716000000| PB 0x0000000715e00000| Untracked 
| 176|0x0000000716000000, 0x0000000716200000, 0x0000000716200000|100%| O|  |TAMS 0x0000000716200000| PB 0x0000000716000000| Untracked 
| 177|0x0000000716200000, 0x0000000716400000, 0x0000000716400000|100%| O|  |TAMS 0x0000000716400000| PB 0x0000000716200000| Untracked 
| 178|0x0000000716400000, 0x0000000716600000, 0x0000000716600000|100%| O|  |TAMS 0x0000000716600000| PB 0x0000000716400000| Untracked 
| 179|0x0000000716600000, 0x0000000716800000, 0x0000000716800000|100%| O|  |TAMS 0x0000000716800000| PB 0x0000000716600000| Untracked 
| 180|0x0000000716800000, 0x0000000716a00000, 0x0000000716a00000|100%| O|  |TAMS 0x0000000716a00000| PB 0x0000000716800000| Untracked 
| 181|0x0000000716a00000, 0x0000000716c00000, 0x0000000716c00000|100%| O|  |TAMS 0x0000000716c00000| PB 0x0000000716a00000| Untracked 
| 182|0x0000000716c00000, 0x0000000716e00000, 0x0000000716e00000|100%| O|  |TAMS 0x0000000716e00000| PB 0x0000000716c00000| Untracked 
| 183|0x0000000716e00000, 0x0000000717000000, 0x0000000717000000|100%| O|  |TAMS 0x0000000717000000| PB 0x0000000716e00000| Untracked 
| 184|0x0000000717000000, 0x0000000717200000, 0x0000000717200000|100%| O|  |TAMS 0x0000000717200000| PB 0x0000000717000000| Untracked 
| 185|0x0000000717200000, 0x0000000717400000, 0x0000000717400000|100%| O|  |TAMS 0x0000000717400000| PB 0x0000000717200000| Untracked 
| 186|0x0000000717400000, 0x0000000717600000, 0x0000000717600000|100%| O|  |TAMS 0x0000000717600000| PB 0x0000000717400000| Untracked 
| 187|0x0000000717600000, 0x0000000717800000, 0x0000000717800000|100%| O|  |TAMS 0x0000000717800000| PB 0x0000000717600000| Untracked 
| 188|0x0000000717800000, 0x0000000717a00000, 0x0000000717a00000|100%| O|  |TAMS 0x0000000717a00000| PB 0x0000000717800000| Untracked 
| 189|0x0000000717a00000, 0x0000000717c00000, 0x0000000717c00000|100%| O|  |TAMS 0x0000000717c00000| PB 0x0000000717a00000| Untracked 
| 190|0x0000000717c00000, 0x0000000717e00000, 0x0000000717e00000|100%| O|  |TAMS 0x0000000717e00000| PB 0x0000000717c00000| Untracked 
| 191|0x0000000717e00000, 0x0000000718000000, 0x0000000718000000|100%| O|  |TAMS 0x0000000718000000| PB 0x0000000717e00000| Untracked 
| 192|0x0000000718000000, 0x0000000718200000, 0x0000000718200000|100%| O|  |TAMS 0x0000000718200000| PB 0x0000000718000000| Untracked 
| 193|0x0000000718200000, 0x0000000718400000, 0x0000000718400000|100%| O|  |TAMS 0x0000000718400000| PB 0x0000000718200000| Untracked 
| 194|0x0000000718400000, 0x0000000718600000, 0x0000000718600000|100%|HS|  |TAMS 0x0000000718600000| PB 0x0000000718400000| Complete 
| 195|0x0000000718600000, 0x0000000718800000, 0x0000000718800000|100%|HC|  |TAMS 0x0000000718800000| PB 0x0000000718600000| Complete 
| 196|0x0000000718800000, 0x0000000718a00000, 0x0000000718a00000|100%| O|  |TAMS 0x0000000718a00000| PB 0x0000000718800000| Untracked 
| 197|0x0000000718a00000, 0x0000000718c00000, 0x0000000718c00000|100%| O|  |TAMS 0x0000000718c00000| PB 0x0000000718a00000| Untracked 
| 198|0x0000000718c00000, 0x0000000718e00000, 0x0000000718e00000|100%| O|  |TAMS 0x0000000718e00000| PB 0x0000000718c00000| Untracked 
| 199|0x0000000718e00000, 0x0000000719000000, 0x0000000719000000|100%| O|  |TAMS 0x0000000719000000| PB 0x0000000718e00000| Untracked 
| 200|0x0000000719000000, 0x0000000719200000, 0x0000000719200000|100%| O|  |TAMS 0x0000000719200000| PB 0x0000000719000000| Untracked 
| 201|0x0000000719200000, 0x0000000719400000, 0x0000000719400000|100%| O|  |TAMS 0x0000000719400000| PB 0x0000000719200000| Untracked 
| 202|0x0000000719400000, 0x0000000719600000, 0x0000000719600000|100%| O|  |TAMS 0x0000000719600000| PB 0x0000000719400000| Untracked 
| 203|0x0000000719600000, 0x0000000719800000, 0x0000000719800000|100%| O|  |TAMS 0x0000000719800000| PB 0x0000000719600000| Untracked 
| 204|0x0000000719800000, 0x0000000719a00000, 0x0000000719a00000|100%| O|  |TAMS 0x0000000719a00000| PB 0x0000000719800000| Untracked 
| 205|0x0000000719a00000, 0x0000000719c00000, 0x0000000719c00000|100%| O|  |TAMS 0x0000000719c00000| PB 0x0000000719a00000| Untracked 
| 206|0x0000000719c00000, 0x0000000719e00000, 0x0000000719e00000|100%| O|  |TAMS 0x0000000719e00000| PB 0x0000000719c00000| Untracked 
| 207|0x0000000719e00000, 0x000000071a000000, 0x000000071a000000|100%| O|  |TAMS 0x000000071a000000| PB 0x0000000719e00000| Untracked 
| 208|0x000000071a000000, 0x000000071a200000, 0x000000071a200000|100%| O|  |TAMS 0x000000071a200000| PB 0x000000071a000000| Untracked 
| 209|0x000000071a200000, 0x000000071a400000, 0x000000071a400000|100%| O|  |TAMS 0x000000071a400000| PB 0x000000071a200000| Untracked 
| 210|0x000000071a400000, 0x000000071a600000, 0x000000071a600000|100%| O|  |TAMS 0x000000071a600000| PB 0x000000071a400000| Untracked 
| 211|0x000000071a600000, 0x000000071a800000, 0x000000071a800000|100%| O|  |TAMS 0x000000071a800000| PB 0x000000071a600000| Untracked 
| 212|0x000000071a800000, 0x000000071aa00000, 0x000000071aa00000|100%|HS|  |TAMS 0x000000071aa00000| PB 0x000000071a800000| Complete 
| 213|0x000000071aa00000, 0x000000071ac00000, 0x000000071ac00000|100%|HC|  |TAMS 0x000000071ac00000| PB 0x000000071aa00000| Complete 
| 214|0x000000071ac00000, 0x000000071ae00000, 0x000000071ae00000|100%|HC|  |TAMS 0x000000071ae00000| PB 0x000000071ac00000| Complete 
| 215|0x000000071ae00000, 0x000000071b000000, 0x000000071b000000|100%|HC|  |TAMS 0x000000071b000000| PB 0x000000071ae00000| Complete 
| 216|0x000000071b000000, 0x000000071b200000, 0x000000071b200000|100%| O|  |TAMS 0x000000071b200000| PB 0x000000071b000000| Untracked 
| 217|0x000000071b200000, 0x000000071b400000, 0x000000071b400000|100%| O|  |TAMS 0x000000071b400000| PB 0x000000071b200000| Untracked 
| 218|0x000000071b400000, 0x000000071b600000, 0x000000071b600000|100%| O|  |TAMS 0x000000071b600000| PB 0x000000071b400000| Untracked 
| 219|0x000000071b600000, 0x000000071b800000, 0x000000071b800000|100%| O|  |TAMS 0x000000071b800000| PB 0x000000071b600000| Untracked 
| 220|0x000000071b800000, 0x000000071ba00000, 0x000000071ba00000|100%| O|  |TAMS 0x000000071ba00000| PB 0x000000071b800000| Untracked 
| 221|0x000000071ba00000, 0x000000071bc00000, 0x000000071bc00000|100%| O|  |TAMS 0x000000071bc00000| PB 0x000000071ba00000| Untracked 
| 222|0x000000071bc00000, 0x000000071be00000, 0x000000071be00000|100%|HS|  |TAMS 0x000000071be00000| PB 0x000000071bc00000| Complete 
| 223|0x000000071be00000, 0x000000071c000000, 0x000000071c000000|100%| O|  |TAMS 0x000000071c000000| PB 0x000000071be00000| Untracked 
| 224|0x000000071c000000, 0x000000071c200000, 0x000000071c200000|100%| O|  |TAMS 0x000000071c200000| PB 0x000000071c000000| Untracked 
| 225|0x000000071c200000, 0x000000071c400000, 0x000000071c400000|100%| O|  |TAMS 0x000000071c400000| PB 0x000000071c200000| Untracked 
| 226|0x000000071c400000, 0x000000071c600000, 0x000000071c600000|100%| O|  |TAMS 0x000000071c600000| PB 0x000000071c400000| Untracked 
| 227|0x000000071c600000, 0x000000071c800000, 0x000000071c800000|100%| O|  |TAMS 0x000000071c800000| PB 0x000000071c600000| Untracked 
| 228|0x000000071c800000, 0x000000071ca00000, 0x000000071ca00000|100%| O|  |TAMS 0x000000071ca00000| PB 0x000000071c800000| Untracked 
| 229|0x000000071ca00000, 0x000000071cc00000, 0x000000071cc00000|100%| O|  |TAMS 0x000000071cc00000| PB 0x000000071ca00000| Untracked 
| 230|0x000000071cc00000, 0x000000071ce00000, 0x000000071ce00000|100%| O|  |TAMS 0x000000071ce00000| PB 0x000000071cc00000| Untracked 
| 231|0x000000071ce00000, 0x000000071d000000, 0x000000071d000000|100%| O|  |TAMS 0x000000071d000000| PB 0x000000071ce00000| Untracked 
| 232|0x000000071d000000, 0x000000071d200000, 0x000000071d200000|100%| O|  |TAMS 0x000000071d200000| PB 0x000000071d000000| Untracked 
| 233|0x000000071d200000, 0x000000071d400000, 0x000000071d400000|100%| O|  |TAMS 0x000000071d400000| PB 0x000000071d200000| Untracked 
| 234|0x000000071d400000, 0x000000071d600000, 0x000000071d600000|100%| O|  |TAMS 0x000000071d600000| PB 0x000000071d400000| Untracked 
| 235|0x000000071d600000, 0x000000071d800000, 0x000000071d800000|100%| O|  |TAMS 0x000000071d800000| PB 0x000000071d600000| Untracked 
| 236|0x000000071d800000, 0x000000071da00000, 0x000000071da00000|100%| O|  |TAMS 0x000000071da00000| PB 0x000000071d800000| Untracked 
| 237|0x000000071da00000, 0x000000071dc00000, 0x000000071dc00000|100%| O|  |TAMS 0x000000071dc00000| PB 0x000000071da00000| Untracked 
| 238|0x000000071dc00000, 0x000000071de00000, 0x000000071de00000|100%| O|  |TAMS 0x000000071de00000| PB 0x000000071dc00000| Untracked 
| 239|0x000000071de00000, 0x000000071e000000, 0x000000071e000000|100%| O|  |TAMS 0x000000071e000000| PB 0x000000071de00000| Untracked 
| 240|0x000000071e000000, 0x000000071e200000, 0x000000071e200000|100%| O|  |TAMS 0x000000071e200000| PB 0x000000071e000000| Untracked 
| 241|0x000000071e200000, 0x000000071e400000, 0x000000071e400000|100%| O|  |TAMS 0x000000071e400000| PB 0x000000071e200000| Untracked 
| 242|0x000000071e400000, 0x000000071e600000, 0x000000071e600000|100%| O|  |TAMS 0x000000071e400000| PB 0x000000071e400000| Untracked 
| 243|0x000000071e600000, 0x000000071e800000, 0x000000071e800000|100%| O|  |TAMS 0x000000071e800000| PB 0x000000071e600000| Untracked 
| 244|0x000000071e800000, 0x000000071ea00000, 0x000000071ea00000|100%| O|  |TAMS 0x000000071ea00000| PB 0x000000071e800000| Untracked 
| 245|0x000000071ea00000, 0x000000071ec00000, 0x000000071ec00000|100%| O|  |TAMS 0x000000071ec00000| PB 0x000000071ea00000| Untracked 
| 246|0x000000071ec00000, 0x000000071ee00000, 0x000000071ee00000|100%| O|  |TAMS 0x000000071ee00000| PB 0x000000071ec00000| Untracked 
| 247|0x000000071ee00000, 0x000000071f000000, 0x000000071f000000|100%| O|  |TAMS 0x000000071f000000| PB 0x000000071ee00000| Untracked 
| 248|0x000000071f000000, 0x000000071f200000, 0x000000071f200000|100%| O|  |TAMS 0x000000071f200000| PB 0x000000071f000000| Untracked 
| 249|0x000000071f200000, 0x000000071f400000, 0x000000071f400000|100%| O|  |TAMS 0x000000071f400000| PB 0x000000071f200000| Untracked 
| 250|0x000000071f400000, 0x000000071f600000, 0x000000071f600000|100%| O|  |TAMS 0x000000071f600000| PB 0x000000071f400000| Untracked 
| 251|0x000000071f600000, 0x000000071f800000, 0x000000071f800000|100%| O|  |TAMS 0x000000071f800000| PB 0x000000071f600000| Untracked 
| 252|0x000000071f800000, 0x000000071fa00000, 0x000000071fa00000|100%| O|  |TAMS 0x000000071fa00000| PB 0x000000071f800000| Untracked 
| 253|0x000000071fa00000, 0x000000071fc00000, 0x000000071fc00000|100%| O|  |TAMS 0x000000071fc00000| PB 0x000000071fa00000| Untracked 
| 254|0x000000071fc00000, 0x000000071fe00000, 0x000000071fe00000|100%| O|  |TAMS 0x000000071fe00000| PB 0x000000071fc00000| Untracked 
| 255|0x000000071fe00000, 0x0000000720000000, 0x0000000720000000|100%| O|  |TAMS 0x0000000720000000| PB 0x000000071fe00000| Untracked 
| 256|0x0000000720000000, 0x0000000720200000, 0x0000000720200000|100%| O|  |TAMS 0x0000000720200000| PB 0x0000000720000000| Untracked 
| 257|0x0000000720200000, 0x0000000720400000, 0x0000000720400000|100%| O|  |TAMS 0x0000000720400000| PB 0x0000000720200000| Untracked 
| 258|0x0000000720400000, 0x0000000720600000, 0x0000000720600000|100%| O|  |TAMS 0x0000000720600000| PB 0x0000000720400000| Untracked 
| 259|0x0000000720600000, 0x0000000720800000, 0x0000000720800000|100%| O|  |TAMS 0x0000000720800000| PB 0x0000000720600000| Untracked 
| 260|0x0000000720800000, 0x0000000720a00000, 0x0000000720a00000|100%| O|  |TAMS 0x0000000720a00000| PB 0x0000000720800000| Untracked 
| 261|0x0000000720a00000, 0x0000000720c00000, 0x0000000720c00000|100%| O|  |TAMS 0x0000000720c00000| PB 0x0000000720a00000| Untracked 
| 262|0x0000000720c00000, 0x0000000720e00000, 0x0000000720e00000|100%| O|  |TAMS 0x0000000720e00000| PB 0x0000000720c00000| Untracked 
| 263|0x0000000720e00000, 0x0000000721000000, 0x0000000721000000|100%| O|  |TAMS 0x0000000721000000| PB 0x0000000720e00000| Untracked 
| 264|0x0000000721000000, 0x0000000721200000, 0x0000000721200000|100%| O|  |TAMS 0x0000000721200000| PB 0x0000000721000000| Untracked 
| 265|0x0000000721200000, 0x0000000721400000, 0x0000000721400000|100%| O|  |TAMS 0x0000000721400000| PB 0x0000000721200000| Untracked 
| 266|0x0000000721400000, 0x0000000721600000, 0x0000000721600000|100%| O|  |TAMS 0x0000000721600000| PB 0x0000000721400000| Untracked 
| 267|0x0000000721600000, 0x0000000721800000, 0x0000000721800000|100%| O|  |TAMS 0x0000000721800000| PB 0x0000000721600000| Untracked 
| 268|0x0000000721800000, 0x0000000721a00000, 0x0000000721a00000|100%| O|  |TAMS 0x0000000721a00000| PB 0x0000000721800000| Untracked 
| 269|0x0000000721a00000, 0x0000000721c00000, 0x0000000721c00000|100%| O|  |TAMS 0x0000000721c00000| PB 0x0000000721a00000| Untracked 
| 270|0x0000000721c00000, 0x0000000721e00000, 0x0000000721e00000|100%| O|  |TAMS 0x0000000721e00000| PB 0x0000000721c00000| Untracked 
| 271|0x0000000721e00000, 0x0000000722000000, 0x0000000722000000|100%| O|  |TAMS 0x0000000722000000| PB 0x0000000721e00000| Untracked 
| 272|0x0000000722000000, 0x0000000722200000, 0x0000000722200000|100%| O|  |TAMS 0x0000000722200000| PB 0x0000000722000000| Untracked 
| 273|0x0000000722200000, 0x0000000722400000, 0x0000000722400000|100%| O|  |TAMS 0x0000000722400000| PB 0x0000000722200000| Untracked 
| 274|0x0000000722400000, 0x0000000722600000, 0x0000000722600000|100%| O|  |TAMS 0x0000000722600000| PB 0x0000000722400000| Untracked 
| 275|0x0000000722600000, 0x0000000722800000, 0x0000000722800000|100%| O|  |TAMS 0x0000000722800000| PB 0x0000000722600000| Untracked 
| 276|0x0000000722800000, 0x0000000722800000, 0x0000000722a00000|  0%| F|  |TAMS 0x0000000722800000| PB 0x0000000722800000| Untracked 
| 277|0x0000000722a00000, 0x0000000722c00000, 0x0000000722c00000|100%| O|  |TAMS 0x0000000722a00000| PB 0x0000000722a00000| Untracked 
| 278|0x0000000722c00000, 0x0000000722e00000, 0x0000000722e00000|100%| O|  |TAMS 0x0000000722c00000| PB 0x0000000722c00000| Untracked 
| 279|0x0000000722e00000, 0x0000000723000000, 0x0000000723000000|100%| O|  |TAMS 0x0000000722e00000| PB 0x0000000722e00000| Untracked 
| 280|0x0000000723000000, 0x0000000723200000, 0x0000000723200000|100%| O|  |TAMS 0x0000000723000000| PB 0x0000000723000000| Untracked 
| 281|0x0000000723200000, 0x0000000723400000, 0x0000000723400000|100%| O|  |TAMS 0x0000000723200000| PB 0x0000000723200000| Untracked 
| 282|0x0000000723400000, 0x0000000723600000, 0x0000000723600000|100%| O|  |TAMS 0x0000000723400000| PB 0x0000000723400000| Untracked 
| 283|0x0000000723600000, 0x0000000723800000, 0x0000000723800000|100%| O|  |TAMS 0x0000000723600000| PB 0x0000000723600000| Untracked 
| 284|0x0000000723800000, 0x0000000723a00000, 0x0000000723a00000|100%| O|  |TAMS 0x0000000723800000| PB 0x0000000723800000| Untracked 
| 285|0x0000000723a00000, 0x0000000723c00000, 0x0000000723c00000|100%| O|  |TAMS 0x0000000723a00000| PB 0x0000000723a00000| Untracked 
| 286|0x0000000723c00000, 0x0000000723e00000, 0x0000000723e00000|100%| O|  |TAMS 0x0000000723c00000| PB 0x0000000723c00000| Untracked 
| 287|0x0000000723e00000, 0x0000000724000000, 0x0000000724000000|100%| O|  |TAMS 0x0000000723e00000| PB 0x0000000723e00000| Untracked 
| 288|0x0000000724000000, 0x0000000724200000, 0x0000000724200000|100%| O|  |TAMS 0x0000000724000000| PB 0x0000000724000000| Untracked 
| 289|0x0000000724200000, 0x0000000724400000, 0x0000000724400000|100%| O|  |TAMS 0x0000000724200000| PB 0x0000000724200000| Untracked 
| 290|0x0000000724400000, 0x0000000724600000, 0x0000000724600000|100%| O|  |TAMS 0x0000000724400000| PB 0x0000000724400000| Untracked 
| 291|0x0000000724600000, 0x0000000724800000, 0x0000000724800000|100%| O|  |TAMS 0x0000000724600000| PB 0x0000000724600000| Untracked 
| 292|0x0000000724800000, 0x0000000724a00000, 0x0000000724a00000|100%| O|  |TAMS 0x0000000724800000| PB 0x0000000724800000| Untracked 
| 293|0x0000000724a00000, 0x0000000724c00000, 0x0000000724c00000|100%| O|  |TAMS 0x0000000724a00000| PB 0x0000000724a00000| Untracked 
| 294|0x0000000724c00000, 0x0000000724e00000, 0x0000000724e00000|100%| O|  |TAMS 0x0000000724c00000| PB 0x0000000724c00000| Untracked 
| 295|0x0000000724e00000, 0x0000000725000000, 0x0000000725000000|100%| O|  |TAMS 0x0000000724e00000| PB 0x0000000724e00000| Untracked 
| 296|0x0000000725000000, 0x0000000725200000, 0x0000000725200000|100%| O|  |TAMS 0x0000000725000000| PB 0x0000000725000000| Untracked 
| 297|0x0000000725200000, 0x0000000725400000, 0x0000000725400000|100%| O|  |TAMS 0x0000000725200000| PB 0x0000000725200000| Untracked 
| 298|0x0000000725400000, 0x0000000725600000, 0x0000000725600000|100%| O|  |TAMS 0x0000000725400000| PB 0x0000000725400000| Untracked 
| 299|0x0000000725600000, 0x0000000725800000, 0x0000000725800000|100%| O|  |TAMS 0x0000000725600000| PB 0x0000000725600000| Untracked 
| 300|0x0000000725800000, 0x0000000725a00000, 0x0000000725a00000|100%| O|  |TAMS 0x0000000725800000| PB 0x0000000725800000| Untracked 
| 301|0x0000000725a00000, 0x0000000725c00000, 0x0000000725c00000|100%| O|  |TAMS 0x0000000725a00000| PB 0x0000000725a00000| Untracked 
| 302|0x0000000725c00000, 0x0000000725e00000, 0x0000000725e00000|100%| O|  |TAMS 0x0000000725c00000| PB 0x0000000725c00000| Untracked 
| 303|0x0000000725e00000, 0x0000000726000000, 0x0000000726000000|100%| O|  |TAMS 0x0000000725e00000| PB 0x0000000725e00000| Untracked 
| 304|0x0000000726000000, 0x0000000726000000, 0x0000000726200000|  0%| F|  |TAMS 0x0000000726000000| PB 0x0000000726000000| Untracked 
| 305|0x0000000726200000, 0x0000000726200000, 0x0000000726400000|  0%| F|  |TAMS 0x0000000726200000| PB 0x0000000726200000| Untracked 
| 306|0x0000000726400000, 0x0000000726400000, 0x0000000726600000|  0%| F|  |TAMS 0x0000000726400000| PB 0x0000000726400000| Untracked 
| 307|0x0000000726600000, 0x0000000726600000, 0x0000000726800000|  0%| F|  |TAMS 0x0000000726600000| PB 0x0000000726600000| Untracked 
| 308|0x0000000726800000, 0x0000000726800000, 0x0000000726a00000|  0%| F|  |TAMS 0x0000000726800000| PB 0x0000000726800000| Untracked 
| 309|0x0000000726a00000, 0x0000000726a00000, 0x0000000726c00000|  0%| F|  |TAMS 0x0000000726a00000| PB 0x0000000726a00000| Untracked 
| 310|0x0000000726c00000, 0x0000000726c00000, 0x0000000726e00000|  0%| F|  |TAMS 0x0000000726c00000| PB 0x0000000726c00000| Untracked 
| 311|0x0000000726e00000, 0x0000000726e00000, 0x0000000727000000|  0%| F|  |TAMS 0x0000000726e00000| PB 0x0000000726e00000| Untracked 
| 312|0x0000000727000000, 0x0000000727000000, 0x0000000727200000|  0%| F|  |TAMS 0x0000000727000000| PB 0x0000000727000000| Untracked 
| 313|0x0000000727200000, 0x0000000727200000, 0x0000000727400000|  0%| F|  |TAMS 0x0000000727200000| PB 0x0000000727200000| Untracked 
| 314|0x0000000727400000, 0x0000000727400000, 0x0000000727600000|  0%| F|  |TAMS 0x0000000727400000| PB 0x0000000727400000| Untracked 
| 315|0x0000000727600000, 0x0000000727600000, 0x0000000727800000|  0%| F|  |TAMS 0x0000000727600000| PB 0x0000000727600000| Untracked 
| 316|0x0000000727800000, 0x0000000727800000, 0x0000000727a00000|  0%| F|  |TAMS 0x0000000727800000| PB 0x0000000727800000| Untracked 
| 317|0x0000000727a00000, 0x0000000727a00000, 0x0000000727c00000|  0%| F|  |TAMS 0x0000000727a00000| PB 0x0000000727a00000| Untracked 
| 318|0x0000000727c00000, 0x0000000727c00000, 0x0000000727e00000|  0%| F|  |TAMS 0x0000000727c00000| PB 0x0000000727c00000| Untracked 
| 319|0x0000000727e00000, 0x0000000727e00000, 0x0000000728000000|  0%| F|  |TAMS 0x0000000727e00000| PB 0x0000000727e00000| Untracked 
| 320|0x0000000728000000, 0x0000000728000000, 0x0000000728200000|  0%| F|  |TAMS 0x0000000728000000| PB 0x0000000728000000| Untracked 
| 321|0x0000000728200000, 0x0000000728200000, 0x0000000728400000|  0%| F|  |TAMS 0x0000000728200000| PB 0x0000000728200000| Untracked 
| 322|0x0000000728400000, 0x0000000728400000, 0x0000000728600000|  0%| F|  |TAMS 0x0000000728400000| PB 0x0000000728400000| Untracked 
| 323|0x0000000728600000, 0x0000000728600000, 0x0000000728800000|  0%| F|  |TAMS 0x0000000728600000| PB 0x0000000728600000| Untracked 
| 324|0x0000000728800000, 0x0000000728800000, 0x0000000728a00000|  0%| F|  |TAMS 0x0000000728800000| PB 0x0000000728800000| Untracked 
| 325|0x0000000728a00000, 0x0000000728a00000, 0x0000000728c00000|  0%| F|  |TAMS 0x0000000728a00000| PB 0x0000000728a00000| Untracked 
| 326|0x0000000728c00000, 0x0000000728c00000, 0x0000000728e00000|  0%| F|  |TAMS 0x0000000728c00000| PB 0x0000000728c00000| Untracked 
| 327|0x0000000728e00000, 0x0000000728e00000, 0x0000000729000000|  0%| F|  |TAMS 0x0000000728e00000| PB 0x0000000728e00000| Untracked 
| 328|0x0000000729000000, 0x0000000729000000, 0x0000000729200000|  0%| F|  |TAMS 0x0000000729000000| PB 0x0000000729000000| Untracked 
| 329|0x0000000729200000, 0x0000000729200000, 0x0000000729400000|  0%| F|  |TAMS 0x0000000729200000| PB 0x0000000729200000| Untracked 
| 330|0x0000000729400000, 0x0000000729400000, 0x0000000729600000|  0%| F|  |TAMS 0x0000000729400000| PB 0x0000000729400000| Untracked 
| 331|0x0000000729600000, 0x0000000729600000, 0x0000000729800000|  0%| F|  |TAMS 0x0000000729600000| PB 0x0000000729600000| Untracked 
| 332|0x0000000729800000, 0x0000000729800000, 0x0000000729a00000|  0%| F|  |TAMS 0x0000000729800000| PB 0x0000000729800000| Untracked 
| 333|0x0000000729a00000, 0x0000000729a00000, 0x0000000729c00000|  0%| F|  |TAMS 0x0000000729a00000| PB 0x0000000729a00000| Untracked 
| 334|0x0000000729c00000, 0x0000000729c00000, 0x0000000729e00000|  0%| F|  |TAMS 0x0000000729c00000| PB 0x0000000729c00000| Untracked 
| 335|0x0000000729e00000, 0x0000000729e00000, 0x000000072a000000|  0%| F|  |TAMS 0x0000000729e00000| PB 0x0000000729e00000| Untracked 
| 336|0x000000072a000000, 0x000000072a000000, 0x000000072a200000|  0%| F|  |TAMS 0x000000072a000000| PB 0x000000072a000000| Untracked 
| 337|0x000000072a200000, 0x000000072a200000, 0x000000072a400000|  0%| F|  |TAMS 0x000000072a200000| PB 0x000000072a200000| Untracked 
| 338|0x000000072a400000, 0x000000072a400000, 0x000000072a600000|  0%| F|  |TAMS 0x000000072a400000| PB 0x000000072a400000| Untracked 
| 339|0x000000072a600000, 0x000000072a600000, 0x000000072a800000|  0%| F|  |TAMS 0x000000072a600000| PB 0x000000072a600000| Untracked 
| 340|0x000000072a800000, 0x000000072a800000, 0x000000072aa00000|  0%| F|  |TAMS 0x000000072a800000| PB 0x000000072a800000| Untracked 
| 341|0x000000072aa00000, 0x000000072aa00000, 0x000000072ac00000|  0%| F|  |TAMS 0x000000072aa00000| PB 0x000000072aa00000| Untracked 
| 342|0x000000072ac00000, 0x000000072ac00000, 0x000000072ae00000|  0%| F|  |TAMS 0x000000072ac00000| PB 0x000000072ac00000| Untracked 
| 343|0x000000072ae00000, 0x000000072ae00000, 0x000000072b000000|  0%| F|  |TAMS 0x000000072ae00000| PB 0x000000072ae00000| Untracked 
| 344|0x000000072b000000, 0x000000072b000000, 0x000000072b200000|  0%| F|  |TAMS 0x000000072b000000| PB 0x000000072b000000| Untracked 
| 345|0x000000072b200000, 0x000000072b200000, 0x000000072b400000|  0%| F|  |TAMS 0x000000072b200000| PB 0x000000072b200000| Untracked 
| 346|0x000000072b400000, 0x000000072b400000, 0x000000072b600000|  0%| F|  |TAMS 0x000000072b400000| PB 0x000000072b400000| Untracked 
| 347|0x000000072b600000, 0x000000072b600000, 0x000000072b800000|  0%| F|  |TAMS 0x000000072b600000| PB 0x000000072b600000| Untracked 
| 348|0x000000072b800000, 0x000000072b800000, 0x000000072ba00000|  0%| F|  |TAMS 0x000000072b800000| PB 0x000000072b800000| Untracked 
| 349|0x000000072ba00000, 0x000000072ba00000, 0x000000072bc00000|  0%| F|  |TAMS 0x000000072ba00000| PB 0x000000072ba00000| Untracked 
| 350|0x000000072bc00000, 0x000000072bc00000, 0x000000072be00000|  0%| F|  |TAMS 0x000000072bc00000| PB 0x000000072bc00000| Untracked 
| 351|0x000000072be00000, 0x000000072be00000, 0x000000072c000000|  0%| F|  |TAMS 0x000000072be00000| PB 0x000000072be00000| Untracked 
| 352|0x000000072c000000, 0x000000072c000000, 0x000000072c200000|  0%| F|  |TAMS 0x000000072c000000| PB 0x000000072c000000| Untracked 
| 353|0x000000072c200000, 0x000000072c200000, 0x000000072c400000|  0%| F|  |TAMS 0x000000072c200000| PB 0x000000072c200000| Untracked 
| 354|0x000000072c400000, 0x000000072c400000, 0x000000072c600000|  0%| F|  |TAMS 0x000000072c400000| PB 0x000000072c400000| Untracked 
| 355|0x000000072c600000, 0x000000072c600000, 0x000000072c800000|  0%| F|  |TAMS 0x000000072c600000| PB 0x000000072c600000| Untracked 
| 356|0x000000072c800000, 0x000000072c800000, 0x000000072ca00000|  0%| F|  |TAMS 0x000000072c800000| PB 0x000000072c800000| Untracked 
| 357|0x000000072ca00000, 0x000000072ca00000, 0x000000072cc00000|  0%| F|  |TAMS 0x000000072ca00000| PB 0x000000072ca00000| Untracked 
| 358|0x000000072cc00000, 0x000000072cc00000, 0x000000072ce00000|  0%| F|  |TAMS 0x000000072cc00000| PB 0x000000072cc00000| Untracked 
| 359|0x000000072ce00000, 0x000000072ce00000, 0x000000072d000000|  0%| F|  |TAMS 0x000000072ce00000| PB 0x000000072ce00000| Untracked 
| 360|0x000000072d000000, 0x000000072d000000, 0x000000072d200000|  0%| F|  |TAMS 0x000000072d000000| PB 0x000000072d000000| Untracked 
| 361|0x000000072d200000, 0x000000072d200000, 0x000000072d400000|  0%| F|  |TAMS 0x000000072d200000| PB 0x000000072d200000| Untracked 
| 362|0x000000072d400000, 0x000000072d400000, 0x000000072d600000|  0%| F|  |TAMS 0x000000072d400000| PB 0x000000072d400000| Untracked 
| 363|0x000000072d600000, 0x000000072d600000, 0x000000072d800000|  0%| F|  |TAMS 0x000000072d600000| PB 0x000000072d600000| Untracked 
| 364|0x000000072d800000, 0x000000072d9fabe0, 0x000000072da00000| 98%| S|CS|TAMS 0x000000072d800000| PB 0x000000072d800000| Complete 
| 365|0x000000072da00000, 0x000000072dc00000, 0x000000072dc00000|100%| S|CS|TAMS 0x000000072da00000| PB 0x000000072da00000| Complete 
| 366|0x000000072dc00000, 0x000000072de00000, 0x000000072de00000|100%| S|CS|TAMS 0x000000072dc00000| PB 0x000000072dc00000| Complete 
| 367|0x000000072de00000, 0x000000072e000000, 0x000000072e000000|100%| S|CS|TAMS 0x000000072de00000| PB 0x000000072de00000| Complete 
| 368|0x000000072e000000, 0x000000072e200000, 0x000000072e200000|100%| S|CS|TAMS 0x000000072e000000| PB 0x000000072e000000| Complete 
| 369|0x000000072e200000, 0x000000072e400000, 0x000000072e400000|100%| S|CS|TAMS 0x000000072e200000| PB 0x000000072e200000| Complete 
| 370|0x000000072e400000, 0x000000072e600000, 0x000000072e600000|100%| S|CS|TAMS 0x000000072e400000| PB 0x000000072e400000| Complete 
| 371|0x000000072e600000, 0x000000072e800000, 0x000000072e800000|100%| S|CS|TAMS 0x000000072e600000| PB 0x000000072e600000| Complete 
| 372|0x000000072e800000, 0x000000072ea00000, 0x000000072ea00000|100%| S|CS|TAMS 0x000000072e800000| PB 0x000000072e800000| Complete 
| 373|0x000000072ea00000, 0x000000072ec00000, 0x000000072ec00000|100%| S|CS|TAMS 0x000000072ea00000| PB 0x000000072ea00000| Complete 
| 374|0x000000072ec00000, 0x000000072ec00000, 0x000000072ee00000|  0%| F|  |TAMS 0x000000072ec00000| PB 0x000000072ec00000| Untracked 
| 375|0x000000072ee00000, 0x000000072ee00000, 0x000000072f000000|  0%| F|  |TAMS 0x000000072ee00000| PB 0x000000072ee00000| Untracked 
| 376|0x000000072f000000, 0x000000072f000000, 0x000000072f200000|  0%| F|  |TAMS 0x000000072f000000| PB 0x000000072f000000| Untracked 
| 377|0x000000072f200000, 0x000000072f200000, 0x000000072f400000|  0%| F|  |TAMS 0x000000072f200000| PB 0x000000072f200000| Untracked 
| 378|0x000000072f400000, 0x000000072f400000, 0x000000072f600000|  0%| F|  |TAMS 0x000000072f400000| PB 0x000000072f400000| Untracked 
| 379|0x000000072f600000, 0x000000072f600000, 0x000000072f800000|  0%| F|  |TAMS 0x000000072f600000| PB 0x000000072f600000| Untracked 
| 380|0x000000072f800000, 0x000000072f800000, 0x000000072fa00000|  0%| F|  |TAMS 0x000000072f800000| PB 0x000000072f800000| Untracked 
| 381|0x000000072fa00000, 0x000000072fa00000, 0x000000072fc00000|  0%| F|  |TAMS 0x000000072fa00000| PB 0x000000072fa00000| Untracked 
| 382|0x000000072fc00000, 0x000000072fc00000, 0x000000072fe00000|  0%| F|  |TAMS 0x000000072fc00000| PB 0x000000072fc00000| Untracked 
| 383|0x000000072fe00000, 0x000000072fe00000, 0x0000000730000000|  0%| F|  |TAMS 0x000000072fe00000| PB 0x000000072fe00000| Untracked 
| 384|0x0000000730000000, 0x0000000730000000, 0x0000000730200000|  0%| F|  |TAMS 0x0000000730000000| PB 0x0000000730000000| Untracked 
| 385|0x0000000730200000, 0x0000000730200000, 0x0000000730400000|  0%| F|  |TAMS 0x0000000730200000| PB 0x0000000730200000| Untracked 
| 386|0x0000000730400000, 0x0000000730400000, 0x0000000730600000|  0%| F|  |TAMS 0x0000000730400000| PB 0x0000000730400000| Untracked 
| 387|0x0000000730600000, 0x0000000730600000, 0x0000000730800000|  0%| F|  |TAMS 0x0000000730600000| PB 0x0000000730600000| Untracked 
| 388|0x0000000730800000, 0x0000000730800000, 0x0000000730a00000|  0%| F|  |TAMS 0x0000000730800000| PB 0x0000000730800000| Untracked 
| 389|0x0000000730a00000, 0x0000000730a00000, 0x0000000730c00000|  0%| F|  |TAMS 0x0000000730a00000| PB 0x0000000730a00000| Untracked 
| 390|0x0000000730c00000, 0x0000000730c00000, 0x0000000730e00000|  0%| F|  |TAMS 0x0000000730c00000| PB 0x0000000730c00000| Untracked 
| 391|0x0000000730e00000, 0x0000000730e00000, 0x0000000731000000|  0%| F|  |TAMS 0x0000000730e00000| PB 0x0000000730e00000| Untracked 
| 392|0x0000000731000000, 0x0000000731000000, 0x0000000731200000|  0%| F|  |TAMS 0x0000000731000000| PB 0x0000000731000000| Untracked 
| 393|0x0000000731200000, 0x0000000731200000, 0x0000000731400000|  0%| F|  |TAMS 0x0000000731200000| PB 0x0000000731200000| Untracked 
| 394|0x0000000731400000, 0x0000000731400000, 0x0000000731600000|  0%| F|  |TAMS 0x0000000731400000| PB 0x0000000731400000| Untracked 
| 395|0x0000000731600000, 0x0000000731600000, 0x0000000731800000|  0%| F|  |TAMS 0x0000000731600000| PB 0x0000000731600000| Untracked 
| 396|0x0000000731800000, 0x0000000731800000, 0x0000000731a00000|  0%| F|  |TAMS 0x0000000731800000| PB 0x0000000731800000| Untracked 
| 397|0x0000000731a00000, 0x0000000731a00000, 0x0000000731c00000|  0%| F|  |TAMS 0x0000000731a00000| PB 0x0000000731a00000| Untracked 
| 398|0x0000000731c00000, 0x0000000731c00000, 0x0000000731e00000|  0%| F|  |TAMS 0x0000000731c00000| PB 0x0000000731c00000| Untracked 
| 399|0x0000000731e00000, 0x0000000731e00000, 0x0000000732000000|  0%| F|  |TAMS 0x0000000731e00000| PB 0x0000000731e00000| Untracked 
| 400|0x0000000732000000, 0x0000000732000000, 0x0000000732200000|  0%| F|  |TAMS 0x0000000732000000| PB 0x0000000732000000| Untracked 
| 401|0x0000000732200000, 0x0000000732200000, 0x0000000732400000|  0%| F|  |TAMS 0x0000000732200000| PB 0x0000000732200000| Untracked 
| 402|0x0000000732400000, 0x0000000732400000, 0x0000000732600000|  0%| F|  |TAMS 0x0000000732400000| PB 0x0000000732400000| Untracked 
| 403|0x0000000732600000, 0x0000000732600000, 0x0000000732800000|  0%| F|  |TAMS 0x0000000732600000| PB 0x0000000732600000| Untracked 
| 404|0x0000000732800000, 0x0000000732800000, 0x0000000732a00000|  0%| F|  |TAMS 0x0000000732800000| PB 0x0000000732800000| Untracked 
| 405|0x0000000732a00000, 0x0000000732a00000, 0x0000000732c00000|  0%| F|  |TAMS 0x0000000732a00000| PB 0x0000000732a00000| Untracked 
| 406|0x0000000732c00000, 0x0000000732c00000, 0x0000000732e00000|  0%| F|  |TAMS 0x0000000732c00000| PB 0x0000000732c00000| Untracked 
| 407|0x0000000732e00000, 0x0000000732e00000, 0x0000000733000000|  0%| F|  |TAMS 0x0000000732e00000| PB 0x0000000732e00000| Untracked 
| 408|0x0000000733000000, 0x0000000733000000, 0x0000000733200000|  0%| F|  |TAMS 0x0000000733000000| PB 0x0000000733000000| Untracked 
| 409|0x0000000733200000, 0x0000000733200000, 0x0000000733400000|  0%| F|  |TAMS 0x0000000733200000| PB 0x0000000733200000| Untracked 
| 410|0x0000000733400000, 0x0000000733400000, 0x0000000733600000|  0%| F|  |TAMS 0x0000000733400000| PB 0x0000000733400000| Untracked 
| 411|0x0000000733600000, 0x0000000733600000, 0x0000000733800000|  0%| F|  |TAMS 0x0000000733600000| PB 0x0000000733600000| Untracked 
| 412|0x0000000733800000, 0x0000000733800000, 0x0000000733a00000|  0%| F|  |TAMS 0x0000000733800000| PB 0x0000000733800000| Untracked 
| 413|0x0000000733a00000, 0x0000000733a00000, 0x0000000733c00000|  0%| F|  |TAMS 0x0000000733a00000| PB 0x0000000733a00000| Untracked 
| 414|0x0000000733c00000, 0x0000000733c00000, 0x0000000733e00000|  0%| F|  |TAMS 0x0000000733c00000| PB 0x0000000733c00000| Untracked 
| 415|0x0000000733e00000, 0x0000000733e00000, 0x0000000734000000|  0%| F|  |TAMS 0x0000000733e00000| PB 0x0000000733e00000| Untracked 
| 416|0x0000000734000000, 0x0000000734000000, 0x0000000734200000|  0%| F|  |TAMS 0x0000000734000000| PB 0x0000000734000000| Untracked 
| 417|0x0000000734200000, 0x0000000734200000, 0x0000000734400000|  0%| F|  |TAMS 0x0000000734200000| PB 0x0000000734200000| Untracked 
| 418|0x0000000734400000, 0x0000000734400000, 0x0000000734600000|  0%| F|  |TAMS 0x0000000734400000| PB 0x0000000734400000| Untracked 
| 419|0x0000000734600000, 0x0000000734600000, 0x0000000734800000|  0%| F|  |TAMS 0x0000000734600000| PB 0x0000000734600000| Untracked 
| 420|0x0000000734800000, 0x0000000734800000, 0x0000000734a00000|  0%| F|  |TAMS 0x0000000734800000| PB 0x0000000734800000| Untracked 
| 421|0x0000000734a00000, 0x0000000734a00000, 0x0000000734c00000|  0%| F|  |TAMS 0x0000000734a00000| PB 0x0000000734a00000| Untracked 
| 422|0x0000000734c00000, 0x0000000734c00000, 0x0000000734e00000|  0%| F|  |TAMS 0x0000000734c00000| PB 0x0000000734c00000| Untracked 
| 423|0x0000000734e00000, 0x0000000734e00000, 0x0000000735000000|  0%| F|  |TAMS 0x0000000734e00000| PB 0x0000000734e00000| Untracked 
| 424|0x0000000735000000, 0x0000000735000000, 0x0000000735200000|  0%| F|  |TAMS 0x0000000735000000| PB 0x0000000735000000| Untracked 
| 425|0x0000000735200000, 0x0000000735200000, 0x0000000735400000|  0%| F|  |TAMS 0x0000000735200000| PB 0x0000000735200000| Untracked 
| 426|0x0000000735400000, 0x0000000735400000, 0x0000000735600000|  0%| F|  |TAMS 0x0000000735400000| PB 0x0000000735400000| Untracked 
| 427|0x0000000735600000, 0x0000000735600000, 0x0000000735800000|  0%| F|  |TAMS 0x0000000735600000| PB 0x0000000735600000| Untracked 
| 428|0x0000000735800000, 0x0000000735800000, 0x0000000735a00000|  0%| F|  |TAMS 0x0000000735800000| PB 0x0000000735800000| Untracked 
| 429|0x0000000735a00000, 0x0000000735a00000, 0x0000000735c00000|  0%| F|  |TAMS 0x0000000735a00000| PB 0x0000000735a00000| Untracked 
| 430|0x0000000735c00000, 0x0000000735c00000, 0x0000000735e00000|  0%| F|  |TAMS 0x0000000735c00000| PB 0x0000000735c00000| Untracked 
| 431|0x0000000735e00000, 0x0000000735e00000, 0x0000000736000000|  0%| F|  |TAMS 0x0000000735e00000| PB 0x0000000735e00000| Untracked 
| 432|0x0000000736000000, 0x0000000736000000, 0x0000000736200000|  0%| F|  |TAMS 0x0000000736000000| PB 0x0000000736000000| Untracked 
| 433|0x0000000736200000, 0x0000000736200000, 0x0000000736400000|  0%| F|  |TAMS 0x0000000736200000| PB 0x0000000736200000| Untracked 
| 434|0x0000000736400000, 0x0000000736400000, 0x0000000736600000|  0%| F|  |TAMS 0x0000000736400000| PB 0x0000000736400000| Untracked 
| 435|0x0000000736600000, 0x0000000736600000, 0x0000000736800000|  0%| F|  |TAMS 0x0000000736600000| PB 0x0000000736600000| Untracked 
| 436|0x0000000736800000, 0x0000000736800000, 0x0000000736a00000|  0%| F|  |TAMS 0x0000000736800000| PB 0x0000000736800000| Untracked 
| 437|0x0000000736a00000, 0x0000000736a00000, 0x0000000736c00000|  0%| F|  |TAMS 0x0000000736a00000| PB 0x0000000736a00000| Untracked 
| 438|0x0000000736c00000, 0x0000000736c00000, 0x0000000736e00000|  0%| F|  |TAMS 0x0000000736c00000| PB 0x0000000736c00000| Untracked 
| 439|0x0000000736e00000, 0x0000000736e00000, 0x0000000737000000|  0%| F|  |TAMS 0x0000000736e00000| PB 0x0000000736e00000| Untracked 
| 440|0x0000000737000000, 0x0000000737000000, 0x0000000737200000|  0%| F|  |TAMS 0x0000000737000000| PB 0x0000000737000000| Untracked 
| 441|0x0000000737200000, 0x0000000737200000, 0x0000000737400000|  0%| F|  |TAMS 0x0000000737200000| PB 0x0000000737200000| Untracked 
| 442|0x0000000737400000, 0x0000000737400000, 0x0000000737600000|  0%| F|  |TAMS 0x0000000737400000| PB 0x0000000737400000| Untracked 
| 443|0x0000000737600000, 0x0000000737600000, 0x0000000737800000|  0%| F|  |TAMS 0x0000000737600000| PB 0x0000000737600000| Untracked 
| 444|0x0000000737800000, 0x0000000737800000, 0x0000000737a00000|  0%| F|  |TAMS 0x0000000737800000| PB 0x0000000737800000| Untracked 
| 445|0x0000000737a00000, 0x0000000737a00000, 0x0000000737c00000|  0%| F|  |TAMS 0x0000000737a00000| PB 0x0000000737a00000| Untracked 
| 446|0x0000000737c00000, 0x0000000737c00000, 0x0000000737e00000|  0%| F|  |TAMS 0x0000000737c00000| PB 0x0000000737c00000| Untracked 
| 447|0x0000000737e00000, 0x0000000737e00000, 0x0000000738000000|  0%| F|  |TAMS 0x0000000737e00000| PB 0x0000000737e00000| Untracked 
| 448|0x0000000738000000, 0x0000000738000000, 0x0000000738200000|  0%| F|  |TAMS 0x0000000738000000| PB 0x0000000738000000| Untracked 
| 449|0x0000000738200000, 0x0000000738200000, 0x0000000738400000|  0%| F|  |TAMS 0x0000000738200000| PB 0x0000000738200000| Untracked 
| 450|0x0000000738400000, 0x0000000738400000, 0x0000000738600000|  0%| F|  |TAMS 0x0000000738400000| PB 0x0000000738400000| Untracked 
| 451|0x0000000738600000, 0x0000000738600000, 0x0000000738800000|  0%| F|  |TAMS 0x0000000738600000| PB 0x0000000738600000| Untracked 
| 452|0x0000000738800000, 0x0000000738800000, 0x0000000738a00000|  0%| F|  |TAMS 0x0000000738800000| PB 0x0000000738800000| Untracked 
| 453|0x0000000738a00000, 0x0000000738a00000, 0x0000000738c00000|  0%| F|  |TAMS 0x0000000738a00000| PB 0x0000000738a00000| Untracked 
| 454|0x0000000738c00000, 0x0000000738c00000, 0x0000000738e00000|  0%| F|  |TAMS 0x0000000738c00000| PB 0x0000000738c00000| Untracked 
| 455|0x0000000738e00000, 0x0000000738e00000, 0x0000000739000000|  0%| F|  |TAMS 0x0000000738e00000| PB 0x0000000738e00000| Untracked 
| 456|0x0000000739000000, 0x0000000739000000, 0x0000000739200000|  0%| F|  |TAMS 0x0000000739000000| PB 0x0000000739000000| Untracked 
| 457|0x0000000739200000, 0x0000000739200000, 0x0000000739400000|  0%| F|  |TAMS 0x0000000739200000| PB 0x0000000739200000| Untracked 
| 458|0x0000000739400000, 0x0000000739400000, 0x0000000739600000|  0%| F|  |TAMS 0x0000000739400000| PB 0x0000000739400000| Untracked 
| 459|0x0000000739600000, 0x0000000739600000, 0x0000000739800000|  0%| F|  |TAMS 0x0000000739600000| PB 0x0000000739600000| Untracked 
| 460|0x0000000739800000, 0x0000000739800000, 0x0000000739a00000|  0%| F|  |TAMS 0x0000000739800000| PB 0x0000000739800000| Untracked 
|1966|0x00000007f5c00000, 0x00000007f5e00000, 0x00000007f5e00000|100%| O|  |TAMS 0x00000007f5c82010| PB 0x00000007f5c00000| Untracked 
|1967|0x00000007f5e00000, 0x00000007f6000000, 0x00000007f6000000|100%| O|  |TAMS 0x00000007f6000000| PB 0x00000007f5e00000| Untracked 
|1968|0x00000007f6000000, 0x00000007f6200000, 0x00000007f6200000|100%| O|  |TAMS 0x00000007f6200000| PB 0x00000007f6000000| Untracked 
|1969|0x00000007f6200000, 0x00000007f6400000, 0x00000007f6400000|100%| O|  |TAMS 0x00000007f6400000| PB 0x00000007f6200000| Untracked 
|1970|0x00000007f6400000, 0x00000007f6600000, 0x00000007f6600000|100%| O|  |TAMS 0x00000007f6600000| PB 0x00000007f6400000| Untracked 
|1971|0x00000007f6600000, 0x00000007f6800000, 0x00000007f6800000|100%| O|  |TAMS 0x00000007f6800000| PB 0x00000007f6600000| Untracked 
|1972|0x00000007f6800000, 0x00000007f6a00000, 0x00000007f6a00000|100%| O|  |TAMS 0x00000007f6a00000| PB 0x00000007f6800000| Untracked 
|1973|0x00000007f6a00000, 0x00000007f6c00000, 0x00000007f6c00000|100%| O|  |TAMS 0x00000007f6c00000| PB 0x00000007f6a00000| Untracked 
|1974|0x00000007f6c00000, 0x00000007f6e00000, 0x00000007f6e00000|100%| O|  |TAMS 0x00000007f6e00000| PB 0x00000007f6c00000| Untracked 
|1975|0x00000007f6e00000, 0x00000007f6e00000, 0x00000007f7000000|  0%| F|  |TAMS 0x00000007f6e00000| PB 0x00000007f6e00000| Untracked 
|1976|0x00000007f7000000, 0x00000007f7000000, 0x00000007f7200000|  0%| F|  |TAMS 0x00000007f7000000| PB 0x00000007f7000000| Untracked 
|1977|0x00000007f7200000, 0x00000007f7200000, 0x00000007f7400000|  0%| F|  |TAMS 0x00000007f7200000| PB 0x00000007f7200000| Untracked 
|1978|0x00000007f7400000, 0x00000007f7400000, 0x00000007f7600000|  0%| F|  |TAMS 0x00000007f7400000| PB 0x00000007f7400000| Untracked 
|1979|0x00000007f7600000, 0x00000007f7600000, 0x00000007f7800000|  0%| F|  |TAMS 0x00000007f7600000| PB 0x00000007f7600000| Untracked 
|1980|0x00000007f7800000, 0x00000007f7800000, 0x00000007f7a00000|  0%| F|  |TAMS 0x00000007f7800000| PB 0x00000007f7800000| Untracked 
|1981|0x00000007f7a00000, 0x00000007f7a00000, 0x00000007f7c00000|  0%| F|  |TAMS 0x00000007f7a00000| PB 0x00000007f7a00000| Untracked 
|1982|0x00000007f7c00000, 0x00000007f7c00000, 0x00000007f7e00000|  0%| F|  |TAMS 0x00000007f7c00000| PB 0x00000007f7c00000| Untracked 
|1983|0x00000007f7e00000, 0x00000007f7e00000, 0x00000007f8000000|  0%| F|  |TAMS 0x00000007f7e00000| PB 0x00000007f7e00000| Untracked 
|1984|0x00000007f8000000, 0x00000007f8000000, 0x00000007f8200000|  0%| F|  |TAMS 0x00000007f8000000| PB 0x00000007f8000000| Untracked 
|1985|0x00000007f8200000, 0x00000007f8200000, 0x00000007f8400000|  0%| F|  |TAMS 0x00000007f8200000| PB 0x00000007f8200000| Untracked 
|1986|0x00000007f8400000, 0x00000007f8400000, 0x00000007f8600000|  0%| F|  |TAMS 0x00000007f8400000| PB 0x00000007f8400000| Untracked 
|1987|0x00000007f8600000, 0x00000007f8600000, 0x00000007f8800000|  0%| F|  |TAMS 0x00000007f8600000| PB 0x00000007f8600000| Untracked 
|1988|0x00000007f8800000, 0x00000007f8800000, 0x00000007f8a00000|  0%| F|  |TAMS 0x00000007f8800000| PB 0x00000007f8800000| Untracked 
|1989|0x00000007f8a00000, 0x00000007f8a00000, 0x00000007f8c00000|  0%| F|  |TAMS 0x00000007f8a00000| PB 0x00000007f8a00000| Untracked 
|1990|0x00000007f8c00000, 0x00000007f8c00000, 0x00000007f8e00000|  0%| F|  |TAMS 0x00000007f8c00000| PB 0x00000007f8c00000| Untracked 
|1991|0x00000007f8e00000, 0x00000007f8e00000, 0x00000007f9000000|  0%| F|  |TAMS 0x00000007f8e00000| PB 0x00000007f8e00000| Untracked 
|1992|0x00000007f9000000, 0x00000007f9000000, 0x00000007f9200000|  0%| F|  |TAMS 0x00000007f9000000| PB 0x00000007f9000000| Untracked 
|1993|0x00000007f9200000, 0x00000007f9400000, 0x00000007f9400000|100%| O|  |TAMS 0x00000007f9400000| PB 0x00000007f9200000| Untracked 
|1994|0x00000007f9400000, 0x00000007f9400000, 0x00000007f9600000|  0%| F|  |TAMS 0x00000007f9400000| PB 0x00000007f9400000| Untracked 
|1995|0x00000007f9600000, 0x00000007f9800000, 0x00000007f9800000|100%| O|  |TAMS 0x00000007f9800000| PB 0x00000007f9600000| Untracked 
|1996|0x00000007f9800000, 0x00000007f9800000, 0x00000007f9a00000|  0%| F|  |TAMS 0x00000007f9800000| PB 0x00000007f9800000| Untracked 
|1997|0x00000007f9a00000, 0x00000007f9a00000, 0x00000007f9c00000|  0%| F|  |TAMS 0x00000007f9a00000| PB 0x00000007f9a00000| Untracked 
|1998|0x00000007f9c00000, 0x00000007f9c00000, 0x00000007f9e00000|  0%| F|  |TAMS 0x00000007f9c00000| PB 0x00000007f9c00000| Untracked 
|1999|0x00000007f9e00000, 0x00000007f9e00000, 0x00000007fa000000|  0%| F|  |TAMS 0x00000007f9e00000| PB 0x00000007f9e00000| Untracked 
|2000|0x00000007fa000000, 0x00000007fa000000, 0x00000007fa200000|  0%| F|  |TAMS 0x00000007fa000000| PB 0x00000007fa000000| Untracked 
|2001|0x00000007fa200000, 0x00000007fa200000, 0x00000007fa400000|  0%| F|  |TAMS 0x00000007fa200000| PB 0x00000007fa200000| Untracked 
|2002|0x00000007fa400000, 0x00000007fa400000, 0x00000007fa600000|  0%| F|  |TAMS 0x00000007fa400000| PB 0x00000007fa400000| Untracked 
|2003|0x00000007fa600000, 0x00000007fa600000, 0x00000007fa800000|  0%| F|  |TAMS 0x00000007fa600000| PB 0x00000007fa600000| Untracked 
|2004|0x00000007fa800000, 0x00000007fa800000, 0x00000007faa00000|  0%| F|  |TAMS 0x00000007fa800000| PB 0x00000007fa800000| Untracked 
|2005|0x00000007faa00000, 0x00000007faa00000, 0x00000007fac00000|  0%| F|  |TAMS 0x00000007faa00000| PB 0x00000007faa00000| Untracked 
|2006|0x00000007fac00000, 0x00000007fac00000, 0x00000007fae00000|  0%| F|  |TAMS 0x00000007fac00000| PB 0x00000007fac00000| Untracked 
|2007|0x00000007fae00000, 0x00000007fae00000, 0x00000007fb000000|  0%| F|  |TAMS 0x00000007fae00000| PB 0x00000007fae00000| Untracked 
|2008|0x00000007fb000000, 0x00000007fb000000, 0x00000007fb200000|  0%| F|  |TAMS 0x00000007fb000000| PB 0x00000007fb000000| Untracked 
|2009|0x00000007fb200000, 0x00000007fb200000, 0x00000007fb400000|  0%| F|  |TAMS 0x00000007fb200000| PB 0x00000007fb200000| Untracked 
|2010|0x00000007fb400000, 0x00000007fb400000, 0x00000007fb600000|  0%| F|  |TAMS 0x00000007fb400000| PB 0x00000007fb400000| Untracked 
|2011|0x00000007fb600000, 0x00000007fb600000, 0x00000007fb800000|  0%| F|  |TAMS 0x00000007fb600000| PB 0x00000007fb600000| Untracked 
|2012|0x00000007fb800000, 0x00000007fb800000, 0x00000007fba00000|  0%| F|  |TAMS 0x00000007fb800000| PB 0x00000007fb800000| Untracked 
|2013|0x00000007fba00000, 0x00000007fba00000, 0x00000007fbc00000|  0%| F|  |TAMS 0x00000007fba00000| PB 0x00000007fba00000| Untracked 
|2014|0x00000007fbc00000, 0x00000007fbc00000, 0x00000007fbe00000|  0%| F|  |TAMS 0x00000007fbc00000| PB 0x00000007fbc00000| Untracked 
|2015|0x00000007fbe00000, 0x00000007fbe00000, 0x00000007fc000000|  0%| F|  |TAMS 0x00000007fbe00000| PB 0x00000007fbe00000| Untracked 
|2016|0x00000007fc000000, 0x00000007fc000000, 0x00000007fc200000|  0%| F|  |TAMS 0x00000007fc000000| PB 0x00000007fc000000| Untracked 
|2017|0x00000007fc200000, 0x00000007fc200000, 0x00000007fc400000|  0%| F|  |TAMS 0x00000007fc200000| PB 0x00000007fc200000| Untracked 
|2018|0x00000007fc400000, 0x00000007fc400000, 0x00000007fc600000|  0%| F|  |TAMS 0x00000007fc400000| PB 0x00000007fc400000| Untracked 
|2019|0x00000007fc600000, 0x00000007fc600000, 0x00000007fc800000|  0%| F|  |TAMS 0x00000007fc600000| PB 0x00000007fc600000| Untracked 
|2020|0x00000007fc800000, 0x00000007fc800000, 0x00000007fca00000|  0%| F|  |TAMS 0x00000007fc800000| PB 0x00000007fc800000| Untracked 
|2021|0x00000007fca00000, 0x00000007fca00000, 0x00000007fcc00000|  0%| F|  |TAMS 0x00000007fca00000| PB 0x00000007fca00000| Untracked 
|2022|0x00000007fcc00000, 0x00000007fcc00000, 0x00000007fce00000|  0%| F|  |TAMS 0x00000007fcc00000| PB 0x00000007fcc00000| Untracked 
|2023|0x00000007fce00000, 0x00000007fce00000, 0x00000007fd000000|  0%| F|  |TAMS 0x00000007fce00000| PB 0x00000007fce00000| Untracked 
|2024|0x00000007fd000000, 0x00000007fd000000, 0x00000007fd200000|  0%| F|  |TAMS 0x00000007fd000000| PB 0x00000007fd000000| Untracked 
|2025|0x00000007fd200000, 0x00000007fd200000, 0x00000007fd400000|  0%| F|  |TAMS 0x00000007fd200000| PB 0x00000007fd200000| Untracked 
|2026|0x00000007fd400000, 0x00000007fd400000, 0x00000007fd600000|  0%| F|  |TAMS 0x00000007fd400000| PB 0x00000007fd400000| Untracked 
|2027|0x00000007fd600000, 0x00000007fd600000, 0x00000007fd800000|  0%| F|  |TAMS 0x00000007fd600000| PB 0x00000007fd600000| Untracked 
|2028|0x00000007fd800000, 0x00000007fd800000, 0x00000007fda00000|  0%| F|  |TAMS 0x00000007fd800000| PB 0x00000007fd800000| Untracked 
|2029|0x00000007fda00000, 0x00000007fda00000, 0x00000007fdc00000|  0%| F|  |TAMS 0x00000007fda00000| PB 0x00000007fda00000| Untracked 
|2030|0x00000007fdc00000, 0x00000007fdc00000, 0x00000007fde00000|  0%| F|  |TAMS 0x00000007fdc00000| PB 0x00000007fdc00000| Untracked 
|2031|0x00000007fde00000, 0x00000007fde00000, 0x00000007fe000000|  0%| F|  |TAMS 0x00000007fde00000| PB 0x00000007fde00000| Untracked 
|2032|0x00000007fe000000, 0x00000007fe000000, 0x00000007fe200000|  0%| F|  |TAMS 0x00000007fe000000| PB 0x00000007fe000000| Untracked 
|2033|0x00000007fe200000, 0x00000007fe200000, 0x00000007fe400000|  0%| F|  |TAMS 0x00000007fe200000| PB 0x00000007fe200000| Untracked 
|2034|0x00000007fe400000, 0x00000007fe56afb0, 0x00000007fe600000| 70%| E|  |TAMS 0x00000007fe400000| PB 0x00000007fe400000| Complete 
|2035|0x00000007fe600000, 0x00000007fe800000, 0x00000007fe800000|100%| E|CS|TAMS 0x00000007fe600000| PB 0x00000007fe600000| Complete 
|2036|0x00000007fe800000, 0x00000007fea00000, 0x00000007fea00000|100%| E|CS|TAMS 0x00000007fe800000| PB 0x00000007fe800000| Complete 
|2037|0x00000007fea00000, 0x00000007fec00000, 0x00000007fec00000|100%| O|  |TAMS 0x00000007fec00000| PB 0x00000007fea00000| Untracked 
|2038|0x00000007fec00000, 0x00000007fee00000, 0x00000007fee00000|100%| E|  |TAMS 0x00000007fec00000| PB 0x00000007fec00000| Complete 
|2039|0x00000007fee00000, 0x00000007ff000000, 0x00000007ff000000|100%| O|  |TAMS 0x00000007ff000000| PB 0x00000007fee00000| Untracked 
|2040|0x00000007ff000000, 0x00000007ff200000, 0x00000007ff200000|100%| E|CS|TAMS 0x00000007ff000000| PB 0x00000007ff000000| Complete 
|2041|0x00000007ff200000, 0x00000007ff400000, 0x00000007ff400000|100%| O|  |TAMS 0x00000007ff400000| PB 0x00000007ff200000| Untracked 
|2042|0x00000007ff400000, 0x00000007ff600000, 0x00000007ff600000|100%| O|  |TAMS 0x00000007ff600000| PB 0x00000007ff400000| Untracked 
|2043|0x00000007ff600000, 0x00000007ff800000, 0x00000007ff800000|100%| E|CS|TAMS 0x00000007ff600000| PB 0x00000007ff600000| Complete 
|2044|0x00000007ff800000, 0x00000007ffa00000, 0x00000007ffa00000|100%| O|  |TAMS 0x00000007ffa00000| PB 0x00000007ff800000| Untracked 
|2045|0x00000007ffa00000, 0x00000007ffc00000, 0x00000007ffc00000|100%| O|  |TAMS 0x00000007ffc00000| PB 0x00000007ffa00000| Untracked 
|2046|0x00000007ffc00000, 0x00000007ffe00000, 0x00000007ffe00000|100%| O|  |TAMS 0x00000007ffe00000| PB 0x00000007ffc00000| Untracked 
|2047|0x00000007ffe00000, 0x0000000800000000, 0x0000000800000000|100%| O|  |TAMS 0x0000000800000000| PB 0x00000007ffe00000| Untracked 

Card table byte_map: [0x00000241e9840000,0x00000241ea040000] _byte_map_base: 0x00000241e6040000

Marking Bits: (CMBitMap*) 0x00000241d69fa210
 Bits: [0x00000241ea040000, 0x00000241ee040000)

Polling page: 0x00000241d4820000

Metaspace:

Usage:
  Non-class:    381.47 MB used.
      Class:     55.43 MB used.
       Both:    436.91 MB used.

Virtual space:
  Non-class space:      448.00 MB reserved,     383.94 MB ( 86%) committed,  7 nodes.
      Class space:      832.00 MB reserved,      57.81 MB (  7%) committed,  1 nodes.
             Both:        1.25 GB reserved,     441.75 MB ( 35%) committed. 

Chunk freelists:
   Non-Class:  15.95 MB
       Class:  6.03 MB
        Both:  21.98 MB

MaxMetaspaceSize: 1.00 GB
CompressedClassSpaceSize: 832.00 MB
Initial GC threshold: 21.00 MB
Current GC threshold: 613.06 MB
CDS: off
 - commit_granule_bytes: 65536.
 - commit_granule_words: 8192.
 - virtual_space_node_default_size: 8388608.
 - enlarge_chunks_in_place: 1.
 - use_allocation_guard: 0.


Internal statistics:

num_allocs_failed_limit: 9.
num_arena_births: 9572.
num_arena_deaths: 330.
num_vsnodes_births: 8.
num_vsnodes_deaths: 0.
num_space_committed: 7100.
num_space_uncommitted: 7.
num_chunks_returned_to_freelist: 544.
num_chunks_taken_from_freelist: 30702.
num_chunk_merges: 161.
num_chunk_splits: 20186.
num_chunks_enlarged: 12521.
num_inconsistent_stats: 0.

CodeHeap 'non-profiled nmethods': size=120000Kb used=21849Kb max_used=32877Kb free=98151Kb
 bounds [0x00000241e15c0000, 0x00000241e3610000, 0x00000241e8af0000]
CodeHeap 'profiled nmethods': size=120000Kb used=39043Kb max_used=77122Kb free=80957Kb
 bounds [0x00000241d9af0000, 0x00000241de650000, 0x00000241e1020000]
CodeHeap 'non-nmethods': size=5760Kb used=2748Kb max_used=2805Kb free=3011Kb
 bounds [0x00000241e1020000, 0x00000241e12e0000, 0x00000241e15c0000]
CodeCache: size=245760Kb, used=63640Kb, max_used=112804Kb, free=182119Kb
 total_blobs=20092, nmethods=18583, adapters=1408, full_count=0
Compilation: enabled, stopped_count=0, restarted_count=0

Compilation events (20 events):
Event: 2072.200 Thread 0x00000241f5094a60 83976       2       com.squareup.javapoet.TypeName::<init> (18 bytes)
Event: 2072.200 Thread 0x00000241f5094a60 nmethod 83976 0x00000241d9d69310 code [0x00000241d9d694e0, 0x00000241d9d69768]
Event: 2072.200 Thread 0x00000241f5094a60 83977       2       com.squareup.kotlinpoet.UtilKt::toImmutableList (29 bytes)
Event: 2072.200 Thread 0x00000241f5094a60 nmethod 83977 0x00000241d9d68b10 code [0x00000241d9d68d20, 0x00000241d9d69098]
Event: 2072.200 Thread 0x00000241f5094a60 83978       2       com.squareup.javapoet.TypeName::<init> (7 bytes)
Event: 2072.201 Thread 0x00000241f5094a60 nmethod 83978 0x00000241d9d68610 code [0x00000241d9d687c0, 0x00000241d9d68a10]
Event: 2072.201 Thread 0x00000241f5094a60 83980       1       com.squareup.javapoet.ClassName::canonicalName (5 bytes)
Event: 2072.201 Thread 0x00000241f5094a60 nmethod 83980 0x00000241e205f810 code [0x00000241e205f9a0, 0x00000241e205fa70]
Event: 2072.202 Thread 0x00000241f5094a60 83981       2       ksp.org.jetbrains.kotlin.analysis.low.level.api.fir.file.builder.ModuleFileCacheImpl$$Lambda/0x00000008032e6df0::<init> (10 bytes)
Event: 2072.202 Thread 0x00000241f5094a60 nmethod 83981 0x00000241d9d68290 code [0x00000241d9d68420, 0x00000241d9d68578]
Event: 2072.202 Thread 0x00000241f5094a60 83983       2       ksp.com.intellij.extapi.psi.StubBasedPsiElementBase::isPhysical (10 bytes)
Event: 2072.202 Thread 0x00000241f5094a60 nmethod 83983 0x00000241d9d67e90 code [0x00000241d9d68040, 0x00000241d9d68198]
Event: 2072.202 Thread 0x00000241f5094a60 83991       2       ksp.org.jetbrains.kotlin.analysis.low.level.api.fir.util.DeclarationUtilsKt::findSourceNonLocalFirDeclaration$lambda$2 (277 bytes)
Event: 2072.203 Thread 0x00000241f5094a60 nmethod 83991 0x00000241d9d66790 code [0x00000241d9d66b00, 0x00000241d9d677a8]
Event: 2072.203 Thread 0x00000241f5094a60 83985       2       ksp.org.jetbrains.kotlin.analysis.low.level.api.fir.element.builder.FirElementBuilderKt::getNonLocalContainingOrThisElement (81 bytes)
Event: 2072.204 Thread 0x00000241f5094a60 nmethod 83985 0x00000241d9d65510 code [0x00000241d9d65800, 0x00000241d9d661c8]
Event: 2072.204 Thread 0x00000241f5094a60 83993       2       ksp.org.jetbrains.kotlin.analysis.low.level.api.fir.projectStructure.LLFirModuleDataKt::getLlFirModuleData (20 bytes)
Event: 2072.205 Thread 0x00000241f5094a60 nmethod 83993 0x00000241d9d64b90 code [0x00000241d9d64dc0, 0x00000241d9d65208]
Event: 2072.205 Thread 0x00000241f5094a60 83986       2       ksp.org.jetbrains.kotlin.analysis.low.level.api.fir.util.DeclarationUtilsKt::findSourceNonLocalFirDeclaration (40 bytes)
Event: 2072.205 Thread 0x00000241f5094a60 nmethod 83986 0x00000241dc905790 code [0x00000241dc905a80, 0x00000241dc906350]

GC Heap History (20 events):
Event: 2064.707 GC heap before
{Heap before GC invocations=147 (full 0):
 garbage-first heap   total 870400K, used 819172K [0x0000000700000000, 0x0000000800000000)
  region size 2048K, 219 young (448512K), 12 survivors (24576K)
 Metaspace       used 337759K, committed 342464K, reserved 1179648K
  class space    used 42802K, committed 45056K, reserved 851968K
}
Event: 2064.729 GC heap after
{Heap after GC invocations=148 (full 0):
 garbage-first heap   total 880640K, used 410449K [0x0000000700000000, 0x0000000800000000)
  region size 2048K, 22 young (45056K), 22 survivors (45056K)
 Metaspace       used 337759K, committed 342464K, reserved 1179648K
  class space    used 42802K, committed 45056K, reserved 851968K
}
Event: 2065.283 GC heap before
{Heap before GC invocations=148 (full 0):
 garbage-first heap   total 880640K, used 772945K [0x0000000700000000, 0x0000000800000000)
  region size 2048K, 201 young (411648K), 22 survivors (45056K)
 Metaspace       used 338936K, committed 343616K, reserved 1179648K
  class space    used 42936K, committed 45184K, reserved 851968K
}
Event: 2065.308 GC heap after
{Heap after GC invocations=149 (full 0):
 garbage-first heap   total 880640K, used 435910K [0x0000000700000000, 0x0000000800000000)
  region size 2048K, 26 young (53248K), 26 survivors (53248K)
 Metaspace       used 338936K, committed 343616K, reserved 1179648K
  class space    used 42936K, committed 45184K, reserved 851968K
}
Event: 2066.200 GC heap before
{Heap before GC invocations=150 (full 0):
 garbage-first heap   total 880640K, used 806598K [0x0000000700000000, 0x0000000800000000)
  region size 2048K, 205 young (419840K), 26 survivors (53248K)
 Metaspace       used 348084K, committed 352832K, reserved 1179648K
  class space    used 43874K, committed 46144K, reserved 851968K
}
Event: 2066.220 GC heap after
{Heap after GC invocations=151 (full 0):
 garbage-first heap   total 880640K, used 445766K [0x0000000700000000, 0x0000000800000000)
  region size 2048K, 11 young (22528K), 11 survivors (22528K)
 Metaspace       used 348084K, committed 352832K, reserved 1179648K
  class space    used 43874K, committed 46144K, reserved 851968K
}
Event: 2066.483 GC heap before
{Heap before GC invocations=151 (full 0):
 garbage-first heap   total 880640K, used 806214K [0x0000000700000000, 0x0000000800000000)
  region size 2048K, 187 young (382976K), 11 survivors (22528K)
 Metaspace       used 352071K, committed 356864K, reserved 1179648K
  class space    used 44412K, committed 46720K, reserved 851968K
}
Event: 2066.500 GC heap after
{Heap after GC invocations=152 (full 0):
 garbage-first heap   total 1013760K, used 445814K [0x0000000700000000, 0x0000000800000000)
  region size 2048K, 12 young (24576K), 12 survivors (24576K)
 Metaspace       used 352071K, committed 356864K, reserved 1179648K
  class space    used 44412K, committed 46720K, reserved 851968K
}
Event: 2066.729 GC heap before
{Heap before GC invocations=152 (full 0):
 garbage-first heap   total 1013760K, used 611702K [0x0000000700000000, 0x0000000800000000)
  region size 2048K, 95 young (194560K), 12 survivors (24576K)
 Metaspace       used 356888K, committed 361664K, reserved 1179648K
  class space    used 45123K, committed 47424K, reserved 851968K
}
Event: 2066.740 GC heap after
{Heap after GC invocations=153 (full 0):
 garbage-first heap   total 1013760K, used 448514K [0x0000000700000000, 0x0000000800000000)
  region size 2048K, 13 young (26624K), 13 survivors (26624K)
 Metaspace       used 356888K, committed 361664K, reserved 1179648K
  class space    used 45123K, committed 47424K, reserved 851968K
}
Event: 2067.439 GC heap before
{Heap before GC invocations=154 (full 0):
 garbage-first heap   total 1013760K, used 970754K [0x0000000700000000, 0x0000000800000000)
  region size 2048K, 257 young (526336K), 13 survivors (26624K)
 Metaspace       used 361993K, committed 366720K, reserved 1179648K
  class space    used 46106K, committed 48384K, reserved 851968K
}
Event: 2067.487 GC heap after
{Heap after GC invocations=155 (full 0):
 garbage-first heap   total 1093632K, used 550912K [0x0000000700000000, 0x0000000800000000)
  region size 2048K, 33 young (67584K), 33 survivors (67584K)
 Metaspace       used 361993K, committed 366720K, reserved 1179648K
  class space    used 46106K, committed 48384K, reserved 851968K
}
Event: 2068.157 GC heap before
{Heap before GC invocations=155 (full 0):
 garbage-first heap   total 1093632K, used 950272K [0x0000000700000000, 0x0000000800000000)
  region size 2048K, 226 young (462848K), 33 survivors (67584K)
 Metaspace       used 369604K, committed 374400K, reserved 1179648K
  class space    used 47241K, committed 49536K, reserved 851968K
}
Event: 2068.182 GC heap after
{Heap after GC invocations=156 (full 0):
 garbage-first heap   total 1093632K, used 557860K [0x0000000700000000, 0x0000000800000000)
  region size 2048K, 26 young (53248K), 26 survivors (53248K)
 Metaspace       used 369604K, committed 374400K, reserved 1179648K
  class space    used 47241K, committed 49536K, reserved 851968K
}
Event: 2068.253 GC heap before
{Heap before GC invocations=156 (full 0):
 garbage-first heap   total 1093632K, used 766756K [0x0000000700000000, 0x0000000800000000)
  region size 2048K, 130 young (266240K), 26 survivors (53248K)
 Metaspace       used 370486K, committed 375296K, reserved 1179648K
  class space    used 47392K, committed 49664K, reserved 851968K
}
Event: 2068.264 GC heap after
{Heap after GC invocations=157 (full 0):
 garbage-first heap   total 1093632K, used 549173K [0x0000000700000000, 0x0000000800000000)
  region size 2048K, 4 young (8192K), 4 survivors (8192K)
 Metaspace       used 370486K, committed 375296K, reserved 1179648K
  class space    used 47392K, committed 49664K, reserved 851968K
}
Event: 2070.342 GC heap before
{Heap before GC invocations=158 (full 0):
 garbage-first heap   total 1093632K, used 958773K [0x0000000700000000, 0x0000000800000000)
  region size 2048K, 209 young (428032K), 4 survivors (8192K)
 Metaspace       used 403614K, committed 408512K, reserved 1245184K
  class space    used 51439K, committed 53824K, reserved 851968K
}
Event: 2070.361 GC heap after
{Heap after GC invocations=159 (full 0):
 garbage-first heap   total 1093632K, used 580973K [0x0000000700000000, 0x0000000800000000)
  region size 2048K, 27 young (55296K), 27 survivors (55296K)
 Metaspace       used 403614K, committed 408512K, reserved 1245184K
  class space    used 51439K, committed 53824K, reserved 851968K
}
Event: 2071.352 GC heap before
{Heap before GC invocations=159 (full 0):
 garbage-first heap   total 1093632K, used 953709K [0x0000000700000000, 0x0000000800000000)
  region size 2048K, 210 young (430080K), 27 survivors (55296K)
 Metaspace       used 425197K, committed 430144K, reserved 1245184K
  class space    used 53999K, committed 56384K, reserved 851968K
}
Event: 2071.388 GC heap after
{Heap after GC invocations=160 (full 0):
 garbage-first heap   total 1112064K, used 655880K [0x0000000700000000, 0x0000000800000000)
  region size 2048K, 27 young (55296K), 27 survivors (55296K)
 Metaspace       used 425197K, committed 430144K, reserved 1245184K
  class space    used 53999K, committed 56384K, reserved 851968K
}

Dll operation events (3 events):
Event: 0.015 Loaded shared library D:\iti\Andriod studio\Files\jbr\bin\java.dll
Event: 0.019 Loaded shared library D:\iti\Andriod studio\Files\jbr\bin\zip.dll
Event: 0.377 Loaded shared library D:\iti\Andriod studio\Files\jbr\bin\verify.dll

Deoptimization events (20 events):
Event: 2071.840 Thread 0x00000241a549a290 DEOPT PACKING pc=0x00000241e2d633d4 sp=0x0000006129dfe380
Event: 2071.840 Thread 0x00000241a549a290 DEOPT UNPACKING pc=0x00000241e1074422 sp=0x0000006129dfe328 mode 2
Event: 2071.840 Thread 0x00000241a549a290 DEOPT PACKING pc=0x00000241e320dddc sp=0x0000006129dfeda0
Event: 2071.840 Thread 0x00000241a549a290 DEOPT UNPACKING pc=0x00000241e1074bc2 sp=0x0000006129dfe238 mode 0
Event: 2071.910 Thread 0x0000024189f04860 Uncommon trap: trap_request=0xffffff45 fr.pc=0x00000241e3469990 relative=0x0000000000002390
Event: 2071.910 Thread 0x0000024189f04860 Uncommon trap: reason=unstable_if action=reinterpret pc=0x00000241e3469990 method=com.google.common.collect.MapMakerInternalMap$Segment.getEntry(Ljava/lang/Object;I)Lcom/google/common/collect/MapMakerInternalMap$InternalEntry; @ 24 c2
Event: 2071.910 Thread 0x0000024189f04860 DEOPT PACKING pc=0x00000241e3469990 sp=0x00000061271fab80
Event: 2071.910 Thread 0x0000024189f04860 DEOPT UNPACKING pc=0x00000241e1074422 sp=0x00000061271faa00 mode 2
Event: 2071.945 Thread 0x000002418a1ea990 DEOPT PACKING pc=0x00000241dc56bc67 sp=0x00000061287feeb0
Event: 2071.945 Thread 0x000002418a1ea990 DEOPT UNPACKING pc=0x00000241e1074bc2 sp=0x00000061287fe390 mode 0
Event: 2072.076 Thread 0x00000241a5497b30 Uncommon trap: trap_request=0xffffff3d fr.pc=0x00000241e34d6ef8 relative=0x0000000000000338
Event: 2072.076 Thread 0x00000241a5497b30 Uncommon trap: reason=unstable_fused_if action=reinterpret pc=0x00000241e34d6ef8 method=java.lang.StringLatin1.canEncode(I)Z @ 1 c2
Event: 2072.076 Thread 0x00000241a5497b30 DEOPT PACKING pc=0x00000241e34d6ef8 sp=0x0000006129cf9640
Event: 2072.076 Thread 0x00000241a5497b30 DEOPT UNPACKING pc=0x00000241e1074422 sp=0x0000006129cf9500 mode 2
Event: 2072.076 Thread 0x0000024188d4aa30 Uncommon trap: trap_request=0xffffff3d fr.pc=0x00000241e24e74e8 relative=0x0000000000000048
Event: 2072.076 Thread 0x0000024188d4aa30 Uncommon trap: reason=unstable_fused_if action=reinterpret pc=0x00000241e24e74e8 method=java.lang.StringLatin1.canEncode(I)Z @ 1 c2
Event: 2072.076 Thread 0x0000024188d4aa30 DEOPT PACKING pc=0x00000241e24e74e8 sp=0x00000061292f98d0
Event: 2072.076 Thread 0x0000024188d4aa30 DEOPT UNPACKING pc=0x00000241e1074422 sp=0x00000061292f9870 mode 2
Event: 2072.186 Thread 0x0000024188d4aa30 DEOPT PACKING pc=0x00000241da69afa5 sp=0x00000061292f9a90
Event: 2072.186 Thread 0x0000024188d4aa30 DEOPT UNPACKING pc=0x00000241e1074bc2 sp=0x00000061292f8fa0 mode 0

Classes loaded (20 events):
Event: 2069.766 Loading class sun/awt/PostEventQueue
Event: 2069.766 Loading class sun/awt/PostEventQueue done
Event: 2070.762 Loading class java/util/regex/Pattern$LineEnding
Event: 2070.763 Loading class java/util/regex/Pattern$LineEnding done
Event: 2070.784 Loading class sun/awt/AppContext$PostShutdownEventRunnable
Event: 2070.784 Loading class sun/awt/AppContext$PostShutdownEventRunnable done
Event: 2070.786 Loading class sun/awt/AWTAutoShutdown$1
Event: 2070.786 Loading class sun/awt/AWTAutoShutdown$1 done
Event: 2070.786 Loading class java/awt/AWTEvent$1
Event: 2070.786 Loading class sun/awt/AWTAccessor$AWTEventAccessor
Event: 2070.786 Loading class sun/awt/AWTAccessor$AWTEventAccessor done
Event: 2070.786 Loading class java/awt/AWTEvent$1 done
Event: 2071.339 Loading class sun/misc/VM
Event: 2071.339 Loading class sun/misc/VM done
Event: 2071.341 Loading class jdk/internal/math/FloatToDecimal
Event: 2071.342 Loading class jdk/internal/math/FloatToDecimal done
Event: 2071.395 Loading class java/util/function/IntSupplier
Event: 2071.395 Loading class java/util/function/IntSupplier done
Event: 2071.671 Loading class java/util/AbstractList$RandomAccessSpliterator
Event: 2071.671 Loading class java/util/AbstractList$RandomAccessSpliterator done

Classes unloaded (20 events):
Event: 2059.225 Thread 0x00000241f034e550 Unloading class 0x0000000802a19800 'java/lang/invoke/LambdaForm$MH+0x0000000802a19800'
Event: 2059.225 Thread 0x00000241f034e550 Unloading class 0x0000000802a17c00 'java/lang/invoke/LambdaForm$MH+0x0000000802a17c00'
Event: 2059.225 Thread 0x00000241f034e550 Unloading class 0x0000000802a16800 'java/lang/invoke/LambdaForm$MH+0x0000000802a16800'
Event: 2059.225 Thread 0x00000241f034e550 Unloading class 0x0000000802a16400 'java/lang/invoke/LambdaForm$MH+0x0000000802a16400'
Event: 2059.225 Thread 0x00000241f034e550 Unloading class 0x0000000802a16000 'java/lang/invoke/LambdaForm$MH+0x0000000802a16000'
Event: 2059.225 Thread 0x00000241f034e550 Unloading class 0x0000000802a15c00 'java/lang/invoke/LambdaForm$MH+0x0000000802a15c00'
Event: 2059.225 Thread 0x00000241f034e550 Unloading class 0x0000000802a14c00 'java/lang/invoke/LambdaForm$MH+0x0000000802a14c00'
Event: 2059.225 Thread 0x00000241f034e550 Unloading class 0x0000000802a12400 'java/lang/invoke/LambdaForm$MH+0x0000000802a12400'
Event: 2059.225 Thread 0x00000241f034e550 Unloading class 0x0000000802a11c00 'java/lang/invoke/LambdaForm$MH+0x0000000802a11c00'
Event: 2059.225 Thread 0x00000241f034e550 Unloading class 0x0000000802a11400 'java/lang/invoke/LambdaForm$MH+0x0000000802a11400'
Event: 2059.225 Thread 0x00000241f034e550 Unloading class 0x0000000802a11000 'java/lang/invoke/LambdaForm$MH+0x0000000802a11000'
Event: 2059.225 Thread 0x00000241f034e550 Unloading class 0x0000000802a10400 'java/lang/invoke/LambdaForm$MH+0x0000000802a10400'
Event: 2059.225 Thread 0x00000241f034e550 Unloading class 0x0000000802a0ec00 'java/lang/invoke/LambdaForm$MH+0x0000000802a0ec00'
Event: 2059.225 Thread 0x00000241f034e550 Unloading class 0x0000000802a0e800 'java/lang/invoke/LambdaForm$MH+0x0000000802a0e800'
Event: 2066.938 Thread 0x00000241f034e550 Unloading class 0x0000000802c08400 'java/lang/invoke/LambdaForm$DMH+0x0000000802c08400'
Event: 2066.938 Thread 0x00000241f034e550 Unloading class 0x0000000802bac800 'jdk/internal/reflect/GeneratedSerializationConstructorAccessor773'
Event: 2066.938 Thread 0x00000241f034e550 Unloading class 0x0000000802b59800 'jdk/internal/reflect/GeneratedSerializationConstructorAccessor769'
Event: 2068.475 Thread 0x00000241f034e550 Unloading class 0x0000000802de4400 'java/lang/invoke/LambdaForm$DMH+0x0000000802de4400'
Event: 2068.475 Thread 0x00000241f034e550 Unloading class 0x0000000802dd8400 'java/lang/invoke/LambdaForm$DMH+0x0000000802dd8400'
Event: 2068.475 Thread 0x00000241f034e550 Unloading class 0x0000000802dac400 'java/lang/invoke/LambdaForm$DMH+0x0000000802dac400'

Classes redefined (0 events):
No events

Internal exceptions (20 events):
Event: 2072.180 Thread 0x0000024189f03b40 Exception <a 'sun/nio/fs/WindowsException'{0x000000072f9f94d8}> (0x000000072f9f94d8) 
thrown [s\src\hotspot\share\prims\jni.cpp, line 537]
Event: 2072.181 Thread 0x0000024189f03b40 Exception <a 'sun/nio/fs/WindowsException'{0x000000072f654ce0}> (0x000000072f654ce0) 
thrown [s\src\hotspot\share\prims\jni.cpp, line 537]
Event: 2072.181 Thread 0x0000024189f03b40 Exception <a 'sun/nio/fs/WindowsException'{0x000000072f65d020}> (0x000000072f65d020) 
thrown [s\src\hotspot\share\prims\jni.cpp, line 537]
Event: 2072.183 Thread 0x0000024189f03b40 Exception <a 'sun/nio/fs/WindowsException'{0x000000072f743ad8}> (0x000000072f743ad8) 
thrown [s\src\hotspot\share\prims\jni.cpp, line 537]
Event: 2072.183 Thread 0x0000024189f03b40 Exception <a 'sun/nio/fs/WindowsException'{0x000000072f744c48}> (0x000000072f744c48) 
thrown [s\src\hotspot\share\prims\jni.cpp, line 537]
Event: 2072.183 Thread 0x0000024189f04860 Exception <a 'sun/nio/fs/WindowsException'{0x000000072f753a20}> (0x000000072f753a20) 
thrown [s\src\hotspot\share\prims\jni.cpp, line 537]
Event: 2072.183 Thread 0x0000024189f03b40 Exception <a 'sun/nio/fs/WindowsException'{0x000000072f7473a8}> (0x000000072f7473a8) 
thrown [s\src\hotspot\share\prims\jni.cpp, line 537]
Event: 2072.183 Thread 0x0000024189f03b40 Exception <a 'sun/nio/fs/WindowsException'{0x000000072f7486e8}> (0x000000072f7486e8) 
thrown [s\src\hotspot\share\prims\jni.cpp, line 537]
Event: 2072.184 Thread 0x00000241a54ac950 Exception <a 'java/lang/IncompatibleClassChangeError'{0x00000007333d5250}: Found class java.lang.Object, but interface was expected> (0x00000007333d5250) 
thrown [s\src\hotspot\share\interpreter\linkResolver.cpp, line 851]
Event: 2072.184 Thread 0x0000024189f03b40 Exception <a 'sun/nio/fs/WindowsException'{0x000000072f7510e0}> (0x000000072f7510e0) 
thrown [s\src\hotspot\share\prims\jni.cpp, line 537]
Event: 2072.184 Thread 0x0000024189f03b40 Exception <a 'sun/nio/fs/WindowsException'{0x000000072f7685b8}> (0x000000072f7685b8) 
thrown [s\src\hotspot\share\prims\jni.cpp, line 537]
Event: 2072.186 Thread 0x0000024189f04860 Exception <a 'sun/nio/fs/WindowsException'{0x000000072f4093a0}> (0x000000072f4093a0) 
thrown [s\src\hotspot\share\prims\jni.cpp, line 537]
Event: 2072.187 Thread 0x0000024189f03b40 Exception <a 'sun/nio/fs/WindowsException'{0x000000072f773f20}> (0x000000072f773f20) 
thrown [s\src\hotspot\share\prims\jni.cpp, line 537]
Event: 2072.187 Thread 0x0000024189f03b40 Exception <a 'sun/nio/fs/WindowsException'{0x000000072f7740b8}> (0x000000072f7740b8) 
thrown [s\src\hotspot\share\prims\jni.cpp, line 537]
Event: 2072.187 Thread 0x0000024189f04860 Exception <a 'sun/nio/fs/WindowsException'{0x000000072f414870}> (0x000000072f414870) 
thrown [s\src\hotspot\share\prims\jni.cpp, line 537]
Event: 2072.190 Thread 0x0000024189f04860 Exception <a 'sun/nio/fs/WindowsException'{0x000000072f43b2e0}> (0x000000072f43b2e0) 
thrown [s\src\hotspot\share\prims\jni.cpp, line 537]
Event: 2072.193 Thread 0x0000024189f04860 Exception <a 'sun/nio/fs/WindowsException'{0x000000072f592790}> (0x000000072f592790) 
thrown [s\src\hotspot\share\prims\jni.cpp, line 537]
Event: 2072.194 Thread 0x0000024189f04860 Exception <a 'sun/nio/fs/WindowsException'{0x000000072f277b20}> (0x000000072f277b20) 
thrown [s\src\hotspot\share\prims\jni.cpp, line 537]
Event: 2072.196 Thread 0x0000024189f04860 Exception <a 'sun/nio/fs/WindowsException'{0x000000072f3f6268}> (0x000000072f3f6268) 
thrown [s\src\hotspot\share\prims\jni.cpp, line 537]
Event: 2072.197 Thread 0x0000024189f04860 Exception <a 'sun/nio/fs/WindowsException'{0x000000072f071d38}> (0x000000072f071d38) 
thrown [s\src\hotspot\share\prims\jni.cpp, line 537]

ZGC Phase Switch (0 events):
No events

VM Operations (20 events):
Event: 2071.394 Executing non-safepoint VM operation: HandshakeAllThreads (Deoptimize)
Event: 2071.394 Executing non-safepoint VM operation: HandshakeAllThreads (Deoptimize) done
Event: 2071.397 Executing non-safepoint VM operation: HandshakeAllThreads (Deoptimize)
Event: 2071.397 Executing non-safepoint VM operation: HandshakeAllThreads (Deoptimize) done
Event: 2071.427 Executing non-safepoint VM operation: HandshakeAllThreads (Deoptimize)
Event: 2071.430 Executing non-safepoint VM operation: HandshakeAllThreads (Deoptimize) done
Event: 2071.516 Executing safepoint VM operation: ICBufferFull
Event: 2071.521 Executing safepoint VM operation: ICBufferFull done
Event: 2071.521 Executing non-safepoint VM operation: HandshakeAllThreads (Deoptimize)
Event: 2071.521 Executing non-safepoint VM operation: HandshakeAllThreads (Deoptimize) done
Event: 2071.528 Executing non-safepoint VM operation: HandshakeAllThreads (Deoptimize)
Event: 2071.531 Executing non-safepoint VM operation: HandshakeAllThreads (Deoptimize) done
Event: 2071.583 Executing non-safepoint VM operation: HandshakeAllThreads (Deoptimize)
Event: 2071.599 Executing non-safepoint VM operation: HandshakeAllThreads (Deoptimize) done
Event: 2071.629 Executing safepoint VM operation: ICBufferFull
Event: 2071.629 Executing safepoint VM operation: ICBufferFull done
Event: 2071.840 Executing safepoint VM operation: ICBufferFull
Event: 2071.841 Executing safepoint VM operation: ICBufferFull done
Event: 2072.088 Executing safepoint VM operation: ICBufferFull
Event: 2072.089 Executing safepoint VM operation: ICBufferFull done

Memory protections (0 events):
No events

Nmethod flushes (20 events):
Event: 2068.502 Thread 0x00000241f034e550 flushing  nmethod 0x00000241de40da10
Event: 2068.502 Thread 0x00000241f034e550 flushing  nmethod 0x00000241de40ee10
Event: 2068.502 Thread 0x00000241f034e550 flushing  nmethod 0x00000241de40f890
Event: 2068.502 Thread 0x00000241f034e550 flushing  nmethod 0x00000241de412690
Event: 2068.502 Thread 0x00000241f034e550 flushing  nmethod 0x00000241de41a890
Event: 2068.502 Thread 0x00000241f034e550 flushing  nmethod 0x00000241de41ad90
Event: 2068.502 Thread 0x00000241f034e550 flushing  nmethod 0x00000241de41f610
Event: 2068.502 Thread 0x00000241f034e550 flushing  nmethod 0x00000241de424210
Event: 2068.502 Thread 0x00000241f034e550 flushing  nmethod 0x00000241de502a10
Event: 2068.502 Thread 0x00000241f034e550 flushing  nmethod 0x00000241de503390
Event: 2068.502 Thread 0x00000241f034e550 flushing  nmethod 0x00000241de506810
Event: 2068.502 Thread 0x00000241f034e550 flushing  nmethod 0x00000241de507090
Event: 2068.502 Thread 0x00000241f034e550 flushing  nmethod 0x00000241de593990
Event: 2068.502 Thread 0x00000241f034e550 flushing  nmethod 0x00000241de596910
Event: 2068.502 Thread 0x00000241f034e550 flushing  nmethod 0x00000241de596f10
Event: 2068.502 Thread 0x00000241f034e550 flushing  nmethod 0x00000241de599290
Event: 2068.502 Thread 0x00000241f034e550 flushing  nmethod 0x00000241de599d90
Event: 2068.502 Thread 0x00000241f034e550 flushing  nmethod 0x00000241de635710
Event: 2068.502 Thread 0x00000241f034e550 flushing  nmethod 0x00000241de635c90
Event: 2068.502 Thread 0x00000241f034e550 flushing  nmethod 0x00000241de637a10

Events (20 events):
Event: 2068.952 Thread 0x0000024188fa7240 Thread exited: 0x0000024188fa7240
Event: 2068.952 Thread 0x00000241887a60c0 Thread exited: 0x00000241887a60c0
Event: 2068.952 Thread 0x00000241887a8190 Thread exited: 0x00000241887a8190
Event: 2068.953 Thread 0x0000024189ee5c10 Thread exited: 0x0000024189ee5c10
Event: 2068.953 Thread 0x0000024189e8dda0 Thread exited: 0x0000024189e8dda0
Event: 2068.953 Thread 0x00000241887a4d10 Thread exited: 0x00000241887a4d10
Event: 2068.953 Thread 0x00000241f5265770 Thread exited: 0x00000241f5265770
Event: 2068.953 Thread 0x000002418a1eca60 Thread exited: 0x000002418a1eca60
Event: 2068.953 Thread 0x00000241887a4680 Thread exited: 0x00000241887a4680
Event: 2068.954 Thread 0x00000241887a7b00 Thread exited: 0x00000241887a7b00
Event: 2069.059 Thread 0x00000241a549a290 Thread added: 0x00000241a5e6c3f0
Event: 2069.078 Thread 0x00000241a549a290 Thread added: 0x00000241a5e6b6d0
Event: 2069.220 Thread 0x0000024188d4d190 Thread exited: 0x0000024188d4d190
Event: 2069.713 Loaded shared library D:\iti\Andriod studio\Files\jbr\bin\awt.dll
Event: 2069.748 Thread 0x000002418fdce0c0 Thread added: 0x000002418c0aac10
Event: 2069.749 Thread 0x000002418fdce0c0 Thread added: 0x000002418c0ac650
Event: 2069.749 Thread 0x000002418fdce0c0 Thread added: 0x000002418c0acce0
Event: 2070.786 Thread 0x000002418c0ac650 Thread exited: 0x000002418c0ac650
Event: 2071.227 Thread 0x000002418802aec0 Thread added: 0x0000024192b7ae60
Event: 2071.458 Thread 0x00000241a54ae390 Thread added: 0x000002418a1e95e0


Dynamic libraries:
0x00007ff7a5f30000 - 0x00007ff7a5f3a000 	D:\iti\Andriod studio\Files\jbr\bin\java.exe
0x00007ffdef080000 - 0x00007ffdef2e8000 	C:\WINDOWS\SYSTEM32\ntdll.dll
0x00007ffdece80000 - 0x00007ffdecf49000 	C:\WINDOWS\System32\KERNEL32.DLL
0x00007ffdebe40000 - 0x00007ffdec231000 	C:\WINDOWS\System32\KERNELBASE.dll
0x00007ffdecab0000 - 0x00007ffdecbfb000 	C:\WINDOWS\System32\ucrtbase.dll
0x00007ffde1270000 - 0x00007ffde128b000 	D:\iti\Andriod studio\Files\jbr\bin\VCRUNTIME140.dll
0x00007ffdd3e60000 - 0x00007ffdd3e78000 	D:\iti\Andriod studio\Files\jbr\bin\jli.dll
0x00007ffdee940000 - 0x00007ffdeeb06000 	C:\WINDOWS\System32\USER32.dll
0x00007ffdd1b40000 - 0x00007ffdd1dd3000 	C:\WINDOWS\WinSxS\amd64_microsoft.windows.common-controls_6595b64144ccf1df_6.0.26100.7653_none_3e0b88a0e3318624\COMCTL32.dll
0x00007ffdeba20000 - 0x00007ffdeba47000 	C:\WINDOWS\System32\win32u.dll
0x00007ffdee4a0000 - 0x00007ffdee549000 	C:\WINDOWS\System32\msvcrt.dll
0x00007ffded310000 - 0x00007ffded33b000 	C:\WINDOWS\System32\GDI32.dll
0x00007ffdebd10000 - 0x00007ffdebe3b000 	C:\WINDOWS\System32\gdi32full.dll
0x00007ffdecd70000 - 0x00007ffdece13000 	C:\WINDOWS\System32\msvcp_win.dll
0x00007ffdece40000 - 0x00007ffdece71000 	C:\WINDOWS\System32\IMM32.DLL
0x00007ffde6870000 - 0x00007ffde687c000 	D:\iti\Andriod studio\Files\jbr\bin\vcruntime140_1.dll
0x00007ffdae3d0000 - 0x00007ffdae45d000 	D:\iti\Andriod studio\Files\jbr\bin\msvcp140.dll
0x00007ffce9830000 - 0x00007ffcea4c6000 	D:\iti\Andriod studio\Files\jbr\bin\server\jvm.dll
0x00007ffdee3e0000 - 0x00007ffdee494000 	C:\WINDOWS\System32\ADVAPI32.dll
0x00007ffded910000 - 0x00007ffded9b6000 	C:\WINDOWS\System32\sechost.dll
0x00007ffdecf50000 - 0x00007ffded068000 	C:\WINDOWS\System32\RPCRT4.dll
0x00007ffdee8c0000 - 0x00007ffdee934000 	C:\WINDOWS\System32\WS2_32.dll
0x00007ffde2430000 - 0x00007ffde2465000 	C:\WINDOWS\SYSTEM32\WINMM.dll
0x00007ffdea560000 - 0x00007ffdea5be000 	C:\WINDOWS\SYSTEM32\POWRPROF.dll
0x00007ffdda7d0000 - 0x00007ffdda7db000 	C:\WINDOWS\SYSTEM32\VERSION.dll
0x00007ffdea540000 - 0x00007ffdea554000 	C:\WINDOWS\SYSTEM32\UMPDC.dll
0x00007ffdea830000 - 0x00007ffdea84b000 	C:\WINDOWS\SYSTEM32\kernel.appcore.dll
0x00007ffde24a0000 - 0x00007ffde24aa000 	D:\iti\Andriod studio\Files\jbr\bin\jimage.dll
0x00007ffde9960000 - 0x00007ffde9ba2000 	C:\WINDOWS\SYSTEM32\DBGHELP.DLL
0x00007ffded340000 - 0x00007ffded6c6000 	C:\WINDOWS\System32\combase.dll
0x00007ffded7b0000 - 0x00007ffded887000 	C:\WINDOWS\System32\OLEAUT32.dll
0x00007ffdd33e0000 - 0x00007ffdd341b000 	C:\WINDOWS\SYSTEM32\dbgcore.DLL
0x00007ffdebae0000 - 0x00007ffdebb85000 	C:\WINDOWS\System32\bcryptPrimitives.dll
0x00007ffde6950000 - 0x00007ffde695e000 	D:\iti\Andriod studio\Files\jbr\bin\instrument.dll
0x00007ffdd3ed0000 - 0x00007ffdd3ef0000 	D:\iti\Andriod studio\Files\jbr\bin\java.dll
0x00007ffdd3eb0000 - 0x00007ffdd3ec8000 	D:\iti\Andriod studio\Files\jbr\bin\zip.dll
0x00007ffdedc80000 - 0x00007ffdee3d1000 	C:\WINDOWS\System32\SHELL32.dll
0x00007ffdecc00000 - 0x00007ffdecd6a000 	C:\WINDOWS\System32\wintypes.dll
0x00007ffdec240000 - 0x00007ffdecaa4000 	C:\WINDOWS\System32\windows.storage.dll
0x00007ffded210000 - 0x00007ffded306000 	C:\WINDOWS\System32\SHCORE.dll
0x00007ffdee800000 - 0x00007ffdee867000 	C:\WINDOWS\System32\shlwapi.dll
0x00007ffdeb880000 - 0x00007ffdeb8a8000 	C:\WINDOWS\SYSTEM32\profapi.dll
0x00007ffddc660000 - 0x00007ffddc670000 	D:\iti\Andriod studio\Files\jbr\bin\net.dll
0x00007ffde4f50000 - 0x00007ffde5077000 	C:\WINDOWS\SYSTEM32\WINHTTP.dll
0x00007ffdeada0000 - 0x00007ffdeae0b000 	C:\WINDOWS\system32\mswsock.dll
0x00007ffdd3e90000 - 0x00007ffdd3ea6000 	D:\iti\Andriod studio\Files\jbr\bin\nio.dll
0x00007ffddc5f0000 - 0x00007ffddc600000 	D:\iti\Andriod studio\Files\jbr\bin\verify.dll
0x00007ffdbca50000 - 0x00007ffdbca77000 	C:\Users\Hazem\.gradle\native\660c5614fbf4a5f2a75b1949f50a0caf5cd603558e7d8a26e50b933a0cfb79d1\windows-amd64\native-platform.dll
0x00007ffdb0510000 - 0x00007ffdb0587000 	C:\Users\Hazem\.gradle\native\0.2.8\x86_64-windows-gnu\gradle-fileevents.dll
0x00007ffddb720000 - 0x00007ffddb729000 	D:\iti\Andriod studio\Files\jbr\bin\management.dll
0x00007ffdd4850000 - 0x00007ffdd485b000 	D:\iti\Andriod studio\Files\jbr\bin\management_ext.dll
0x00007ffdee580000 - 0x00007ffdee588000 	C:\WINDOWS\System32\PSAPI.DLL
0x00007ffdea220000 - 0x00007ffdea254000 	C:\WINDOWS\SYSTEM32\IPHLPAPI.DLL
0x00007ffdece30000 - 0x00007ffdece3a000 	C:\WINDOWS\System32\NSI.dll
0x00007ffddb940000 - 0x00007ffddb949000 	D:\iti\Andriod studio\Files\jbr\bin\extnet.dll
0x00007ffdeb060000 - 0x00007ffdeb07b000 	C:\WINDOWS\SYSTEM32\CRYPTSP.dll
0x00007ffdea790000 - 0x00007ffdea7c9000 	C:\WINDOWS\system32\rsaenh.dll
0x00007ffdeae50000 - 0x00007ffdeae7b000 	C:\WINDOWS\SYSTEM32\USERENV.dll
0x00007ffdeb850000 - 0x00007ffdeb87a000 	C:\WINDOWS\SYSTEM32\bcrypt.dll
0x00007ffdeb080000 - 0x00007ffdeb08c000 	C:\WINDOWS\SYSTEM32\CRYPTBASE.dll
0x00007ffdc47a0000 - 0x00007ffdc47a8000 	C:\WINDOWS\system32\wshunix.dll
0x00007ffdea260000 - 0x00007ffdea38c000 	C:\WINDOWS\SYSTEM32\DNSAPI.dll
0x00007ffde5170000 - 0x00007ffde517b000 	C:\Windows\System32\rasadhlp.dll
0x00007ffde51b0000 - 0x00007ffde5236000 	C:\WINDOWS\System32\fwpuclnt.dll
0x00007ffdd3e50000 - 0x00007ffdd3e57000 	D:\iti\Andriod studio\Files\jbr\bin\rmi.dll
0x00007ffdea950000 - 0x00007ffdea986000 	C:\WINDOWS\SYSTEM32\ntmarta.dll
0x00007ffd83690000 - 0x00007ffd83829000 	D:\iti\Andriod studio\Files\jbr\bin\awt.dll
0x00007ffde8e30000 - 0x00007ffde8e61000 	C:\WINDOWS\SYSTEM32\dwmapi.dll
0x00007ffdd1a00000 - 0x00007ffdd1a79000 	C:\WINDOWS\SYSTEM32\OLEACC.dll
0x00007ffdd3c20000 - 0x00007ffdd3c64000 	D:\iti\Andriod studio\Files\jbr\bin\nvdaControllerClient64.dll
0x00007ffde8a20000 - 0x00007ffde8abe000 	C:\WINDOWS\SYSTEM32\apphelp.dll
0x00007ffde8b80000 - 0x00007ffde8c2b000 	C:\WINDOWS\system32\uxtheme.dll
0x00007ffdee690000 - 0x00007ffdee7ef000 	C:\WINDOWS\System32\MSCTF.dll
0x00007ffded070000 - 0x00007ffded207000 	C:\WINDOWS\System32\ole32.dll

JVMTI agents:
C:\Users\Hazem\.gradle\wrapper\dists\gradle-9.4.1-bin\arn2x92ynaizyzdaamcbpbhtj\gradle-9.4.1\lib\agents\gradle-instrumentation-agent-9.4.1.jar path:D:\iti\Andriod studio\Files\jbr\bin\instrument.dll, loaded, initialized, instrumentlib options:none

dbghelp: loaded successfully - version: 4.0.5 - missing functions: none
symbol engine: initialized successfully - sym options: 0x614 - pdb path: .;D:\iti\Andriod studio\Files\jbr\bin;C:\WINDOWS\SYSTEM32;C:\WINDOWS\WinSxS\amd64_microsoft.windows.common-controls_6595b64144ccf1df_6.0.26100.7653_none_3e0b88a0e3318624;D:\iti\Andriod studio\Files\jbr\bin\server;C:\Users\Hazem\.gradle\native\660c5614fbf4a5f2a75b1949f50a0caf5cd603558e7d8a26e50b933a0cfb79d1\windows-amd64;C:\Users\Hazem\.gradle\native\0.2.8\x86_64-windows-gnu

VM Arguments:
jvm_args: --add-opens=java.base/java.lang=ALL-UNNAMED --add-opens=java.base/java.lang.invoke=ALL-UNNAMED --add-opens=java.base/java.util=ALL-UNNAMED --add-opens=java.prefs/java.util.prefs=ALL-UNNAMED --add-exports=jdk.compiler/com.sun.tools.javac.api=ALL-UNNAMED --add-exports=jdk.compiler/com.sun.tools.javac.util=ALL-UNNAMED --add-opens=java.base/java.util=ALL-UNNAMED --add-opens=java.prefs/java.util.prefs=ALL-UNNAMED --add-opens=java.base/java.nio.charset=ALL-UNNAMED --add-opens=java.base/java.net=ALL-UNNAMED --add-opens=java.base/java.util.concurrent=ALL-UNNAMED --add-opens=java.base/java.util.concurrent.atomic=ALL-UNNAMED --add-opens=java.xml/javax.xml.namespace=ALL-UNNAMED --add-opens=java.base/java.time=ALL-UNNAMED -XX:MaxMetaspaceSize=1024m -Xmx4096m -Dfile.encoding=UTF-8 -Duser.country=US -Duser.language=en -Duser.variant -javaagent:C:\Users\Hazem\.gradle\wrapper\dists\gradle-9.4.1-bin\arn2x92ynaizyzdaamcbpbhtj\gradle-9.4.1\lib\agents\gradle-instrumentation-agent-9.4.1.jar 
java_command: org.gradle.launcher.daemon.bootstrap.GradleDaemon 9.4.1
java_class_path (initial): C:\Users\Hazem\.gradle\wrapper\dists\gradle-9.4.1-bin\arn2x92ynaizyzdaamcbpbhtj\gradle-9.4.1\lib\gradle-daemon-main-9.4.1.jar
Launcher Type: SUN_STANDARD

[Global flags]
     intx CICompilerCount                          = 4                                         {product} {ergonomic}
   size_t CompressedClassSpaceSize                 = 872415232                                 {product} {ergonomic}
     uint ConcGCThreads                            = 3                                         {product} {ergonomic}
     uint G1ConcRefinementThreads                  = 10                                        {product} {ergonomic}
   size_t G1HeapRegionSize                         = 2097152                                   {product} {ergonomic}
    uintx GCDrainStackTargetSize                   = 64                                        {product} {ergonomic}
   size_t InitialHeapSize                          = 264241152                                 {product} {ergonomic}
   size_t MarkStackSize                            = 4194304                                   {product} {ergonomic}
   size_t MaxHeapSize                              = 4294967296                                {product} {command line}
   size_t MaxMetaspaceSize                         = 1073741824                                {product} {command line}
   size_t MaxNewSize                               = 2575302656                                {product} {ergonomic}
   size_t MinHeapDeltaBytes                        = 2097152                                   {product} {ergonomic}
   size_t MinHeapSize                              = 8388608                                   {product} {ergonomic}
    uintx NonNMethodCodeHeapSize                   = 5839372                                {pd product} {ergonomic}
    uintx NonProfiledCodeHeapSize                  = 122909434                              {pd product} {ergonomic}
    uintx ProfiledCodeHeapSize                     = 122909434                              {pd product} {ergonomic}
    uintx ReservedCodeCacheSize                    = 251658240                              {pd product} {ergonomic}
     bool SegmentedCodeCache                       = true                                      {product} {ergonomic}
   size_t SoftMaxHeapSize                          = 4294967296                             {manageable} {ergonomic}
     bool UseCompressedOops                        = true                           {product lp64_product} {ergonomic}
     bool UseG1GC                                  = true                                      {product} {ergonomic}
     bool UseLargePagesIndividualAllocation        = false                                  {pd product} {ergonomic}

Logging:
Log output configuration:
 #0: stdout all=warning uptime,level,tags foldmultilines=false
 #1: stderr all=off uptime,level,tags foldmultilines=false

Release file:
JAVA_VERSION="21.0.10" 
MODULES="java.base java.compiler java.datatransfer java.xml java.prefs java.desktop java.instrument java.logging java.management java.security.sasl java.naming java.rmi java.management.rmi java.net.http java.scripting java.security.jgss java.transaction.xa java.sql java.sql.rowset java.xml.crypto java.se java.smartcardio jdk.accessibility jdk.internal.jvmstat jdk.attach jdk.charsets jdk.internal.opt jdk.zipfs jdk.compiler jdk.crypto.ec jdk.crypto.cryptoki jdk.dynalink jdk.hotspot.agent jdk.httpserver jdk.internal.ed jdk.internal.le jdk.internal.vm.ci jdk.jartool jdk.javadoc jdk.jcmd jdk.jdeps jdk.jdwp.agent jdk.jdi jdk.jfr jdk.jlink jdk.jsobject jdk.localedata jdk.management jdk.management.agent jdk.management.jfr jdk.naming.dns jdk.naming.rmi jdk.net jdk.sctp jdk.security.auth jdk.security.jgss jdk.unsupported jdk.unsupported.desktop jdk.xml.dom" 
IMPLEMENTOR="JetBrains s.r.o." 
JAVA_RUNTIME_VERSION="21.0.10+-14961533-b1163.108" 
LIBC="default" 
OS_ARCH="x86_64" 
OS_NAME="Windows" 
SOURCE=".:git:1351622c2ff2" 

Environment Variables:
JAVA_HOME=D:\iti\Andriod studio\Files\jbr
PATH=D:\iti\Andriod studio\Files\jbr\bin;C:\Program Files\Java\jre1.8.0_461\bin;C:\Program Files (x86)\Common Files\Oracle\Java\java8path;C:\Windows\system32;C:\Windows;C:\Windows\System32\Wbem;C:\Windows\System32\WindowsPowerShell\v1.0\;C:\Windows\System32\OpenSSH\;C:\WINDOWS\system32;C:\WINDOWS;C:\WINDOWS\System32\Wbem;C:\WINDOWS\System32\WindowsPowerShell\v1.0\;C:\WINDOWS\System32\OpenSSH\;C:\Program Files\nodejs\;C:\Program Files\NVIDIA Corporation\NVIDIA App\NvDLISR;C:\Program Files (x86)\NVIDIA Corporation\PhysX\Common;C:\Program Files\Java\jdk-1.8\bin;C:\Program Files\Git\cmd;C:\Program Files\dotnet\;C:\Program Files\Java\jdk-20\bin;C:\Users\Hazem\AppData\Local\Microsoft\WindowsApps;C:\Users\Hazem\AppData\Local\Programs\Microsoft VS Code\bin;C:\flutter\src\flutter\bin;C:\dart\dart-sdk\bin;C:\Users\Hazem\AppData\Roaming\npm;D:\Antigravity\bin;C:\Users\Hazem\AppData\AndroidCLI
USERNAME=Hazem
OS=Windows_NT
PROCESSOR_IDENTIFIER=Intel64 Family 6 Model 154 Stepping 3, GenuineIntel
TMP=C:\Users\Hazem\AppData\Local\Temp
TEMP=C:\Users\Hazem\AppData\Local\Temp




Periodic native trim disabled

JNI global refs:
JNI global refs: 43, weak refs: 111

JNI global refs memory usage: 835, weak refs: 2729

Process memory usage:
Resident Set Size: 1901312K (11% of 16389492K total physical memory with 1003920K free physical memory)

OOME stack traces (most recent first):
Classloader memory used:
Loader org.gradle.internal.classloader.VisitableURLClassLoader                         : 132M
Loader java.net.URLClassLoader                                                         : 110M
Loader org.gradle.internal.classloader.VisitableURLClassLoader$InstrumentingVisitableURLClassLoader: 106M
Loader bootstrap                                                                       : 42948K
Loader org.gradle.initialization.MixInLegacyTypesClassLoader                           : 23035K
Loader org.gradle.internal.classloader.VisitableURLClassLoader                         : 11132K
Loader jdk.internal.loader.ClassLoaders$AppClassLoader                                 : 8241K
Loader jdk.internal.reflect.DelegatingClassLoader                                      : 2670K
Loader jdk.internal.loader.ClassLoaders$PlatformClassLoader                            : 934K
Loader jdk.internal.jrtfs.JrtFileSystemProvider$JrtFsLoader                            : 673K
Loader org.gradle.groovy.scripts.internal.DefaultScriptCompilationHandler$ScriptClassLoader: 375K
Loader sun.reflect.misc.MethodUtil                                                     : 2984B


[error occurred during error reporting (Classloader stats), id 0xe0000001, Out of Memory Error (s\src\hotspot\share\memory\arena.cpp:168)]
---------------  S Y S T E M  ---------------

OS:
 Windows 11 , 64 bit Build 26100 (10.0.26100.7653)
OS uptime: 0 days 10:12 hours
Hyper-V role detected

CPU: total 12 (initial active 12) (6 cores per cpu, 2 threads per core) family 6 model 154 stepping 3 microcode 0x41c, cx8, cmov, fxsr, ht, mmx, 3dnowpref, sse, sse2, sse3, ssse3, sse4.1, sse4.2, popcnt, lzcnt, tsc, tscinvbit, avx, avx2, aes, erms, clmul, bmi1, bmi2, adx, sha, fma, vzeroupper, clflush, clflushopt, clwb, hv, serialize, rdtscp, rdpid, fsrm, f16c, cet_ibt, cet_ss
Processor Information for processor 0
  Max Mhz: 2000, Current Mhz: 2000, Mhz Limit: 2000
Processor Information for processor 1
  Max Mhz: 2000, Current Mhz: 2000, Mhz Limit: 2000
Processor Information for processor 2
  Max Mhz: 2000, Current Mhz: 2000, Mhz Limit: 2000
Processor Information for processor 3
  Max Mhz: 2000, Current Mhz: 2000, Mhz Limit: 2000
Processor Information for processor 4
  Max Mhz: 2000, Current Mhz: 2000, Mhz Limit: 2000
Processor Information for processor 5
  Max Mhz: 2000, Current Mhz: 2000, Mhz Limit: 2000
Processor Information for processor 6
  Max Mhz: 2000, Current Mhz: 2000, Mhz Limit: 2000
Processor Information for processor 7
  Max Mhz: 2000, Current Mhz: 2000, Mhz Limit: 2000
Processor Information for processor 8
  Max Mhz: 2000, Current Mhz: 1500, Mhz Limit: 1500
Processor Information for processor 9
  Max Mhz: 2000, Current Mhz: 1500, Mhz Limit: 1500
Processor Information for processor 10
  Max Mhz: 2000, Current Mhz: 1500, Mhz Limit: 1500
Processor Information for processor 11
  Max Mhz: 2000, Current Mhz: 1500, Mhz Limit: 1500

Memory: 4k page, system-wide physical 16005M (968M free)
TotalPageFile size 26007M (AvailPageFile size 2M)
current process WorkingSet (physical memory assigned to process): 1867M, peak: 1867M
current process commit charge ("private bytes"): 2057M, peak: 2057M

vm_info: OpenJDK 64-Bit Server VM (21.0.10+-14961533-b1163.108) for windows-amd64 JRE (21.0.10+-14961533-b1163.108), built on 2026-03-02T19:58:50Z by "builder" with MS VC++ 16.10 / 16.11 (VS2019)

END.
